cell,cluster,T_cell_positive,T_cell_score,B_cell_positive,B_cell_score,myeloid_positive,myeloid_score,NK_or_cytotoxic_T_positive,NK_or_cytotoxic_T_score,platelet_positive,platelet_score,lineage_count,multi_lineage,assigned_lineage,cluster_qc,n_genes,total_counts,pct_mito
AAACATACAACCAC-1,0,True,2.5453982,False,0.7421849,False,0.40896833,False,0.7421849,False,0.0,1,False,T_cell,0,781,2421.0,3.0152829
AAACATTGAGCTAC-1,3,False,0.0,True,2.4240396,False,0.49068138,False,0.3705718,False,0.0,1,False,B_cell,3,1352,4903.0,3.7935958
AAACATTGATCAGC-1,0,True,2.7425606,False,0.66513854,False,0.4988539,False,0.47658134,False,0.0,1,False,T_cell,0,1131,3149.0,0.8891712
AAACCGTGCTTCCG-1,1,False,0.0,False,0.8383693,True,3.1103787,False,0.52212906,False,0.52212906,1,False,myeloid,1,960,2639.0,1.7430845
AAACCGTGTATGCG-1,2,False,0.0,False,0.0,False,0.0,True,2.7276993,False,0.0,1,False,NK_or_cytotoxic_T,2,522,981.0,1.2232417
AAACGCACTGGTAC-1,0,True,2.0269153,False,0.0,False,0.43172562,False,0.0,False,0.0,1,False,T_cell,0,782,2164.0,1.6635859
AAACGCTGACCAGT-1,2,False,1.1609684,False,0.5741187,False,0.430589,True,2.692502,False,0.0,1,False,NK_or_cytotoxic_T,2,783,2176.0,3.8143382
AAACGCTGGTTCTT-1,0,True,2.4729447,False,0.7624755,False,0.42274427,False,0.7624755,False,0.0,1,False,T_cell,0,790,2260.0,3.097345
AAACGCTGTAGCCA-1,2,True,2.1796417,True,1.6647427,False,0.0,True,1.4530945,False,0.0,3,True,T_cell,2,533,1276.0,1.1755486
AAACGCTGTTTCTG-1,4,False,0.0,False,0.76972723,True,1.6696353,False,0.0,False,0.0,1,False,myeloid,4,550,1103.0,2.9011786
AAACTTGAAAAACG-1,3,False,0.6341678,True,2.1596625,False,0.3170839,False,0.0,False,0.0,1,False,B_cell,3,1116,3918.0,2.6288922
AAACTTGATCCAGA-1,0,True,2.4227004,False,1.7329558,False,0.0,False,0.0,False,0.0,1,False,T_cell,0,751,2392.0,1.0869565
AAAGAGACGAGATA-1,0,True,2.5207968,False,0.0,True,0.96718913,False,0.0,False,0.0,2,True,T_cell,0,866,2412.0,1.0779436
AAAGAGACGCGAGA-1,1,False,0.7289662,False,0.88413835,True,3.9051652,False,0.48597747,False,0.0,1,False,myeloid,1,1059,3034.0,1.4172709
AAAGAGACGGACTT-1,2,False,1.135449,False,0.0,False,0.5677245,False,1.099405,False,0.0,0,False,T_cell,2,458,1152.0,2.34375
AAAGAGACGGCATT-1,0,False,0.0,True,1.7413328,False,0.65299976,False,0.0,False,0.0,1,False,B_cell,0,335,792.0,2.39899
AAAGATCTGGGCAA-1,1,False,1.0655367,False,0.71035784,True,4.231662,False,0.0,False,0.0,1,False,myeloid,1,552,1348.0,5.934718
AAAGCAGAAGCCAT-1,2,False,1.6461884,False,0.0,False,0.72633094,False,0.96844125,False,0.0,0,False,T_cell,2,567,1158.0,5.094991
AAAGCAGATATCGG-1,1,False,0.0,False,1.0729121,True,3.5750103,False,0.55984133,False,0.38578436,1,False,myeloid,1,1424,4586.0,1.3955517
AAAGCCTGTATGCG-1,0,True,2.371622,False,0.6860131,False,0.37126896,False,0.49502528,False,0.0,1,False,T_cell,0,1014,2929.0,1.7070674
AAAGGCCTGTCTAG-1,3,True,1.950553,True,2.9159608,False,0.27555633,True,0.90533245,False,0.0,3,True,B_cell,3,1446,4974.0,1.5279453
AAAGTTTGATCACG-1,3,False,0.0,True,2.7364812,False,0.5461315,False,0.0,False,0.0,1,False,B_cell,3,446,1270.0,3.464567
AAAGTTTGGGGTGA-1,3,False,0.0,True,2.8092115,False,0.48987234,False,0.65316314,False,0.0,1,False,B_cell,3,1020,3286.0,2.5867314
AAAGTTTGTAGAGA-1,0,False,1.1549993,False,0.0,True,1.1549993,False,0.0,False,0.0,1,False,T_cell,0,417,1102.0,1.5426497
AAAGTTTGTAGCGT-1,1,False,0.0,False,0.83330655,True,4.8916426,False,0.0,False,0.0,1,False,myeloid,1,878,2684.0,2.4962742
AAATCAACAATGCC-1,3,False,0.0,True,2.2643023,False,0.4175017,False,0.55666894,False,0.0,1,False,B_cell,3,789,2321.0,1.1632917
AAATCAACACCAGT-1,0,False,1.5510914,False,0.69655275,False,0.0,False,0.0,False,0.0,0,False,T_cell,0,510,1414.0,1.980198
AAATCAACCAGGAG-1,0,False,1.3634593,False,0.0,True,1.284198,False,0.0,False,0.0,1,False,T_cell,0,824,2801.0,2.2491968
AAATCAACCCTATT-1,4,True,1.0158842,False,0.33862805,True,1.2596753,False,0.5031034,True,0.6772561,3,True,myeloid,4,1545,5680.0,2.4295776
AAATCAACGGAAGC-1,0,False,1.367079,False,0.63694406,True,0.67783445,False,0.0,False,0.0,1,False,T_cell,0,996,3473.0,1.7564065
AAATCAACTCGCAA-1,0,True,2.2249715,False,0.0,False,0.52342564,False,0.0,False,0.0,1,False,T_cell,0,937,2812.0,1.8492177
AAATCATGACCACA-1,4,False,0.88278997,False,0.7041084,True,1.0847846,False,0.0,False,0.0,1,False,myeloid,4,1368,4128.0,4.5784883
AAATCCCTCCACAA-1,0,True,3.2834997,False,0.0,False,0.0,False,0.0,False,0.0,1,False,T_cell,0,428,956.0,1.9874477
AAATCCCTGCTATG-1,3,False,0.0,True,3.3711958,False,0.0,False,0.0,False,0.8591987,1,False,B_cell,3,406,822.0,1.703163
AAATGTTGAACGAA-1,1,False,0.0,False,0.8667927,True,3.632419,False,0.471725,False,0.0,1,False,myeloid,1,1020,3211.0,1.9308627
AAATGTTGCCACAA-1,0,True,2.2070749,False,0.96429795,True,0.94969505,False,0.6331301,False,0.0,2,True,T_cell,0,786,1761.0,0.62464505
AAATGTTGTGGCAT-1,1,False,0.0,False,0.82454866,True,4.317111,False,0.0,False,0.0,1,False,myeloid,1,1019,2763.0,1.9182049
AAATTCGAAGGTTC-1,0,True,1.8264781,False,0.8268799,True,1.1525915,False,0.0,False,0.0,2,True,T_cell,0,750,2741.0,2.225465
AAATTCGAATCACG-1,1,False,0.0,False,0.72458357,True,4.233044,False,0.5294455,False,0.0,1,False,myeloid,1,822,2567.0,1.986755
AAATTCGAGCTGAT-1,4,False,0.0,False,0.49144554,True,2.6606472,False,0.0,False,0.0,1,False,myeloid,4,982,2971.0,2.1878154
AAATTCGAGGAGTG-1,0,True,3.1252198,False,0.8015296,False,0.0,False,0.0,False,0.0,1,False,T_cell,0,876,2981.0,2.4823885
AAATTCGATTCTCA-1,2,False,1.2572057,False,0.92721957,False,0.39144698,True,2.9800758,False,0.0,1,False,NK_or_cytotoxic_T,2,930,2643.0,1.4377601
AAATTGACACGACT-1,2,True,2.569247,False,0.0,False,0.41420826,True,1.7368357,False,0.0,2,True,T_cell,2,838,2359.0,2.1195421
AAATTGACTCGCTC-1,0,True,2.4127936,False,0.76062655,False,0.0,False,0.45635659,False,0.0,1,False,T_cell,0,1014,3412.0,1.4947245
AACAAACTCATTTC-1,0,True,2.506785,False,0.7735646,False,0.7408729,False,0.0,False,0.0,1,False,T_cell,0,732,2179.0,1.422671
AACAAACTTTCGTT-1,0,False,0.77592963,False,0.0,True,0.77592963,False,0.0,False,0.0,1,False,T_cell,0,877,2688.0,1.7113096
AACAATACGACGAG-1,0,True,2.3519182,False,0.78397274,False,0.0,False,0.0,False,0.0,1,False,T_cell,0,782,2104.0,2.9942966
AACACGTGCAGAGG-1,0,True,3.1161718,False,0.8315444,False,0.47019595,False,0.0,False,0.0,1,False,T_cell,0,787,1801.0,0.8883953
AACACGTGGAAAGT-1,0,True,2.4692798,False,0.9286437,False,0.0,False,0.0,False,0.0,1,False,T_cell,0,791,2632.0,1.0258359
AACACGTGGAACCT-1,1,False,0.0,False,0.75983804,True,4.7741556,False,0.0,False,0.0,1,False,myeloid,1,880,2280.0,2.2368422
AACACGTGGCTACA-1,0,False,1.5811408,False,0.0,False,0.0,False,0.0,False,0.0,0,False,T_cell,0,801,2653.0,2.4123633
AACACGTGTACGAC-1,4,False,0.0,False,0.74710584,True,2.2391195,False,0.0,False,0.0,1,False,myeloid,4,1215,3571.0,2.7443295
AACAGCACAAGAGT-1,1,False,0.0,False,0.0,True,3.0468378,False,0.0,False,0.0,1,False,myeloid,1,343,689.0,2.467344
AACATTGATGGGAG-1,4,False,0.0,True,1.045284,True,3.0009408,False,0.0,False,0.0,2,True,myeloid,4,1460,4713.0,3.1614683
AACCAGTGATACCG-1,4,False,0.0,False,0.7253904,True,2.7226517,False,0.0,False,0.0,1,False,myeloid,4,1250,3841.0,2.785733
AACCCAGATCGCTC-1,0,False,1.4471855,False,0.8749885,False,0.41541424,False,0.0,False,0.0,0,False,T_cell,0,756,2343.0,1.1096884
AACCGATGCTCCCA-1,0,True,1.9764175,False,0.75800693,False,0.56850517,False,0.0,False,0.0,1,False,T_cell,0,836,2295.0,3.660131
AACCGATGGTCATG-1,3,False,0.0,True,3.3022141,False,0.0,False,0.5228298,False,0.0,1,False,B_cell,3,824,2633.0,2.088872
AACCGATGTTCTAC-1,1,False,0.0,False,0.75800693,True,4.6033,False,0.5596048,False,0.0,1,False,myeloid,1,827,2296.0,2.5696864
AACCGCCTAGCGTT-1,0,True,1.6525786,True,1.101719,False,0.0,False,0.0,False,0.0,2,True,T_cell,0,1238,3391.0,1.6514304
AACCGCCTCTACGA-1,1,False,0.0,True,1.2859718,True,2.6179512,False,0.0,True,1.1317421,3,True,myeloid,1,1243,3998.0,3.4767382
AACCTACTGTGAGG-1,1,False,0.0,False,0.5028291,True,4.2087317,False,0.5028291,False,0.0,1,False,myeloid,1,1652,5687.0,1.5825567
AACCTACTGTGTTG-1,0,False,1.0686568,True,1.5466582,False,0.0,False,0.0,False,0.0,1,False,B_cell,0,843,2675.0,2.6542056
AACCTTACGAGACG-1,0,False,1.2351679,False,0.0,False,0.0,False,0.0,False,0.0,0,False,T_cell,0,825,2771.0,2.5261638
AACCTTACGCGAGA-1,2,False,0.0,False,0.0,False,0.0,True,3.8202274,False,0.0,1,False,NK_or_cytotoxic_T,2,656,1248.0,4.727564
AACCTTACTAACGC-1,4,False,0.0,False,0.80744696,True,1.9739783,False,0.0,False,0.0,1,False,myeloid,4,776,1947.0,1.6949153
AACCTTTGGACGGA-1,0,True,2.3849058,False,0.0,False,0.0,False,0.5869257,False,0.0,1,False,T_cell,0,766,2078.0,1.2993263
AACCTTTGTACGCA-1,4,False,0.0,False,0.7561233,True,2.0997705,True,0.7682934,False,0.0,2,True,myeloid,4,1465,4621.0,1.9692708
AACGCAACAAGTAG-1,0,False,1.3751855,False,0.59067833,False,0.0,False,0.0,False,0.0,0,False,T_cell,0,790,2049.0,1.5129331
AACGCATGACCCAA-1,0,True,2.61229,False,0.0,False,0.3817804,False,0.0,False,0.0,1,False,T_cell,0,871,2778.0,2.1958244
AACGCATGCCTTCG-1,0,True,2.2581277,False,0.9017205,False,0.3754177,False,0.0,False,0.50055695,1,False,T_cell,0,803,2866.0,2.6866713
AACGCATGTACTTC-1,0,True,2.4809933,True,0.99270076,False,0.0,False,0.0,False,0.0,2,True,T_cell,0,965,2915.0,1.406518
AACGCCCTCGGGAA-1,0,True,1.6087983,False,0.85473704,False,0.5491285,False,0.0,False,0.0,1,False,T_cell,0,800,2503.0,2.1973631
AACGCCCTCGTACA-1,2,False,0.0,False,0.6093602,False,0.45702013,True,3.914625,False,0.0,1,False,NK_or_cytotoxic_T,2,876,1915.0,1.4099216
AACGCCCTGCTTAG-1,3,False,0.0,True,3.1999872,False,0.0,False,0.0,False,0.0,1,False,B_cell,3,420,1074.0,5.4003725
AACGCCCTGGCATT-1,0,False,1.0356299,False,0.6904199,False,0.0,False,0.6904199,False,0.0,0,False,T_cell,0,690,1442.0,2.773925
AACGTCGAGTATCG-1,2,False,0.0,False,0.0,True,0.8663137,True,2.8493433,False,0.0,2,True,NK_or_cytotoxic_T,2,988,2149.0,2.0009308
AACGTGTGAAAGCA-1,0,False,0.7571348,False,0.50475657,True,0.7571348,False,0.0,False,0.0,1,False,T_cell,0,906,2820.0,2.4468086
AACGTGTGGCGGAA-1,3,False,0.8815872,True,2.4021244,False,0.4407936,False,0.0,False,0.0,1,False,B_cell,3,741,2071.0,2.0762916
AACGTGTGTCCAAG-1,0,True,2.75563,False,0.0,True,0.9733839,False,0.0,False,0.0,2,True,T_cell,0,620,1665.0,2.4624624
AACGTGTGTGCTTT-1,0,True,2.429391,False,0.0,False,0.0,False,0.60688937,False,0.0,1,False,T_cell,0,867,1933.0,1.2415934
AACTACCTTAGAGA-1,0,True,2.2556367,False,0.9008536,False,0.0,False,0.0,False,0.0,1,False,T_cell,0,916,2876.0,1.4951321
AACTCACTCAAGCT-1,1,False,0.0,False,0.52555364,True,4.0478015,False,0.52555364,False,0.0,1,False,myeloid,1,969,2607.0,3.1453776
AACTCACTTGGAGG-1,1,False,0.0,False,0.0,True,4.4163194,False,0.0,False,0.0,1,False,myeloid,1,803,2124.0,1.5065913
AACTCGGAAAGTGA-1,2,False,0.930859,False,0.8246592,False,0.4654295,False,1.0413625,False,0.0,0,False,NK_or_cytotoxic_T,2,732,1840.0,3.6413045
AACTCGGAAGGTCT-1,1,False,0.0,False,0.9347746,True,3.8891344,False,0.0,False,0.0,1,False,myeloid,1,555,1290.0,2.4031007
AACTCTTGCAGGAG-1,0,False,0.87524074,False,0.7842597,False,0.43762037,False,0.5834938,False,0.0,0,False,T_cell,0,790,2103.0,0.9985735
AACTGTCTCCCTTG-1,1,False,0.0,True,1.1117072,True,4.4302635,False,0.7538673,False,0.0,2,True,myeloid,1,862,2331.0,2.1879022
AACTTGCTACGCTA-1,3,False,0.0,True,2.7551332,False,0.4161072,False,0.0,False,0.0,1,False,B_cell,3,900,2336.0,2.6541095
AACTTGCTGGGACA-1,0,True,2.6504345,False,0.9462508,False,0.0,False,0.616928,False,0.0,1,False,T_cell,0,674,1864.0,2.199571
AAGAACGAGTGTTG-1,0,True,2.9543033,False,0.8753847,False,0.0,False,0.0,False,0.0,1,False,T_cell,0,397,780.0,1.4102564
AAGAAGACGTAGGG-1,3,False,1.037148,True,3.0498686,False,0.77135694,False,0.0,False,0.0,1,False,B_cell,3,663,1440.0,2.0833335
AAGACAGAAGTCTG-1,3,False,0.0,True,3.2839122,False,0.0,True,1.5276079,False,0.0,2,True,B_cell,3,563,1125.0,1.8666666
AAGACAGAGGATCT-1,0,False,0.8358796,False,0.87884104,True,0.8358796,False,0.0,False,0.0,1,False,B_cell,0,786,2315.0,1.2526999
AAGACAGATTACCT-1,1,False,0.0,False,0.8795104,True,4.6533837,False,0.0,False,0.0,1,False,myeloid,1,859,2309.0,2.468601
AAGAGATGGGTAGG-1,3,False,0.0,True,2.5479357,False,0.5330958,False,0.0,False,0.0,1,False,B_cell,3,568,1346.0,2.0802376
AAGATGGAAAACAG-1,3,False,0.0,True,2.19213,False,0.0,False,0.8389504,False,0.0,1,False,B_cell,3,412,878.0,2.5056946
AAGATGGAGAACTC-1,1,False,0.0,False,0.66799164,True,4.176546,False,0.0,False,0.0,1,False,myeloid,1,1043,3117.0,1.7003529
AAGATGGAGATAAG-1,1,False,0.0,False,0.8661009,True,3.433151,True,1.0123975,False,0.0,2,True,myeloid,1,1206,4023.0,3.9274175
AAGATTACAACCTG-1,0,True,2.0454779,False,0.90646183,False,0.43615234,False,0.0,False,0.0,1,False,T_cell,0,702,2119.0,1.6989145
AAGATTACAGATCC-1,1,False,0.6212507,False,0.5932591,True,3.4235966,False,0.0,False,0.0,1,False,myeloid,1,1263,4065.0,1.4760147
AAGATTACCCGTTC-1,1,False,0.0,False,0.51017237,True,4.0719924,False,0.0,False,0.51017237,1,False,myeloid,1,929,2763.0,2.5696707
AAGATTACCGCCTT-1,5,False,0.0,False,0.48354635,True,3.4405696,False,0.0,False,0.48354635,1,False,myeloid,5,1079,3063.0,1.7629775
AAGATTACCTCAAG-1,2,False,0.8420769,False,0.75996923,False,0.0,True,3.9382098,False,0.0,1,False,NK_or_cytotoxic_T,2,938,2280.0,2.4561403
AAGATTACTCCTCG-1,1,False,0.0,False,0.0,True,2.827379,False,0.0,False,0.0,1,False,myeloid,1,316,642.0,2.647975
AAGCAAGAGCGAGA-1,0,True,2.573111,False,0.73502845,False,0.40412882,False,0.0,False,0.0,1,False,T_cell,0,900,2480.0,2.298387
AAGCAAGAGCTTAG-1,2,False,0.8625022,False,0.5750015,False,0.4312511,True,2.4275618,False,0.0,1,False,NK_or_cytotoxic_T,2,919,2171.0,2.2109628
AAGCAAGAGGTGTT-1,2,False,0.0,False,0.6456828,False,0.4842621,True,2.3451128,False,0.0,1,False,NK_or_cytotoxic_T,2,862,1698.0,1.7078916
AAGCACTGAGCAAA-1,3,False,0.70441794,True,3.4898167,False,0.35220897,False,0.0,False,0.0,1,False,B_cell,3,903,3239.0,2.716888
AAGCACTGCATACG-1,0,False,1.6272489,False,0.0,False,0.0,False,1.382452,False,0.0,0,False,T_cell,0,390,803.0,0.124533
AAGCACTGGTTCTT-1,3,False,0.72351205,True,2.800838,True,0.68399656,False,0.0,False,0.0,2,True,B_cell,3,1717,6157.0,2.355043
AAGCCAACGTGTTG-1,0,True,2.6058345,False,0.5099833,True,0.9096128,False,0.0,False,0.0,2,True,T_cell,0,819,2764.0,1.447178
AAGCCATGAACTGC-1,5,False,0.0,False,0.6963874,True,1.4397427,False,0.0,False,0.0,1,False,myeloid,5,1877,7070.0,1.4002829
AAGCCATGACACGT-1,1,False,0.0,False,0.880383,True,3.3720124,False,0.0,False,0.0,1,False,myeloid,1,660,1538.0,1.4954486
AAGCCATGCGTGAT-1,0,True,2.5359108,False,0.90749323,False,0.0,False,0.0,False,0.0,1,False,T_cell,0,791,2111.0,1.089531
AAGCCATGTCTCGC-1,2,False,0.0,False,0.0,False,0.62150186,False,1.175842,False,0.0,0,False,NK_or_cytotoxic_T,2,478,909.0,3.5203521
AAGCCTGACATGCA-1,0,True,2.688606,False,0.6285034,True,0.94275504,False,0.6285034,False,0.6285034,2,True,T_cell,0,769,1790.0,1.7877095
AAGCCTGACCGAAT-1,1,False,0.0,False,1.1298578,True,3.490222,False,0.0,False,0.0,1,False,myeloid,1,481,1048.0,2.0038166
AAGCGACTCCTCAC-1,4,False,0.0,False,0.7842597,True,1.978968,False,0.5834938,False,0.0,1,False,myeloid,4,819,2103.0,1.7118402
AAGCGACTGTGTCA-1,0,True,1.7167222,False,0.6666071,False,0.0,False,0.0,False,0.0,1,False,T_cell,0,866,3131.0,1.596934
AAGCGACTTACAGC-1,3,False,0.0,True,3.1768057,False,0.0,False,0.0,False,0.0,1,False,B_cell,3,600,1494.0,1.8072288
AAGCGACTTTGACG-1,4,False,0.0,False,0.82565635,True,2.925819,False,0.0,False,0.0,1,False,myeloid,4,1185,3668.0,1.5267175
AAGCGTACGTCTTT-1,0,False,1.5114387,False,0.0,False,0.0,False,0.5909487,False,0.0,0,False,T_cell,0,650,2048.0,3.90625
AAGGCTTGCGAACT-1,2,True,2.49195,False,0.0,False,0.44029403,False,1.408798,False,0.0,1,False,T_cell,2,775,2076.0,0.9152216
AAGGTCACGGTTAC-1,1,False,0.0,True,1.2320505,True,3.7880993,False,0.61602527,False,0.0,2,True,myeloid,1,699,1870.0,2.459893
AAGGTCACTGTTTC-1,3,False,0.0,True,2.5917764,False,0.47328392,False,0.0,False,0.0,1,False,B_cell,3,642,1775.0,1.8591549
AAGGTCACTTCCCG-1,2,True,2.5583937,False,0.0,False,0.41182172,True,2.4339151,False,0.0,2,True,T_cell,2,857,2387.0,2.471722
AAGGTCTGACAGTC-1,0,True,1.8745205,False,0.7222919,False,0.3955414,False,0.0,False,0.0,1,False,T_cell,0,832,2589.0,3.9011202
AAGGTCTGCAGATC-1,0,True,3.0765066,False,0.0,False,0.6071119,False,0.0,False,0.0,1,False,T_cell,0,388,968.0,0.82644624
AAGGTCTGGTATGC-1,1,False,0.0,False,1.1221104,True,3.539307,False,0.0,False,0.0,1,False,myeloid,1,351,715.0,5.034965
AAGTAACTCTGAAC-1,1,False,0.0,False,0.61542535,True,4.4541526,False,0.0,False,0.0,1,False,myeloid,1,710,1874.0,2.1878335
AAGTAACTGAGATA-1,3,False,0.0,True,3.9358134,False,0.0,False,0.0,False,0.0,1,False,B_cell,3,341,659.0,0.60698026
AAGTAGGATACAGC-1,2,False,0.95874286,False,0.63916194,False,0.47937143,True,4.076851,False,0.0,1,False,NK_or_cytotoxic_T,2,894,1725.0,1.8550724
AAGTATACCGAACT-1,0,False,1.162561,False,0.46837014,False,0.3512776,False,0.0,False,0.0,0,False,T_cell,0,935,3253.0,1.8444512
AAGTCCGACTTGTT-1,0,True,2.5268493,False,0.0,False,0.50591576,False,0.0,False,0.0,1,False,T_cell,0,604,1523.0,2.4294157
AAGTCCGATAGAAG-1,0,True,2.2462256,False,0.8518009,False,0.34463617,False,0.0,False,0.0,1,False,T_cell,0,1008,3369.0,1.8403087
AAGTCTCTAGTCGT-1,0,True,1.6785921,False,0.7721879,True,0.69897836,False,0.0,False,0.0,2,True,T_cell,0,985,3287.0,2.3729844
AAGTCTCTCGGAGA-1,2,True,2.3573096,False,0.0,False,0.46565917,False,1.5126247,False,0.0,1,False,T_cell,2,679,1838.0,3.04679
AAGTGGCTTGGAGG-1,3,False,0.0,True,2.6653614,False,0.7499805,False,0.0,False,0.0,1,False,B_cell,3,603,1572.0,2.0356233
AAGTTCCTCATTCT-1,4,False,0.0,False,0.96600235,True,3.300084,False,0.0,False,0.0,1,False,myeloid,4,864,2336.0,1.969178
AAGTTCCTTCTTAC-1,0,True,1.9639536,False,0.86145586,False,0.4909884,False,0.0,False,0.0,1,False,T_cell,0,1031,3265.0,2.9402757
AATAAGCTCGAATC-1,0,True,2.425402,False,0.82476985,False,0.0,False,0.0,False,0.0,1,False,T_cell,0,887,2760.0,2.3550725
AATAAGCTCGTTGA-1,0,False,1.4903916,False,0.6596165,False,0.0,False,0.0,False,0.0,0,False,T_cell,0,603,1606.0,1.3075966
AATACCCTGGACGA-1,3,False,0.0,True,2.0662348,True,1.018441,False,0.0,False,0.0,2,True,B_cell,3,610,1501.0,2.1985343
AATACCCTGGCATT-1,0,True,1.8504881,False,0.4639315,False,0.3479486,False,0.0,False,0.0,1,False,T_cell,0,1119,3310.0,1.570997
AATACTGAAAGGGC-1,2,False,0.0,False,0.0,False,0.0,True,2.9386551,False,0.0,1,False,NK_or_cytotoxic_T,2,669,1747.0,1.0303377
AATACTGAATTGGC-1,2,False,0.0,False,0.62442815,False,0.0,True,3.8466277,False,0.0,1,False,NK_or_cytotoxic_T,2,794,1816.0,1.9273129
AATAGGGAACCCTC-1,3,False,0.0,True,2.6622708,False,0.0,False,0.0,False,0.0,1,False,B_cell,3,963,2877.0,1.5641292
AATAGGGAGAATGA-1,2,True,2.157866,False,0.6173806,False,0.0,True,2.3297207,False,0.0,2,True,NK_or_cytotoxic_T,2,756,1864.0,3.5944204
AATCAAACTATCGG-1,2,False,0.0,False,0.0,False,0.0,False,1.0240808,False,0.0,0,False,NK_or_cytotoxic_T,2,637,1457.0,2.2649279
AATCCGGAATGCTG-1,3,False,0.0,True,4.1585207,False,0.37967765,False,0.0,False,0.0,1,False,B_cell,3,1032,2805.0,1.4973263
AATCCTACCGGTAT-1,0,False,1.1094235,False,0.7396157,False,0.40722975,False,0.0,False,0.0,0,False,T_cell,0,776,2440.0,2.5409837
AATCCTTGACGGGA-1,1,False,0.0,False,0.53298694,True,3.2341528,False,0.0,False,0.53298694,1,False,myeloid,1,860,2533.0,2.3687327
AATCCTTGGTGAGG-1,2,False,0.0,False,0.0,True,1.4270849,True,3.3550754,False,0.0,2,True,NK_or_cytotoxic_T,2,825,1754.0,1.2542759
AATCGGTGGAACTC-1,2,True,2.3032575,False,0.80651236,False,0.45290393,True,2.982504,False,0.0,2,True,NK_or_cytotoxic_T,2,852,1955.0,2.1483376
AATCGGTGTGCTTT-1,0,True,2.1424325,False,0.8158406,False,0.0,False,0.0,False,0.0,1,False,T_cell,0,745,1896.0,1.9514767
AATCTAGAAAAGTG-1,0,True,2.5355523,False,0.8451841,True,0.7920054,False,0.52800363,False,0.0,2,True,T_cell,0,858,2582.0,1.975213
AATCTAGAATCGGT-1,0,True,2.4808202,False,0.6634056,False,0.0,False,0.0,False,0.0,1,False,T_cell,0,925,3168.0,2.209596
AATCTCACAGCCTA-1,1,False,0.94573045,False,0.83539546,True,4.1280146,False,0.44627187,False,0.0,1,False,myeloid,1,1228,3553.0,2.1390374
AATCTCACTCTAGG-1,0,True,2.0333207,False,0.77787685,False,0.4332527,False,0.0,False,0.0,1,False,T_cell,0,806,2149.0,0.8375989
AATCTCTGAACAGA-1,0,False,1.3453691,False,0.57311386,False,0.0,False,0.0,False,0.0,0,False,T_cell,0,715,2183.0,1.6032983
AATCTCTGCTTTAC-1,2,False,0.9622247,False,0.8472729,False,0.0,True,3.1967406,False,0.0,1,False,NK_or_cytotoxic_T,2,668,1710.0,1.8128656
AATGATACACCAAC-1,2,True,2.131396,False,0.6089223,False,0.0,False,1.5352619,False,0.0,1,False,T_cell,2,779,1918.0,0.729927
AATGATACGGTCAT-1,1,False,0.0,False,0.7901578,True,4.6524224,True,2.3969727,False,0.0,2,True,myeloid,1,1197,3095.0,2.003231
AATGCGTGACACCA-1,3,False,0.7508354,True,2.0501828,False,0.51918346,False,0.0,False,0.0,1,False,B_cell,3,888,2866.0,1.6050243
AATGCGTGGACGGA-1,5,False,0.0,True,1.0769107,True,2.6349235,False,0.0,False,0.0,2,True,myeloid,5,1273,4439.0,2.1175942
AATGCGTGGCTATG-1,3,False,0.0,True,2.8252115,True,1.0014899,False,0.0,False,0.0,2,True,B_cell,3,873,2225.0,2.0674157
AATGGAGAATCGTG-1,1,False,0.0,False,0.95985866,True,4.85464,False,0.0,False,0.0,1,False,myeloid,1,847,2381.0,3.2759347
AATGGAGATCCTTA-1,2,True,2.300988,False,0.603159,False,0.0,True,1.206318,False,0.0,2,True,T_cell,2,781,1959.0,2.5523226
AATGGCTGACACCA-1,3,False,0.0,True,3.158984,True,1.0270278,False,0.0,False,0.0,2,True,B_cell,3,959,3038.0,2.3699803
AATGGCTGCGTGAT-1,0,True,1.7096335,False,0.56987786,False,0.0,False,0.0,False,0.0,1,False,T_cell,0,805,2211.0,1.9900497
AATGGCTGTAAAGG-1,0,False,0.0,False,0.7240088,False,0.5430066,False,0.7240088,False,0.0,0,False,B_cell,0,554,1286.0,4.821151
AATGGCTGTACTCT-1,2,True,2.9880695,False,0.0,False,0.0,False,0.74280024,False,0.0,1,False,T_cell,2,604,1208.0,4.9668875
AATGGCTGTGAAGA-1,0,True,2.52208,False,0.9028079,True,0.86746526,False,0.0,False,0.0,2,True,T_cell,0,785,2145.0,2.6573427
AATGTAACGGTGGA-1,0,False,1.1918867,False,0.6744594,False,0.3636002,False,0.0,False,0.0,0,False,T_cell,0,978,3047.0,0.5579258
AATGTAACGTTTGG-1,2,True,2.2874265,False,0.0,False,0.5718566,False,0.7624755,False,0.0,1,False,T_cell,2,537,1130.0,5.221239
AATGTCCTCTTCTA-1,0,True,2.6269364,False,0.6496961,False,0.48727208,False,0.0,False,0.0,1,False,T_cell,0,910,3322.0,1.655629
AATGTTGACAGTCA-1,0,False,1.0584049,False,0.51245403,False,0.0,False,0.0,False,0.0,0,False,T_cell,0,936,2739.0,1.9715226
AATGTTGAGTTGAC-1,1,False,0.0,False,0.6794442,True,5.306986,False,0.6794442,False,0.0,1,False,myeloid,1,997,2996.0,1.5020027
AATGTTGATCTACT-1,0,False,0.77828383,False,0.0,False,0.38914192,False,0.5188559,False,0.0,0,False,T_cell,0,961,2673.0,1.7209127
AATTACGAATTCCT-1,5,False,0.5842705,False,0.38951367,True,3.6061983,False,0.38951367,False,0.0,1,False,myeloid,5,1314,4511.0,1.884283
AATTACGACTTCTA-1,0,True,1.8807161,False,0.7244686,False,0.39700663,False,0.0,False,0.0,1,False,T_cell,0,799,2569.0,1.1677696
AATTACGAGTAGCT-1,2,False,1.4839283,False,0.7086189,False,0.3863601,True,1.7577701,False,0.0,1,False,NK_or_cytotoxic_T,2,997,2712.0,5.457227
AATTACGAGTGAGG-1,0,True,2.0468478,False,0.7559292,False,0.33934528,False,0.45246038,False,0.0,1,False,T_cell,0,1112,3467.0,0.9229882
AATTACGATTGGCA-1,3,False,0.0,True,3.0106244,False,0.47850707,False,0.0,False,0.0,1,False,B_cell,3,677,1731.0,3.581745
AATTCCTGCTCAGA-1,3,False,0.0,True,3.184834,False,0.71805096,False,0.626928,False,0.0,1,False,B_cell,3,775,1800.0,2.388889
AATTGATGTCGCAA-1,4,False,0.0,False,0.5993457,True,2.2557535,False,0.0,False,0.41938204,1,False,myeloid,4,1298,3973.0,3.0958972
AATTGTGACTTGGA-1,3,False,0.0,True,2.1309524,False,0.0,False,0.0,False,0.0,1,False,B_cell,3,657,1973.0,1.7232642
ACAAAGGAGGGTGA-1,0,False,1.1951017,False,0.5949037,False,0.44617778,False,0.0,False,0.0,0,False,T_cell,0,626,2019.0,2.4764736
ACAAATTGATTCTC-1,4,False,0.61811334,False,0.8604003,True,2.2631862,False,0.0,False,0.0,1,False,myeloid,4,1313,4094.0,2.6380067
ACAAATTGCTCAGA-1,1,False,0.0,False,1.0298071,True,5.173279,False,0.0,False,1.0298071,1,False,myeloid,1,467,955.0,2.827225
ACAAATTGTTGCGA-1,2,False,0.8337804,False,0.0,False,0.4168902,True,3.826795,False,0.0,1,False,NK_or_cytotoxic_T,2,936,2326.0,2.622528
ACAACCGAGGGATG-1,2,False,1.1197834,False,0.5492085,False,0.4119064,True,3.321467,False,0.5492085,1,False,NK_or_cytotoxic_T,2,977,2384.0,1.761745
ACAACCGAGTTACG-1,0,True,2.5385294,False,0.78397274,True,0.8748478,False,0.0,False,0.0,2,True,T_cell,0,780,2106.0,1.8043684
ACAAGAGAAGTCGT-1,1,False,0.6138145,False,0.58745813,True,4.1165676,False,0.58745813,False,0.0,1,False,myeloid,1,1311,4145.0,3.1845596
ACAAGAGACTTATC-1,0,False,1.2237608,False,0.8158406,False,0.0,False,0.0,False,0.0,0,False,T_cell,0,432,948.0,4.43038
ACAAGAGAGTTGAC-1,3,False,0.0,True,3.133558,False,0.49230996,False,0.0,False,0.0,1,False,B_cell,3,579,1624.0,4.4334974
ACAATCCTAACCGT-1,0,True,2.1533895,False,0.55701923,True,0.83552885,False,0.0,False,0.0,2,True,T_cell,0,850,2317.0,1.4674147
ACAATCCTTAGCGT-1,3,False,0.0,True,3.1214933,False,0.46485665,False,0.0,False,0.0,1,False,B_cell,3,736,1847.0,3.4650784
ACAATTGACTGACA-1,2,True,2.3269281,False,0.0,False,0.58173203,True,3.0872893,False,0.0,2,True,NK_or_cytotoxic_T,2,800,2165.0,2.1709006
ACAATTGATGACTG-1,2,False,1.4181151,False,0.0,True,1.0770483,True,4.1525,False,0.0,2,True,NK_or_cytotoxic_T,2,892,1871.0,1.8706573
ACACAGACACCTGA-1,1,False,0.0,False,0.0,True,4.617491,False,0.0,False,0.0,1,False,myeloid,1,299,551.0,6.170599
ACACAGACCATACG-1,2,True,1.7830627,False,0.0,False,0.44576567,False,1.3931229,False,0.0,1,False,T_cell,2,860,2024.0,2.22332
ACACCAGAGGGCAA-1,0,True,2.2030635,False,0.631845,False,0.0,False,1.1256411,False,0.0,1,False,T_cell,0,720,1769.0,1.3001696
ACACCCTGGTGTTG-1,2,False,0.9387467,False,0.0,False,0.0,True,4.049267,False,0.0,1,False,NK_or_cytotoxic_T,2,822,1808.0,1.3827434
ACACGAACAGTTCG-1,0,True,2.5268493,False,0.67455435,False,0.50591576,False,0.0,False,0.0,1,False,T_cell,0,681,1524.0,1.5748031
ACACGATGACGCAT-1,2,True,2.746267,False,0.0,False,0.59309536,True,1.1789312,False,0.0,2,True,T_cell,2,954,2060.0,2.7669902
ACACGATGATGTGC-1,1,False,0.8358796,False,0.7554123,True,4.1958094,False,0.0,False,0.0,1,False,myeloid,1,889,2314.0,3.457217
ACACGATGTCGTAG-1,2,True,1.8684044,False,0.895833,False,0.0,True,1.7062829,False,0.0,2,True,T_cell,2,1265,3652.0,1.916758
ACACGATGTGGTCA-1,2,True,1.9704759,False,0.5577215,False,0.4182911,True,2.718062,False,0.0,2,True,NK_or_cytotoxic_T,2,919,2311.0,1.6875811
ACAGACACGGCATT-1,0,False,1.3553026,False,0.0,False,0.4342139,True,1.6437759,False,0.0,1,False,NK_or_cytotoxic_T,0,799,2139.0,3.132305
ACAGACACGTTGTG-1,0,False,1.2032883,False,1.0178719,False,0.44993007,False,0.0,False,0.0,0,False,T_cell,0,833,1984.0,1.0080645
ACAGCAACACCTAG-1,1,False,0.0,False,0.0,True,3.1745682,False,0.0,False,0.0,1,False,myeloid,1,496,1046.0,1.8164436
ACAGCAACCTCAAG-1,4,False,0.5903767,False,0.7684374,False,0.6692424,False,0.39358446,False,0.0,0,False,B_cell,4,1476,4435.0,2.0293121
ACAGGTACCCCACT-1,0,True,2.0127609,False,0.51350784,True,1.0063804,False,0.0,False,0.0,2,True,T_cell,0,848,2729.0,1.0260168
ACAGGTACGCTGTA-1,2,True,2.4896955,False,0.0,True,0.85296774,False,0.89183325,False,0.0,2,True,T_cell,2,869,2220.0,3.1531532
ACAGGTACTGGTGT-1,2,False,0.0,False,0.6137831,True,0.9206747,True,3.610329,False,0.0,2,True,NK_or_cytotoxic_T,2,1059,1886.0,1.2725345
ACAGTCGACCCAAA-1,0,True,2.7137947,False,0.0,False,0.5976635,False,0.0,False,0.0,1,False,T_cell,0,490,1010.0,2.2772276
ACAGTCGACCGATA-1,2,True,2.065761,False,0.7891822,False,0.0,True,2.0418034,False,0.0,2,True,T_cell,2,897,2070.0,1.0144928
ACAGTGACTCACCC-1,0,False,1.3500917,False,0.90006113,False,0.0,False,0.0,False,0.0,0,False,T_cell,0,832,2162.0,1.1563367
ACAGTGACTCTATC-1,2,False,0.8695864,False,0.0,False,0.4347932,True,1.4841343,False,0.0,1,False,NK_or_cytotoxic_T,2,864,2131.0,4.1295166
ACAGTGTGGTCACA-1,0,False,1.2161139,False,0.8107426,False,0.60805696,False,0.0,False,0.0,0,False,T_cell,0,419,964.0,2.2821577
ACAGTGTGTTGCGA-1,1,False,0.0,False,0.0,True,5.5567613,False,0.5621004,False,0.0,1,False,myeloid,1,856,2274.0,2.2427442
ACATCACTCTACTT-1,1,False,0.0,False,0.0,True,4.7429237,False,0.0,False,0.0,1,False,myeloid,1,907,2503.0,1.9176987
ACATGGTGAAGCCT-1,0,True,2.454067,False,0.89948624,False,0.58152354,False,0.5753809,False,0.0,1,False,T_cell,0,791,2165.0,1.2009238
ACATGGTGCAACCA-1,3,False,0.0,True,2.633366,False,0.4332527,False,0.0,False,0.0,1,False,B_cell,3,756,2147.0,2.7480206
ACATGGTGCGAGTT-1,0,False,1.3756428,False,1.0787472,True,0.886423,False,0.5909487,False,0.0,1,False,T_cell,0,771,2048.0,1.171875
ACATGGTGCGTTGA-1,2,True,2.002865,False,0.0,False,0.50071627,True,2.1942692,False,0.0,2,True,NK_or_cytotoxic_T,2,690,1562.0,5.377721
ACATTCTGGCATAC-1,0,True,2.4452739,False,0.5021904,False,0.3766428,False,0.0,False,0.0,1,False,T_cell,0,957,2850.0,1.6140351
ACATTCTGGGAACG-1,1,True,1.3061115,False,0.6179097,True,4.277723,False,0.4353705,False,0.0,2,True,myeloid,1,1190,3716.0,1.6684606
ACCAACGACATGCA-1,0,False,1.1738145,False,0.78254306,False,0.436445,False,0.5819267,False,0.0,0,False,T_cell,0,680,2115.0,1.4184396
ACCACAGAAAGTAG-1,0,True,2.3759465,False,0.0,False,0.7680605,False,0.0,False,0.0,1,False,T_cell,0,524,1457.0,3.2258062
ACCACAGAGTTGGT-1,0,True,2.878241,False,0.5014629,False,0.37609714,False,0.0,False,0.0,1,False,T_cell,0,908,2860.0,1.2237762
ACCACCTGTGTGCA-1,0,True,2.2516496,False,0.7505499,False,0.0,False,0.0,False,0.0,1,False,T_cell,0,506,1177.0,1.6992353
ACCACGCTACAGCT-1,0,True,2.370286,False,0.5333022,True,1.185143,False,0.0,False,0.0,2,True,T_cell,0,851,2532.0,1.6192732
ACCACGCTACCCAA-1,2,True,2.1232202,False,0.60631174,True,1.1555113,False,1.1551592,False,0.0,2,True,T_cell,2,775,1936.0,2.479339
ACCACGCTGCGAGA-1,0,False,1.3912439,False,0.8024986,False,0.0,False,0.60018784,False,0.0,0,False,T_cell,0,793,1979.0,2.3749368
ACCACGCTGCTGTA-1,0,True,2.0913503,False,0.0,False,0.0,False,0.0,False,0.5961447,1,False,T_cell,0,748,2009.0,3.5838728
ACCAGCCTGACAGG-1,0,True,1.8803885,False,0.8466148,False,0.5432651,False,0.0,False,0.0,1,False,T_cell,0,951,2569.0,1.4791747
ACCAGTGAACGGTT-1,3,False,0.0,True,3.5657845,False,0.0,False,0.0,False,0.0,1,False,B_cell,3,643,1730.0,3.352601
ACCAGTGAATACCG-1,4,False,0.0,False,0.809404,True,2.1007555,False,0.0,False,0.0,1,False,myeloid,4,1277,3871.0,3.2033067
ACCAGTGAGGGATG-1,0,True,2.7202146,False,0.54253423,False,0.40690064,False,0.54253423,False,0.0,1,False,T_cell,0,828,2445.0,0.89979553
ACCAGTGATGACTG-1,1,False,0.0,False,0.0,True,4.392441,False,0.0,False,0.0,1,False,myeloid,1,480,1223.0,2.780049
ACCATTACCTTCTA-1,0,False,1.2713137,False,0.4560653,False,0.48129982,False,0.0,False,0.0,0,False,T_cell,0,969,3415.0,1.9033674
ACCATTACGAGATA-1,0,True,2.3086262,False,0.0,True,0.9179781,False,0.0,False,0.0,2,True,T_cell,0,1112,2712.0,0.7743363
ACCATTTGTCATTC-1,0,True,2.5931835,False,0.0,False,0.0,False,0.0,False,0.0,1,False,T_cell,0,648,1647.0,2.003643
ACCCAAGAACTGTG-1,2,False,1.2722591,False,0.8481728,False,0.4817381,True,2.0915103,False,0.0,1,False,NK_or_cytotoxic_T,2,805,1704.0,2.112676
ACCCAAGAATTCCT-1,4,False,0.0,True,1.4062145,False,1.0562624,False,0.0,False,0.629771,1,False,B_cell,4,1223,3563.0,1.4875106
ACCCAAGAGGACAG-1,0,False,0.7363902,False,0.4909268,False,0.0,False,0.0,False,0.0,0,False,T_cell,0,1023,2976.0,1.108871
ACCCAAGATTCACT-1,3,False,0.0,True,2.8809133,False,0.45077473,False,0.0,False,0.0,1,False,B_cell,3,669,1976.0,2.8846154
ACCCACTGCGCCTT-1,1,False,0.0,False,0.80357355,True,3.9629629,False,0.0,False,0.80357355,1,False,myeloid,1,489,986.0,2.7383366
ACCCACTGGACAGG-1,0,True,2.8590105,False,0.0,False,0.0,False,0.0,False,0.0,1,False,T_cell,0,390,863.0,2.433372
ACCCACTGGTTCAG-1,6,False,0.0,False,0.0,False,0.0,False,0.0,True,5.1219215,1,False,platelet,6,350,568.0,1.2323943
ACCCACTGTCGTAG-1,1,False,0.7500229,False,0.50001526,True,4.447365,False,0.0,False,0.0,1,False,myeloid,1,1113,2874.0,3.131524
ACCCAGCTCAGAAA-1,0,True,2.4227004,False,0.0,False,0.0,False,0.0,False,0.0,1,False,T_cell,0,837,2389.0,1.8836333
ACCCAGCTGTTAGC-1,1,True,1.5698344,False,0.8238861,True,4.432877,False,0.0,False,0.0,2,True,myeloid,1,1547,5535.0,2.0596206
ACCCAGCTTGCTTT-1,0,True,2.8350978,False,0.5370133,False,0.0,False,0.0,False,0.0,1,False,T_cell,0,840,2495.0,0.4408818
ACCCGTTGATGACC-1,3,False,0.0,True,3.6505656,False,0.0,False,0.0,False,0.0,1,False,B_cell,3,581,1508.0,2.917772
ACCCGTTGCTGCAA-1,0,True,2.6510587,False,0.9006373,False,0.0,False,0.57639563,False,0.0,1,False,T_cell,0,748,2158.0,0.74142724
ACCCGTTGCTTCTA-1,5,True,1.4986055,True,0.9990704,True,0.6070126,False,0.3240883,False,0.0,3,True,T_cell,5,1861,6092.0,1.4281024
ACCCTCGACCTATT-1,0,False,0.0,False,0.6385027,False,0.0,False,0.6385027,False,0.0,0,False,B_cell,0,735,1727.0,2.2003474
ACCCTCGACGGTAT-1,3,False,0.0,True,2.8828313,False,0.0,False,0.0,False,0.0,1,False,B_cell,3,488,1245.0,1.8473896
ACCCTCGATAAGGA-1,1,False,0.0,False,0.69438976,True,3.4759874,False,0.5024639,False,0.0,1,False,myeloid,1,1016,2847.0,2.634352
ACCCTCGATCAAGC-1,1,False,0.0,False,0.0,True,2.6991277,False,0.690218,False,0.0,1,False,myeloid,1,585,1444.0,2.8393352
ACCGTGCTACCAGT-1,0,True,2.1232202,False,0.60631174,False,0.6068763,False,0.0,False,0.0,1,False,T_cell,0,797,1938.0,1.5479876
ACCGTGCTGGAACG-1,3,False,0.9155775,True,3.1333282,False,0.0,False,0.0,False,0.0,1,False,B_cell,3,769,1909.0,2.200105
ACCTATTGCTGAGT-1,3,False,0.0,True,1.9197173,False,0.0,False,0.0,False,0.0,1,False,B_cell,3,490,1190.0,2.605042
ACCTATTGTGCCCT-1,4,False,0.0,True,1.4247127,True,1.5602791,False,0.41428405,False,0.0,2,True,myeloid,4,1307,4060.0,2.7586207
ACCTCCGAGTCCTC-1,0,True,3.0550203,False,0.86436605,False,0.0,False,0.0,False,0.0,1,False,T_cell,0,895,2426.0,1.071723
ACCTCCGATATGCG-1,0,True,2.688606,True,1.4617529,False,0.0,False,0.0,False,0.0,2,True,T_cell,0,686,1789.0,2.571269
ACCTCCGATGCTGA-1,0,True,2.518748,False,0.6286615,False,0.0,False,0.6286615,False,0.0,1,False,T_cell,0,602,1789.0,2.291783
ACCTCGTGAACCAC-1,2,False,0.90260935,False,0.6017396,False,0.0,True,1.4059293,False,0.0,1,False,NK_or_cytotoxic_T,2,772,1969.0,2.996445
ACCTGAGATATCGG-1,1,False,1.0118315,True,1.6845661,True,2.9989219,True,1.3491087,True,3.6458395,4,True,platelet,1,704,1524.0,3.7401576
ACCTGGCTAAGTAG-1,2,False,0.0,False,0.61617553,False,0.46213162,True,4.052931,False,0.0,1,False,NK_or_cytotoxic_T,2,892,1870.0,2.8877006
ACCTGGCTGTCTTT-1,1,False,0.0,False,1.0723193,False,0.64077634,False,0.0,True,2.4996123,1,False,platelet,1,446,836.0,5.263158
ACCTTTGACTCCCA-1,1,False,0.7261958,False,0.8818996,True,4.4049664,False,0.48413056,False,0.0,1,False,myeloid,1,1169,3056.0,2.225131
ACCTTTGAGGAACG-1,1,True,1.227629,True,0.9966678,True,4.1896605,False,0.0,False,0.0,3,True,myeloid,1,1375,4145.0,3.305187
ACCTTTGAGGAAGC-1,4,False,0.0,False,0.89211315,True,2.5450718,False,0.0,False,0.43668342,1,False,myeloid,4,1189,3696.0,1.7045455
ACGAACACCTTGTT-1,2,True,2.4095087,False,0.6373533,False,0.47801495,True,2.488618,False,0.0,2,True,NK_or_cytotoxic_T,2,892,1736.0,1.3248848
ACGAACTGGCTATG-1,6,False,0.3773,True,1.0195308,True,1.348182,False,0.25153333,True,3.2567525,3,True,platelet,6,2455,8931.0,1.5675737
ACGAAGCTCTCCAC-1,0,True,2.6084962,False,0.8694987,False,0.0,False,0.0,False,0.0,1,False,T_cell,0,355,796.0,1.0050251
ACGAAGCTCTGAGT-1,3,False,0.44106275,True,2.9990501,False,0.33585057,False,0.0,False,0.0,1,False,B_cell,3,1856,7067.0,3.339465
ACGACCCTATCTCT-1,4,False,0.0,False,0.8617582,True,2.270582,False,0.0,False,0.0,1,False,myeloid,4,1317,4077.0,2.0603385
ACGACCCTGATGAA-1,2,True,1.7871907,False,0.0,False,0.0,False,0.9224825,False,0.0,1,False,T_cell,2,703,2014.0,3.0287986
ACGACCCTTGACAC-1,3,False,0.7608909,True,2.9454434,True,1.5210545,False,0.0,False,0.0,2,True,B_cell,3,825,2795.0,1.6457961
ACGACCCTTGACCA-1,0,False,1.3182615,False,0.5572531,False,0.4179398,False,0.0,False,0.0,0,False,T_cell,0,736,2314.0,2.7225585
ACGAGGGACAGGAG-1,5,False,0.0,False,0.419743,True,1.2390044,False,0.0,False,0.0,1,False,myeloid,5,1997,7935.0,1.4618778
ACGAGGGACGAACT-1,0,True,3.09269,False,1.0415936,False,0.3829132,False,0.0,False,0.0,1,False,T_cell,0,892,2762.0,2.4981897
ACGAGGGATGTAGC-1,0,True,1.4531442,False,0.6739852,False,0.5955712,False,0.0,False,0.0,1,False,T_cell,0,1034,3053.0,2.3910909
ACGAGTACCCTAAG-1,3,False,0.0,True,2.5818968,False,0.0,False,0.0,False,0.0,1,False,B_cell,3,545,1261.0,1.8239492
ACGAGTACGAATCC-1,3,True,1.8758538,True,2.2440429,False,0.33131704,False,0.0,False,0.0,2,True,B_cell,3,1188,3621.0,1.5741508
ACGATCGAGGACTT-1,2,False,0.0,False,0.0,False,0.0,True,3.5730605,False,0.0,1,False,NK_or_cytotoxic_T,2,659,1607.0,0.9334163
ACGATCGAGTCACA-1,1,False,0.0,False,0.6727563,True,5.1659846,False,0.0,False,0.0,1,False,myeloid,1,1056,3066.0,1.989563
ACGATGACAATGCC-1,0,True,2.1805348,False,0.5654707,False,0.42410302,False,0.0,False,0.0,1,False,T_cell,0,819,2246.0,2.0480855
ACGATGACTGGTCA-1,0,False,1.0758104,False,0.0,False,0.5379052,True,1.0456595,False,0.0,1,False,T_cell,0,979,2634.0,1.8223236
ACGATTCTACGGGA-1,2,True,2.8123941,False,0.65925854,False,0.0,False,1.1566305,False,0.0,1,False,T_cell,2,632,1606.0,3.4246576
ACGCAATGGTTCAG-1,2,False,0.0,False,0.73791647,False,0.0,True,4.011489,False,0.0,1,False,NK_or_cytotoxic_T,2,598,1227.0,2.607987
ACGCACCTGTTAGC-1,3,False,0.96776265,True,3.1874824,False,0.6384403,False,0.0,False,0.0,1,False,B_cell,3,690,1687.0,2.1339657
ACGCCACTGAACTC-1,1,False,0.0,False,0.0,True,2.7914958,False,0.0,False,0.0,1,False,myeloid,1,310,602.0,0.0
ACGCCGGAAACCAC-1,1,False,0.0,False,0.9785415,True,4.3760157,False,0.5657134,False,0.0,1,False,myeloid,1,803,2243.0,2.2737405
ACGCCGGAAAGCCT-1,0,True,2.0349305,False,0.0,False,0.0,False,0.0,False,0.0,1,False,T_cell,0,743,2145.0,0.88578093
ACGCCGGAAATGCC-1,0,False,1.4761205,False,0.7699995,False,0.5774996,False,0.0,False,0.0,0,False,T_cell,0,560,1102.0,2.2686026
ACGCCTTGCTCCCA-1,4,False,0.0,False,0.7019875,True,1.55997,False,0.0,False,0.0,1,False,myeloid,4,1073,2774.0,3.0281181
ACGCGGTGGCGAGA-1,0,True,2.1109958,False,0.5438533,False,0.0,False,0.0,False,0.0,1,False,T_cell,0,844,2432.0,2.055921
ACGCGGTGTGTGGT-1,3,False,0.0,True,3.08625,False,0.39431757,False,0.0,False,0.0,1,False,B_cell,3,882,2604.0,2.265745
ACGCGGTGTTTGCT-1,2,True,1.734162,False,0.578054,False,0.0,True,2.0662014,False,0.0,2,True,NK_or_cytotoxic_T,2,841,2145.0,1.6317016
ACGCTCACAGTACC-1,0,True,2.6155162,False,0.55113614,True,0.9748429,False,0.0,False,0.55113614,2,True,T_cell,0,815,2367.0,2.7038445
ACGCTCACCCTTGC-1,0,True,2.5135486,False,0.7757818,False,0.58183634,False,0.5757609,False,0.0,1,False,T_cell,0,771,2165.0,2.3094687
ACGCTGCTGTTCTT-1,2,False,0.9055937,False,0.8063569,False,0.0,True,3.2120094,False,0.0,1,False,NK_or_cytotoxic_T,2,976,1956.0,1.0736196
ACGGAACTCAGATC-1,2,False,0.0,False,0.5767773,False,0.43258294,True,2.9782107,False,0.0,1,False,NK_or_cytotoxic_T,2,986,2155.0,1.8561485
ACGGAACTGTCGTA-1,4,False,0.0,False,0.0,True,2.0960867,False,0.0,False,0.5771595,1,False,myeloid,4,820,2153.0,3.9015326
ACGGAGGACTCTTA-1,1,False,0.0,False,1.1082151,True,4.402457,False,0.0,False,0.0,1,False,myeloid,1,957,2614.0,2.8691661
ACGGATTGGGAGGT-1,3,False,0.0,True,1.9677787,False,0.0,False,0.0,False,0.0,1,False,B_cell,3,640,1655.0,2.7794561
ACGGATTGGTTAGC-1,0,True,2.5096474,False,0.48304686,False,0.0,False,0.0,False,0.0,1,False,T_cell,0,1012,3068.0,1.8252933
ACGGCTCTGAGCAG-1,0,True,2.8248267,False,0.5487573,False,0.5595172,False,0.0,False,0.0,1,False,T_cell,0,927,2389.0,2.511511
ACGGCTCTTGCACA-1,0,False,0.79916555,False,0.5327771,False,0.0,False,0.0,False,0.0,0,False,T_cell,0,794,2535.0,1.8934911
ACGGTAACCGCTAA-1,0,True,2.7864075,False,0.82054204,False,0.0,False,0.6167773,False,0.0,1,False,T_cell,0,753,1867.0,2.6780932
ACGGTAACCTTCGC-1,2,True,1.8154814,False,0.6051605,False,0.45387036,True,2.213792,False,0.0,2,True,NK_or_cytotoxic_T,2,791,1944.0,2.3148148
ACGGTAACGGTGGA-1,0,True,2.9186738,False,0.8637309,False,0.6477982,False,0.0,False,0.0,1,False,T_cell,0,366,811.0,4.192355
ACGGTAACTCGCAA-1,2,False,0.0,False,0.0,False,0.55599433,True,2.4823067,False,0.0,1,False,NK_or_cytotoxic_T,2,539,1213.0,2.2258863
ACGGTATGAGTCGT-1,1,False,0.0,False,0.83755773,True,4.159331,False,0.0,False,0.6324867,1,False,myeloid,1,752,1764.0,2.4376416
ACGGTATGGGTATC-1,3,False,0.8661221,True,3.341579,False,0.43306106,False,0.0,False,0.57741475,1,False,B_cell,3,769,2149.0,3.8157284
ACGGTATGGTTGTG-1,3,False,0.0,True,2.7819052,False,0.0,False,0.0,False,0.0,1,False,B_cell,3,650,1947.0,2.259887
ACGGTCCTAACGGG-1,0,True,2.6852047,False,0.57149017,False,0.4286176,True,1.1429803,False,0.0,2,True,T_cell,0,947,2197.0,1.3654984
ACGGTCCTCGGGAA-1,0,True,2.3120694,False,0.564382,False,0.4232865,False,0.0,False,0.0,1,False,T_cell,0,771,2254.0,2.3513753
ACGTAGACAACCAC-1,0,True,2.8958888,False,1.2334973,True,1.0415773,False,0.59353244,False,0.0,2,True,T_cell,0,824,2028.0,0.9861933
ACGTAGACTACAGC-1,3,False,0.0,True,3.0438163,False,0.0,False,0.6224157,False,0.0,1,False,B_cell,3,744,1829.0,1.7495898
ACGTCAGAAACGAA-1,0,False,1.1628387,False,0.0,True,0.86288154,False,0.0,False,0.0,1,False,T_cell,0,837,2167.0,2.1688972
ACGTCAGAGAGCTT-1,1,False,0.0,False,0.8134393,True,3.9532745,False,0.0,False,0.0,1,False,myeloid,1,723,1911.0,2.4071167
ACGTCAGAGGGATG-1,0,False,1.3187633,False,0.6711582,True,1.0067372,False,0.6711582,False,0.0,1,False,T_cell,0,640,1541.0,1.4925373
ACGTCCTGATAAGG-1,1,False,0.78499746,False,0.52333164,True,4.4228015,False,0.0,False,0.0,1,False,myeloid,1,923,2627.0,3.5020936
ACGTCCTGTGAACC-1,1,False,0.0,False,0.0,True,4.315839,False,0.0,False,0.0,1,False,myeloid,1,1174,3303.0,2.4220405
ACGTCGCTCCTGAA-1,7,False,0.0,False,0.42216748,False,0.3166256,True,3.3708487,False,0.0,1,False,NK_or_cytotoxic_T,7,1597,3932.0,1.8565615
ACGTCGCTCTATTC-1,1,False,0.0,False,0.66322386,True,2.8189337,False,0.66322386,False,0.0,1,False,myeloid,1,699,1585.0,3.40694
ACGTCGCTTCTCAT-1,3,False,0.0,True,2.8929658,False,0.0,False,0.0,False,0.0,1,False,B_cell,3,618,1602.0,2.496879
ACGTGATGCCATGA-1,5,False,0.0,False,0.624843,True,3.4785743,False,0.624843,False,0.0,1,False,myeloid,5,1418,5441.0,2.6281934
ACGTGATGGGTCTA-1,0,True,2.1763465,False,0.5227295,False,0.39204714,False,0.7170951,False,0.0,1,False,T_cell,0,820,2638.0,1.8953754
ACGTGATGTAACCG-1,4,False,0.0,True,0.98202634,True,3.0908768,False,0.0,False,0.0,2,True,myeloid,4,1047,2976.0,1.5456989
ACGTGATGTGACAC-1,2,False,0.86900663,False,0.5793378,False,0.43450332,True,3.7074819,False,0.0,1,False,NK_or_cytotoxic_T,2,981,2135.0,3.1850119
ACGTGCCTCCGTAA-1,0,True,2.4495564,False,0.7738408,False,0.0,False,0.0,False,0.0,1,False,T_cell,0,866,2177.0,1.3780432
ACGTGCCTTCTATC-1,2,False,1.1640903,False,0.9904546,False,0.0,True,2.3204904,False,0.0,1,False,NK_or_cytotoxic_T,2,527,1081.0,3.7002776
ACGTTACTTTCCAT-1,0,True,2.4130318,False,1.0201247,False,0.0,False,0.0,False,0.0,1,False,T_cell,0,762,1968.0,1.6260161
ACGTTGGAAAAGCA-1,0,True,1.717839,False,0.572613,False,0.0,False,0.0,False,0.0,1,False,T_cell,0,717,2187.0,1.9204389
ACGTTGGAAACCTG-1,2,True,1.7066735,False,0.76823425,False,0.42666838,False,1.3627633,False,0.0,1,False,T_cell,2,860,2217.0,4.014434
ACGTTGGACCGTAA-1,1,False,0.0,False,1.040901,True,3.6702297,False,0.0,False,0.0,1,False,myeloid,1,603,1383.0,2.4584239
ACGTTGGAGCCAAT-1,2,False,0.0,False,0.0,False,0.47244745,True,2.8194604,False,0.0,1,False,NK_or_cytotoxic_T,2,828,1780.0,2.247191
ACGTTGGATATGGC-1,3,False,0.0,True,2.2207599,False,0.0,False,0.0,False,0.0,1,False,B_cell,3,476,1052.0,1.2357415
ACGTTGGATCAGGT-1,1,False,0.0,True,1.0134032,True,3.6914554,False,0.5067016,False,0.0,2,True,myeloid,1,1071,2801.0,1.4994645
ACGTTTACATCAGC-1,0,True,2.1344624,True,1.2997906,False,0.0,False,0.0,False,0.0,2,True,T_cell,0,775,2368.0,1.5625
ACTAAAACCCACAA-1,0,True,3.013208,False,0.72840875,True,1.4102523,False,0.94016826,False,0.0,2,True,T_cell,0,614,1268.0,1.4195584
ACTAAAACTCGACA-1,1,False,0.0,False,1.1553261,True,5.1472645,False,0.7230918,False,0.0,1,False,myeloid,1,913,2584.0,2.0897834
ACTACGGAATTTCC-1,0,False,1.1584879,False,0.0,False,0.0,False,0.0,False,0.0,0,False,T_cell,0,836,2188.0,1.9195613
ACTACGGACCTATT-1,0,False,0.0,False,0.83069575,False,0.0,False,0.0,False,0.0,0,False,B_cell,0,669,1804.0,2.660754
ACTACGGATCGCTC-1,0,True,2.2314909,False,1.018546,False,0.0,False,0.0,False,0.0,1,False,T_cell,0,942,2471.0,1.3759611
ACTACTACTAAGGA-1,0,True,1.6630416,False,0.5543472,False,0.4157604,False,0.0,False,0.0,1,False,T_cell,0,792,2339.0,2.3941855
ACTAGGTGGAACCT-1,0,True,2.2910779,False,0.6000473,True,0.9000709,False,0.8023454,False,0.0,2,True,T_cell,0,871,1980.0,1.3636364
ACTAGGTGGAACTC-1,0,True,2.4855616,False,0.7505499,False,0.3360076,False,0.0,False,0.0,1,False,T_cell,0,1046,3531.0,1.6992353
ACTATCACCTTGGA-1,2,True,2.0741966,False,1.0073161,True,0.8860175,True,2.194139,False,0.0,3,True,NK_or_cytotoxic_T,2,859,2050.0,3.0731707
ACTATCACTGCCAA-1,0,True,2.0037527,False,0.8914139,False,0.0,False,0.0,False,0.0,1,False,T_cell,0,793,2222.0,1.6651666
ACTCAGGACTGAAC-1,0,True,2.971803,False,0.7761995,False,0.0,False,0.57614154,False,0.0,1,False,T_cell,0,822,2160.0,0.5555556
ACTCAGGATCTATC-1,3,False,0.0,True,3.1483295,False,0.46213162,False,0.61617553,False,0.0,1,False,B_cell,3,751,1870.0,1.4973263
ACTCAGGATTCGTT-1,1,False,0.0,False,1.0119971,True,4.266724,False,0.7965845,False,0.0,1,False,myeloid,1,435,1009.0,1.9821604
ACTCCTCTCAACTG-1,0,True,2.2560847,False,0.4672128,True,0.8412664,False,0.0,False,0.0,2,True,T_cell,0,1142,3267.0,2.0814202
ACTCGCACGAAAGT-1,1,False,0.0,False,0.0,True,4.41698,False,0.0,False,0.0,1,False,myeloid,1,781,1824.0,1.6447369
ACTCGCACTACGAC-1,1,False,0.9235877,False,0.8194,True,3.8422189,False,0.61572516,False,0.0,1,False,myeloid,1,718,1872.0,1.1217949
ACTCTCCTGACACT-1,0,True,2.5255299,False,0.0,False,0.0,False,0.0,False,0.0,1,False,T_cell,0,471,1237.0,2.9102669
ACTCTCCTGCATAC-1,0,False,0.0,False,0.6863112,False,0.4532255,False,0.0,False,0.0,0,False,B_cell,0,1750,5861.0,1.7403175
ACTCTCCTGTTTGG-1,0,True,2.2436318,False,0.70421493,False,0.0,False,0.5112151,False,0.0,1,False,T_cell,0,892,2755.0,1.923775
ACTGAGACAACCAC-1,2,True,2.120514,False,0.0,False,0.45408583,False,1.15416,False,0.0,1,False,T_cell,2,841,1944.0,3.549383
ACTGAGACCCATAG-1,4,False,0.0,False,1.0455476,True,1.8645055,False,0.0,False,0.0,1,False,myeloid,4,1156,3635.0,1.7881706
ACTGAGACGTTGGT-1,3,False,0.0,True,2.987254,False,0.31368268,False,0.4182436,False,0.0,1,False,B_cell,3,1031,3991.0,1.7539464
ACTGCCACACACGT-1,0,True,2.5315645,False,0.0,False,0.0,True,2.467216,False,0.0,2,True,T_cell,0,912,2120.0,1.6037736
ACTGCCACTCCGTC-1,2,False,0.0,False,0.6368623,False,0.47764668,True,3.7982702,False,0.0,1,False,NK_or_cytotoxic_T,2,873,1739.0,4.082806
ACTGGCCTTCAGTG-1,2,False,0.0,False,0.8569592,True,0.975708,True,3.6065254,False,0.0,2,True,NK_or_cytotoxic_T,2,824,1656.0,2.0531402
ACTGTGGACGTGTA-1,2,True,2.6662123,True,1.7200427,False,0.0,True,2.3138127,False,0.0,3,True,T_cell,2,1233,3185.0,2.1036108
ACTGTGGATCTAGG-1,3,True,1.6192601,True,2.4792428,True,0.59202385,False,0.3946826,False,0.0,3,True,B_cell,3,1312,4412.0,2.2892113
ACTGTTACCCACAA-1,1,False,0.0,False,0.72981346,True,4.655824,False,0.72981346,False,0.0,1,False,myeloid,1,575,1262.0,3.2488115
ACTGTTACTGCAGT-1,0,False,1.2848815,False,0.85658765,False,0.48759514,False,0.0,False,0.0,0,False,T_cell,0,605,1658.0,2.291918
ACTTAAGAACCACA-1,0,True,2.1609402,False,0.55936855,False,0.0,False,0.55936855,False,0.0,1,False,T_cell,0,717,2297.0,2.2638223
ACTTAAGACCACAA-1,0,False,1.2938867,False,0.86259115,False,0.0,False,0.0,False,0.0,0,False,T_cell,0,665,1629.0,5.8317986
ACTTAAGATTACTC-1,5,False,0.0,False,0.50466436,True,2.3265293,False,0.50466436,False,0.0,1,False,myeloid,5,1019,2822.0,2.8703046
ACTTAGCTGCGTAT-1,4,False,0.0,False,0.86145586,True,2.1539345,False,0.0,False,0.0,1,False,myeloid,4,1215,3267.0,1.5610652
ACTTAGCTGGGAGT-1,0,True,2.3807247,True,1.2686625,False,0.0,False,0.0,False,0.0,2,True,T_cell,0,928,2502.0,0.91926455
ACTTCAACAAGCAA-1,7,False,1.3790879,False,0.34868282,False,0.2615121,False,0.87788737,False,0.0,0,False,T_cell,7,1780,5419.0,3.0817494
ACTTCAACGTAGGG-1,2,False,0.0,False,0.7309898,False,0.54824233,True,3.21843,False,0.0,1,False,NK_or_cytotoxic_T,2,657,1259.0,1.1119937
ACTTCCCTTTCCGC-1,0,True,2.6883318,False,0.78859854,True,0.8811872,False,0.0,False,0.58745813,2,True,T_cell,0,718,2072.0,1.3030888
ACTTCTGACATGCA-1,3,False,0.0,True,2.0630631,False,0.0,False,0.0,False,0.0,1,False,B_cell,3,646,1655.0,4.3504534
ACTTGACTCCACAA-1,3,False,0.0,True,2.830715,False,0.44856596,False,0.0,False,0.0,1,False,B_cell,3,808,1999.0,1.6008005
ACTTGGGAGAAAGT-1,1,False,0.6622286,False,0.8294274,True,4.0322623,False,0.0,False,0.0,1,False,myeloid,1,1120,3624.0,2.897351
ACTTGGGAGGTTTG-1,0,True,2.9048104,False,0.0,False,0.4894147,False,0.0,False,0.0,1,False,T_cell,0,750,1645.0,1.762918
ACTTGGGATGTGAC-1,4,False,0.0,False,0.87105656,True,2.222005,False,0.0,False,0.87105656,1,False,myeloid,4,390,792.0,0.12626262
ACTTGGGATTGACG-1,1,False,0.0,False,1.0526528,True,3.6903174,False,0.0,False,0.47974777,1,False,myeloid,1,1100,3111.0,2.3465123
ACTTGTACCCGAAT-1,0,False,1.2824746,False,0.53647935,False,0.6412373,False,0.53647935,False,0.0,0,False,T_cell,0,911,2501.0,5.5977607
ACTTGTACCTGTCC-1,0,True,2.5933814,False,0.0,False,0.0,False,0.0,False,0.0,1,False,T_cell,0,456,1149.0,1.2184508
ACTTTGTGCGATAC-1,0,False,0.0,False,0.0,False,0.0,False,0.95722663,False,0.0,0,False,NK_or_cytotoxic_T,0,267,600.0,8.0
ACTTTGTGGAAAGT-1,0,True,2.5649667,False,0.5510223,False,0.0,False,0.0,False,0.0,1,False,T_cell,0,755,2368.0,1.1402026
ACTTTGTGGATAGA-1,1,False,0.0,False,0.6655049,True,4.546071,False,0.0,False,0.0,1,False,myeloid,1,1118,3145.0,1.3990461
AGAAACGAAAGTAG-1,3,False,0.0,True,2.2451215,False,0.0,False,0.0,False,0.0,1,False,B_cell,3,571,1430.0,2.867133
AGAAAGTGCGCAAT-1,0,True,1.4609755,False,0.67693967,True,0.73048776,False,0.48699185,False,0.0,2,True,T_cell,0,867,3021.0,2.019199
AGAAAGTGGGGATG-1,1,False,0.0,False,0.60202277,True,4.290391,False,0.0,False,0.0,1,False,myeloid,1,728,1968.0,1.6260161
AGAACAGAAATGCC-1,2,False,0.0,False,0.0,False,0.4610081,True,3.765742,False,0.0,1,False,NK_or_cytotoxic_T,2,916,1879.0,1.7030336
AGAACAGACGACTA-1,3,False,0.0,True,2.9778652,False,0.0,False,0.80542606,False,0.0,1,False,B_cell,3,491,981.0,2.54842
AGAACAGAGACAAA-1,0,False,0.73291224,True,1.1673758,True,1.0319481,False,0.0,False,0.0,2,True,B_cell,0,960,3002.0,1.7321786
AGAACGCTTTGCTT-1,0,False,0.9492122,False,0.0,False,0.0,False,0.0,False,0.0,0,False,T_cell,0,625,1763.0,2.1554167
AGAAGATGTGACTG-1,0,True,1.9111707,False,0.74436545,False,0.3321819,False,0.0,False,0.0,1,False,T_cell,0,1090,3604.0,0.9988901
AGAATGGAAGAAGT-1,2,True,2.2599106,False,0.7916769,True,0.8854101,False,1.3023818,False,0.0,2,True,T_cell,2,772,2052.0,1.0233918
AGAATTTGTAACCG-1,0,True,2.3234587,False,0.8621175,False,0.3509298,False,0.0,False,0.0,1,False,T_cell,0,968,3259.0,1.0739491
AGAATTTGTAGAGA-1,0,False,0.0,False,0.0,False,0.0,False,0.0,False,0.0,0,False,T_cell,0,480,1428.0,4.131653
AGACACACTGTAGC-1,0,True,2.001822,False,0.7668842,False,0.6680373,False,0.0,False,0.0,1,False,T_cell,0,810,2229.0,1.3010318
AGACACTGTCAAGC-1,1,False,0.0,False,0.9338852,True,5.3290033,False,0.0,False,0.0,1,False,myeloid,1,725,1944.0,1.6975307
AGACCTGAAGTAGA-1,1,False,0.0,False,0.52708167,True,4.506612,False,0.52708167,False,0.52708167,1,False,myeloid,1,1016,2595.0,2.0423894
AGACCTGACCAACA-1,0,False,1.0191662,False,0.95775115,False,0.36690512,False,0.0,False,0.0,0,False,T_cell,0,1011,2999.0,2.967656
AGACCTGAGGAAGC-1,2,True,2.073992,False,0.6913307,True,1.1244261,False,0.9007454,False,0.0,2,True,T_cell,2,1075,2875.0,1.8782609
AGACGTACAGAGGC-1,0,True,2.6877544,True,1.4681563,True,1.0081136,False,0.0,False,0.0,3,True,T_cell,0,808,2193.0,1.2767898
AGACGTACCCCTAC-1,3,False,0.0,True,2.4551091,False,0.0,False,0.67588735,False,0.0,1,False,B_cell,3,672,1517.0,3.09822
AGACGTACCTCTTA-1,1,False,0.0,False,0.6904199,True,3.5701256,False,0.49893603,False,0.0,1,False,myeloid,1,950,2886.0,4.192654
AGACGTACTCGTGA-1,4,False,0.0,False,0.56583476,True,1.453605,False,0.0,False,0.0,1,False,myeloid,4,862,2242.0,4.1480823
AGACTGACCATCAG-1,2,True,2.7719865,False,0.61244774,False,0.0,False,1.4144359,False,0.0,1,False,T_cell,2,766,1895.0,3.4300792
AGACTGACCCTTTA-1,0,True,1.9577363,False,0.49661636,False,0.37246227,False,0.49661636,False,0.0,1,False,T_cell,0,963,2911.0,2.713844
AGACTTCTCATGCA-1,3,False,0.0,True,1.7802863,False,0.54026955,False,0.0,False,0.0,1,False,B_cell,3,507,1302.0,2.8417819
AGAGATGACAGTCA-1,3,False,0.0,True,3.0248313,False,0.69215333,False,0.0,False,0.0,1,False,B_cell,3,570,1340.0,3.2089553
AGAGATGACTGAAC-1,0,True,2.9218836,False,0.80357355,False,0.4508806,False,0.0,False,0.0,1,False,T_cell,0,678,1974.0,2.3809524
AGAGATGAGGTTTG-1,1,False,0.0,False,0.58933127,True,4.5103703,False,0.0,False,0.0,1,False,myeloid,1,768,2060.0,2.8640776
AGAGATGATCTCGC-1,3,False,0.0,True,2.0259104,False,0.63878226,False,0.0,False,0.4594409,1,False,B_cell,3,1037,3371.0,3.6487687
AGAGATGATTGTGG-1,0,True,2.547721,False,0.55446273,False,0.41584703,True,1.1089255,False,0.0,2,True,T_cell,0,885,2339.0,1.5818726
AGAGCGGAGGCAAG-1,1,False,0.0,False,0.524743,True,4.467428,False,0.0,False,0.0,1,False,myeloid,1,1426,5230.0,1.3575526
AGAGGTCTACAGCT-1,7,True,2.3670487,False,0.62776697,False,0.2625647,True,2.105765,False,0.0,2,True,T_cell,7,2815,10783.0,2.6152277
AGAGTCTGGTCGTA-1,4,False,0.0,False,0.83348906,True,1.4757962,False,0.0,False,0.0,1,False,myeloid,4,1496,4469.0,3.557843
AGAGTGCTCAGCTA-1,0,False,1.3112967,False,0.0,False,0.0,False,0.0,False,0.0,0,False,T_cell,0,587,1566.0,1.9157088
AGAGTGCTCGAATC-1,0,False,1.0934896,False,0.851436,True,0.800111,False,0.0,False,0.0,1,False,T_cell,0,879,2532.0,1.9747235
AGAGTGCTGTCATG-1,0,True,2.6027827,False,0.4444804,False,0.47131827,False,0.0,False,0.0,1,False,T_cell,0,924,3580.0,1.5083799
AGAGTGCTGTCCTC-1,2,True,2.1200635,False,0.60530406,False,0.45397803,True,1.2106081,False,0.0,2,True,T_cell,2,783,1944.0,2.1090536
AGAGTGCTGTGTTG-1,3,False,0.0,True,3.2221892,False,0.0,False,0.0,False,0.0,1,False,B_cell,3,696,1635.0,3.24159
AGATATACCCGTAA-1,2,False,0.84584963,False,0.76274073,False,0.42292482,True,3.0825958,False,0.0,1,False,NK_or_cytotoxic_T,2,1057,2260.0,1.5044248
AGATATACGATGAA-1,0,True,2.6643066,False,0.54909563,False,0.0,False,0.54909563,False,0.0,1,False,T_cell,0,783,2386.0,4.8197823
AGATATACTGTTCT-1,3,False,0.0,True,2.7460017,False,0.0,False,0.0,False,0.0,1,False,B_cell,3,867,2358.0,1.187447
AGATATTGCCTACC-1,2,True,2.4207976,False,0.0,False,0.0,False,1.2520902,False,0.0,1,False,T_cell,2,919,2395.0,1.0020877
AGATATTGGCCAAT-1,1,False,0.0,False,1.0465639,True,4.2333984,False,0.0,False,0.41329277,1,False,myeloid,1,1251,4076.0,1.4474976
AGATCGTGTCTGGA-1,1,False,0.0,False,0.88908386,True,3.1282105,False,0.0,False,0.0,1,False,myeloid,1,1023,2988.0,1.171352
AGATCGTGTTTGTC-1,3,False,0.0,True,1.7336994,False,0.0,False,0.0,False,0.0,1,False,B_cell,3,727,1844.0,1.1930586
AGATCTCTATCACG-1,3,False,0.0,True,3.0376225,False,0.0,False,0.0,False,0.0,1,False,B_cell,3,645,1501.0,2.7315123
AGATTAACGTTCTT-1,4,False,0.0,True,1.3594513,True,2.5748715,False,0.425243,False,0.0,2,True,myeloid,4,1217,3876.0,2.3219814
AGATTCCTATCGTG-1,0,True,2.0875382,False,0.0,True,1.4462086,False,0.53658605,False,0.0,2,True,T_cell,0,929,2499.0,0.8403362
AGATTCCTCACTTT-1,1,False,0.0,False,0.5711171,True,4.2599964,False,0.0,False,0.0,1,False,myeloid,1,792,2200.0,2.7272727
AGATTCCTGACGAG-1,1,False,0.0,False,0.70592475,True,4.2466807,False,0.0,False,0.0,1,False,myeloid,1,994,2736.0,2.595029
AGATTCCTGTTCAG-1,2,False,0.0,False,0.7552831,True,1.2535563,True,4.003998,False,0.0,2,True,NK_or_cytotoxic_T,2,1025,2318.0,3.1924074
AGCAAAGATATGCG-1,0,False,0.0,False,0.5438533,True,1.3712236,False,0.0,False,0.0,1,False,myeloid,0,946,2434.0,2.259655
AGCACAACAGTCTG-1,0,False,1.4845121,False,0.6560599,False,0.0,False,0.0,False,0.0,0,False,T_cell,0,600,1625.0,2.0923076
AGCACTGAGGGAGT-1,0,True,2.0469298,False,0.7185534,False,0.39302713,False,0.0,False,0.0,1,False,T_cell,0,881,2621.0,0.915681
AGCACTGATATGCG-1,0,True,2.4015434,False,0.5592505,False,0.56821203,False,0.0,False,0.0,1,False,T_cell,0,975,2297.0,0.91423595
AGCACTGATGCTTT-1,5,False,0.0,True,1.3596859,True,1.886283,False,0.0,False,0.0,2,True,myeloid,5,1609,5153.0,2.1928973
AGCACTGATTGCGA-1,0,True,2.4577765,False,0.0,False,0.0,False,0.0,False,0.0,1,False,T_cell,0,758,2158.0,1.8535681
AGCATCGAAGATCC-1,0,True,2.2243526,False,0.0,False,0.4790005,False,0.0,False,0.0,1,False,T_cell,0,772,1726.0,2.3754346
AGCATCGAAGGGTG-1,3,False,0.0,True,2.4476907,False,0.0,False,0.0,False,0.0,1,False,B_cell,3,682,2172.0,1.6574585
AGCATCGAGCTTCC-1,1,False,0.0,False,0.8451841,True,5.2126884,False,0.0,False,0.52800363,1,False,myeloid,1,998,2587.0,3.942791
AGCATCGAGTGAGG-1,0,False,1.2021416,False,0.6809977,True,0.7358725,False,0.0,False,0.0,1,False,T_cell,0,979,2979.0,1.7455522
AGCATCGATAACCG-1,1,False,0.0,False,0.7011441,True,4.7937202,False,0.0,False,0.50847685,1,False,myeloid,1,1045,2780.0,1.3669065
AGCATGACGATGAA-1,2,True,3.079774,True,1.5615857,False,0.0,False,1.3925145,False,0.0,2,True,T_cell,2,706,1870.0,2.0855615
AGCCAATGGGGAGT-1,4,False,1.2281241,False,0.6151259,True,1.335342,False,0.0,False,0.0,1,False,myeloid,4,808,1876.0,1.5991472
AGCCAATGTATCTC-1,0,True,2.048238,False,0.7190038,True,0.7866597,False,0.5244398,False,0.0,2,True,T_cell,0,855,2617.0,1.7959496
AGCCACCTGGATCT-1,2,True,2.7291563,False,0.59962606,False,0.0,True,2.1749763,False,0.0,2,True,T_cell,2,819,1983.0,2.2188604
AGCCGGTGCCAATG-1,0,True,2.1564503,False,0.88935417,True,0.87650555,False,0.4345219,False,0.0,2,True,T_cell,0,1147,3729.0,1.0726736
AGCCGGTGTGTTTC-1,0,True,2.4418244,False,0.8952097,False,0.0,False,0.0,False,0.0,1,False,T_cell,0,742,2196.0,1.4571949
AGCCGTCTCAATCG-1,0,True,3.594531,False,0.49581933,False,0.3718645,False,0.0,False,0.0,1,False,T_cell,0,914,2919.0,4.2822886
AGCCGTCTGAGAGC-1,0,True,2.3488355,False,0.48852277,False,0.0,False,0.48852277,False,0.0,1,False,T_cell,0,969,3005.0,2.5956738
AGCCTCACGTTCGA-1,0,True,2.5156736,False,0.7764784,False,0.0,True,1.1527913,False,0.0,2,True,T_cell,0,704,2157.0,1.6689847
AGCCTCACTGTCAG-1,4,False,0.0,False,0.6596762,True,2.4583564,False,0.81099534,False,0.0,1,False,myeloid,4,1398,4816.0,1.4119601
AGCCTCTGCAGTTG-1,3,False,0.0,True,2.8894267,False,0.5131738,False,0.0,False,0.0,1,False,B_cell,3,581,1473.0,2.5118806
AGCCTCTGCCAATG-1,2,False,0.0,False,0.0,True,0.97030735,True,4.10771,False,0.0,2,True,NK_or_cytotoxic_T,2,809,1679.0,1.6676594
AGCGAACTGGATCT-1,0,True,1.715166,False,0.0,False,0.65527856,False,0.4773886,False,0.0,1,False,T_cell,0,921,3139.0,2.6760113
AGCGAACTTACTGG-1,0,False,0.87269473,False,0.99711645,True,0.87269473,False,0.5817965,False,0.0,1,False,B_cell,0,805,2117.0,1.4170997
AGCGATACGGAGCA-1,0,False,1.3048311,False,0.66249824,False,0.6524156,False,0.0,False,0.0,0,False,T_cell,0,542,1590.0,1.9496856
AGCGATTGAGATCC-1,2,False,0.0,False,1.1581761,True,1.065698,True,4.0437584,False,0.0,2,True,NK_or_cytotoxic_T,2,888,1919.0,2.1886399
AGCGCCGAATCTCT-1,0,False,1.088432,False,0.9372141,False,0.0,False,0.0,False,0.0,0,False,T_cell,0,519,1279.0,1.2509774
AGCGCCGACAGAGG-1,0,True,2.4531488,False,0.5184624,False,0.3888468,False,0.5184624,False,0.0,1,False,T_cell,0,1092,2678.0,1.6430172
AGCGCTCTACCTTT-1,0,True,2.9442909,False,0.0,False,0.0,False,0.0,False,0.0,1,False,T_cell,0,762,1767.0,1.4714205
AGCGGCACCGGGAA-1,0,False,1.1761742,False,0.5833628,False,0.4375221,False,0.0,False,0.0,0,False,T_cell,0,698,2103.0,1.616738
AGCGGCTGATGTGC-1,0,True,1.9869299,False,0.56293833,False,0.42220375,False,0.0,False,0.0,1,False,T_cell,0,752,2269.0,1.6306744
AGCGGGCTTGCCAA-1,0,False,1.3327434,False,0.0,False,0.0,False,0.5657134,False,0.0,0,False,T_cell,0,771,2244.0,1.5151515
AGCGTAACATGCTG-1,0,True,2.6497097,False,0.7416936,True,0.8172716,False,0.0,False,0.0,2,True,T_cell,0,899,2424.0,1.938944
AGCGTAACTGAGAA-1,1,False,0.0,False,0.79162776,True,3.7730267,False,0.0,False,0.48229998,1,False,myeloid,1,1101,3081.0,1.9798766
AGCTCGCTACTGGT-1,0,True,1.893934,True,1.5448186,False,0.4001344,False,0.5335126,False,0.0,2,True,T_cell,0,760,2531.0,2.094034
AGCTCGCTCTGCTC-1,0,True,2.4541693,False,0.0,False,0.0,False,0.0,False,0.0,1,False,T_cell,0,881,2673.0,1.4590348
AGCTGAACCATACG-1,4,False,0.0,False,0.7783915,True,2.7544746,False,0.47117507,False,0.0,1,False,myeloid,4,1124,3218.0,3.7600994
AGCTGAACCTCTCG-1,0,True,2.4494107,False,0.55666894,False,0.0,False,0.0,False,0.0,1,False,T_cell,0,809,2320.0,1.8965518
AGCTGCCTTGGGAG-1,1,False,0.0,False,0.78830713,True,3.4333563,False,0.0,False,0.0,1,False,myeloid,1,445,1037.0,4.4358726
AGCTGCCTTTCATC-1,0,True,2.8371804,True,1.0771734,False,0.3940891,False,0.35704035,False,0.0,2,True,T_cell,0,1703,5212.0,2.95472
AGCTGCCTTTCTGT-1,0,False,1.325544,False,0.56150377,False,0.0,False,0.0,False,0.0,0,False,T_cell,0,789,2282.0,2.0595968
AGCTGTGATCCAAG-1,0,False,1.0047742,False,0.6698495,False,0.0,False,0.0,False,0.0,0,False,T_cell,0,641,1551.0,3.6105738
AGCTTTACAAGTAG-1,0,True,1.6916993,False,0.0,True,0.84584963,False,0.0,False,0.0,2,True,T_cell,0,819,2261.0,1.6364441
AGCTTTACACCAAC-1,2,True,2.234078,False,0.78282833,False,0.0,True,1.7092884,False,0.0,2,True,T_cell,2,890,2114.0,3.1220436
AGCTTTACTCTCAT-1,3,False,0.0,True,2.6369197,False,0.39716163,False,0.0,False,0.0,1,False,B_cell,3,767,2570.0,1.5953308
AGGAAATGAGGAGC-1,0,False,1.7472205,False,0.6146775,False,0.0,False,0.0,False,0.0,0,False,T_cell,0,806,1880.0,0.69148934
AGGAACCTCTTAGG-1,4,False,0.0,True,1.5261974,True,2.364631,False,0.42723817,False,0.0,2,True,myeloid,4,1323,3844.0,2.9396462
AGGAACCTTGCCTC-1,2,True,2.4450707,False,0.7723253,True,1.0087037,True,1.9379017,False,0.0,3,True,T_cell,2,942,2188.0,1.8738574
AGGAATGATAACGC-1,0,True,2.5968614,False,1.0188353,False,0.0,False,0.0,False,0.0,1,False,T_cell,0,807,1975.0,2.7848103
AGGAATGATTTGTC-1,0,True,2.039129,False,0.7158674,True,0.78244495,False,0.0,False,0.0,2,True,T_cell,0,981,2648.0,1.3217523
AGGAGTCTGGTTTG-1,0,False,1.097547,True,1.0716804,False,0.40188015,False,0.0,False,0.0,1,False,T_cell,0,888,2508.0,2.3923445
AGGAGTCTTGTCAG-1,0,True,2.2924218,False,0.8028053,True,0.9007038,False,0.60046923,False,0.0,2,True,T_cell,0,726,1978.0,1.6177958
AGGATAGACATTTC-1,0,True,2.5603383,False,0.5875914,False,0.3069926,False,0.0,False,0.0,1,False,T_cell,0,1190,4146.0,1.1095031
AGGATAGAGGATTC-1,2,False,1.5314001,False,0.0,False,0.45194265,True,2.621985,False,0.0,1,False,NK_or_cytotoxic_T,2,826,1963.0,1.0697912
AGGATGCTACTAGC-1,3,False,0.0,True,3.1145315,False,0.0,False,0.0,False,0.0,1,False,B_cell,3,661,1805.0,1.1634349
AGGATGCTTTAGGC-1,2,False,0.0,False,0.69883823,False,0.0,True,3.0101044,False,0.0,1,False,NK_or_cytotoxic_T,2,713,1401.0,2.2127054
AGGCAACTGAAGGC-1,0,True,1.8399687,False,0.7101399,False,0.38737944,False,0.51650596,False,0.0,1,False,T_cell,0,816,2698.0,2.779837
AGGCAGGAGTACCA-1,2,True,2.5186572,False,0.7774565,False,0.43296534,False,0.9919223,False,0.0,1,False,T_cell,2,822,2152.0,3.7639406
AGGCCTCTAGTCGT-1,0,False,1.6571251,False,0.56317836,False,0.42238376,False,0.0,False,0.0,0,False,T_cell,0,806,2264.0,0.79505306
AGGCCTCTCGGAGA-1,0,True,2.126802,True,1.2947803,False,0.0,False,0.0,False,0.0,2,True,T_cell,0,864,2388.0,2.0519261
AGGCCTCTCGTAAC-1,0,False,0.0,False,0.9561802,False,0.0,False,0.0,False,0.0,0,False,B_cell,0,464,1205.0,0.66390043
AGGGACGACGTTGA-1,0,True,2.8980494,False,0.0,False,0.0,False,0.0,False,0.0,1,False,T_cell,0,664,1857.0,2.1540117
AGGGACGAGTCAAC-1,2,False,0.0,False,0.6035865,False,0.0,True,3.1981716,False,0.0,1,False,NK_or_cytotoxic_T,2,931,1957.0,1.5329586
AGGGACGAGTTGTG-1,0,True,2.2964396,False,0.0,False,0.38376805,False,0.51169074,False,0.0,1,False,T_cell,0,860,2746.0,1.3109978
AGGGACGATAGAGA-1,2,False,0.9597344,False,0.63982296,False,0.0,False,1.1936164,False,0.0,0,False,NK_or_cytotoxic_T,2,674,1722.0,3.8908248
AGGGACGATGCATG-1,2,True,2.8285124,False,0.62945354,True,0.94418025,False,1.2752573,False,0.0,2,True,T_cell,2,803,1783.0,1.0656197
AGGGAGTGAGCCTA-1,0,False,1.2003136,False,0.0,False,0.0,False,0.0,False,0.0,0,False,T_cell,0,464,997.0,0.8024072
AGGGCCACCATACG-1,0,True,2.894159,False,0.5908135,False,0.0,False,0.0,False,0.0,1,False,T_cell,0,788,2047.0,1.6121153
AGGGCGCTAACCAC-1,1,False,1.1220384,False,0.90385556,True,4.0746794,False,0.0,False,0.0,1,False,myeloid,1,1068,3558.0,2.445194
AGGGCGCTATGGTC-1,0,True,2.597497,False,0.65872264,False,0.49404195,False,0.0,False,0.0,1,False,T_cell,0,781,1609.0,4.474829
AGGGTGGACAGTCA-1,3,False,0.0,True,2.7358816,False,0.0,False,0.56741905,False,0.0,1,False,B_cell,3,843,2229.0,2.4674742
AGGGTGGACTCAAG-1,1,False,0.0,False,0.9131564,True,3.2712889,False,0.0,False,0.0,1,False,myeloid,1,779,2072.0,2.123552
AGGGTGGAGTTGCA-1,2,True,2.312852,False,0.0,False,0.42346764,False,1.1064574,False,0.0,1,False,T_cell,2,873,2253.0,1.8197957
AGGGTTTGTTCATC-1,1,False,0.0,False,0.0,True,2.465844,False,0.8323957,False,0.0,1,False,myeloid,1,707,1795.0,2.172702
AGGTCATGAGTGTC-1,3,False,0.0,True,2.2094777,True,1.2345077,False,0.0,False,0.0,2,True,B_cell,3,492,925.0,3.2432432
AGGTCATGCTTATC-1,2,False,1.3054149,False,0.6628608,False,0.0,True,1.8235393,False,0.0,1,False,NK_or_cytotoxic_T,2,669,1588.0,2.0151134
AGGTCTGATTCTCA-1,4,False,0.0,False,0.51321995,True,3.1257617,False,0.0,False,0.0,1,False,myeloid,4,982,2731.0,2.0871475
AGGTGGGAAGAATG-1,0,True,2.0805845,False,0.5927135,False,0.44453508,False,0.0,False,0.0,1,False,T_cell,0,749,2033.0,1.4756517
AGGTGGGAAGTTCG-1,0,True,3.8335865,False,1.018289,False,0.40453357,False,0.0,False,0.0,1,False,T_cell,0,789,2474.0,1.3742926
AGGTGTTGGTTACG-1,3,False,0.8776073,True,2.3719406,False,0.0,False,0.58507156,False,0.0,1,False,B_cell,3,780,2090.0,1.2918661
AGGTTCGAACCTCC-1,1,False,0.0,False,0.9212424,True,4.2593803,False,0.0,False,0.0,1,False,myeloid,1,561,1346.0,1.857355
AGGTTCGAACGTAC-1,1,False,0.0,False,0.66177475,True,3.9865963,False,0.0,False,0.0,1,False,myeloid,1,655,1592.0,1.4447236
AGGTTCGAGGGTGA-1,0,False,0.0,False,0.0,False,0.0,False,0.0,False,0.0,0,False,T_cell,0,432,1155.0,2.3376622
AGTAAGGAGTTTGG-1,0,True,2.862328,False,0.6074685,False,0.45560133,False,0.0,False,0.0,1,False,T_cell,0,801,1928.0,1.6597512
AGTAAGGATTCTTG-1,0,False,1.0342686,False,0.96865904,True,0.89073193,False,0.0,False,0.0,1,False,T_cell,0,945,2894.0,0.967519
AGTAATACATCACG-1,2,False,0.93293047,True,1.2439073,True,0.93293047,True,4.2110643,False,0.0,3,True,NK_or_cytotoxic_T,2,770,1832.0,2.3471615
AGTAATACCGAACT-1,3,False,0.0,True,1.8958783,False,0.0,False,0.0,False,0.0,1,False,B_cell,3,503,1236.0,2.5080907
AGTAATTGTCCCAC-1,0,True,2.6366038,False,0.61274385,False,0.0,False,0.0,False,0.0,1,False,T_cell,0,766,1892.0,1.4799154
AGTACGTGAGGGTG-1,0,True,2.5296714,False,0.54898286,False,0.0,False,0.0,False,0.0,1,False,T_cell,0,776,2386.0,1.6345348
AGTACGTGCTGCAA-1,0,True,2.635405,False,0.48895,True,0.87607795,False,0.0,False,0.0,2,True,T_cell,0,970,3001.0,1.2662446
AGTACGTGCTTGGA-1,0,False,0.0,False,0.90870595,False,0.0,False,0.0,False,0.0,0,False,B_cell,0,989,3506.0,1.2264689
AGTACTCTACGTGT-1,3,False,0.0,True,3.259139,False,0.0,False,0.0,False,0.65979564,1,False,B_cell,3,654,1604.0,1.8703243
AGTACTCTCAACCA-1,2,False,1.255816,False,0.83721066,False,0.0,False,1.411128,False,0.0,0,False,NK_or_cytotoxic_T,2,762,1766.0,4.869762
AGTACTCTCGGTAT-1,0,True,2.692374,False,0.0,False,0.44149542,False,0.5886606,False,0.0,1,False,T_cell,0,882,2063.0,1.5511391
AGTAGGCTTGCCTC-1,4,False,0.0,False,0.90411806,True,2.1287162,False,0.74827695,False,0.0,1,False,myeloid,4,1236,3561.0,2.780118
AGTATAACTTGTCT-1,4,False,0.5885843,False,0.83451796,True,2.9505177,False,0.5676638,False,0.0,1,False,myeloid,4,1499,4455.0,3.2098765
AGTATCCTAGAACA-1,0,False,1.2409892,False,0.0,False,0.46727487,False,0.0,False,0.0,0,False,T_cell,0,626,1826.0,0.87623227
AGTCACGATGAGCT-1,2,False,0.6528595,True,1.170268,False,0.0,True,3.7975779,False,0.0,2,True,NK_or_cytotoxic_T,2,1380,3719.0,1.4520032
AGTCAGACGAATAG-1,0,True,2.08716,False,0.46438617,False,0.3482896,False,0.46438617,False,0.0,1,False,T_cell,0,1170,3305.0,1.6641452
AGTCAGACGCTTAG-1,0,True,2.7110305,False,0.0,False,0.59698874,False,1.0113688,False,0.0,1,False,T_cell,0,491,1011.0,3.1651828
AGTCAGACTAGAGA-1,2,True,2.4217203,False,0.8005132,False,0.0,True,2.012766,False,0.0,2,True,T_cell,2,833,1994.0,1.9057171
AGTCAGACTGCACA-1,0,True,2.587285,False,0.6969668,False,0.0,False,0.50475657,False,0.0,1,False,T_cell,0,924,2820.0,1.4893618
AGTCCAGATATCTC-1,0,False,0.0,False,0.8407008,False,0.47654632,False,0.0,False,0.0,0,False,B_cell,0,581,1746.0,1.9473082
AGTCCAGATTTCAC-1,0,True,2.7291467,False,0.9097156,False,0.0,False,0.0,False,0.5844129,1,False,T_cell,0,842,2095.0,1.575179
AGTCGAACCAACCA-1,0,False,1.507888,False,0.6702227,False,0.502667,False,0.0,False,0.0,0,False,T_cell,0,596,1547.0,2.3270848
AGTCGCCTCCGTAA-1,0,True,2.7261322,False,0.5671746,False,0.0,False,0.0,False,0.0,1,False,T_cell,0,811,2231.0,0.76199013
AGTCTACTAGGGTG-1,1,False,0.0,False,0.0,True,3.7735295,False,0.7470224,False,0.0,1,False,myeloid,1,542,1192.0,0.9228188
AGTCTACTTGCATG-1,4,False,0.0,False,0.93205416,True,2.1522584,False,0.0,False,0.0,1,False,myeloid,4,1572,5204.0,3.324366
AGTCTTACACCACA-1,0,True,2.2493353,False,0.86487526,False,0.40880197,False,0.54506934,False,0.0,1,False,T_cell,0,758,2425.0,1.8556701
AGTCTTACTTCGCC-1,2,True,3.184718,False,0.99547434,False,0.4352774,False,1.2180042,True,2.142044,2,True,T_cell,2,854,2129.0,3.5697513
AGTCTTACTTCGGA-1,6,False,0.0,False,0.0,False,0.0,False,0.0,True,4.7923274,1,False,platelet,6,274,664.0,0.75301206
AGTGACTGCAACTG-1,4,False,0.0,False,0.87432945,True,2.5353832,False,0.38028812,False,0.0,1,False,myeloid,4,1413,4697.0,3.087077
AGTGTTCTAACCTG-1,0,False,1.3538852,False,0.6930597,False,0.37596104,False,0.0,False,0.0,0,False,T_cell,0,872,2858.0,0.9447166
AGTGTTCTATAAGG-1,0,True,2.1570113,True,1.6491983,False,0.0,False,0.0,False,0.0,2,True,T_cell,0,559,1309.0,2.2918258
AGTGTTCTCACTTT-1,1,False,0.0,False,0.0,True,4.505821,False,0.7019875,False,0.0,1,False,myeloid,1,907,2772.0,1.2265513
AGTTAAACCACTTT-1,0,False,1.0154095,False,0.48699185,False,0.36524388,False,0.0,False,0.0,0,False,T_cell,0,951,3024.0,2.7116404
AGTTATGAACAGTC-1,1,False,0.0,False,0.6249728,True,5.0868,False,0.0,False,0.0,1,False,myeloid,1,1175,3624.0,1.6280353
AGTTATGACTGAGT-1,0,True,3.062766,False,0.7864205,False,0.0,False,0.58546764,False,0.0,1,False,T_cell,0,946,2087.0,0.574988
AGTTATGAGTTCAG-1,0,True,1.790356,False,0.50091887,False,0.0,False,0.50091887,False,0.0,1,False,T_cell,0,905,2863.0,2.9339855
AGTTCTACCAGCTA-1,1,False,0.0,False,1.0796876,True,4.611294,False,0.0,False,0.0,1,False,myeloid,1,737,1632.0,2.4509804
AGTTCTTGAAGCCT-1,2,False,1.8459828,False,0.0,True,1.0887787,False,1.4228711,False,0.0,1,False,T_cell,2,604,1279.0,2.814699
AGTTGTCTACTACG-1,0,True,2.3874857,False,0.0,False,0.0,False,0.0,False,0.0,1,False,T_cell,0,843,2879.0,1.9451199
AGTTTAGATGGTCA-1,0,True,2.942357,False,0.0,False,0.5250701,False,0.0,False,0.0,1,False,T_cell,0,606,1395.0,2.4372761
AGTTTCACGGTCTA-1,2,True,3.018849,False,0.73016584,True,0.8016928,False,1.5224061,False,0.0,2,True,T_cell,2,1079,2520.0,1.1507937
AGTTTGCTACAGTC-1,0,True,2.3789303,True,1.9561301,False,0.0,False,0.0,False,0.0,2,True,T_cell,0,668,2092.0,1.7686424
AGTTTGCTACTGGT-1,2,False,0.0,True,1.2114708,False,0.0,True,3.0861437,False,0.0,2,True,NK_or_cytotoxic_T,2,785,1942.0,3.347065
AGTTTGCTCCAAGT-1,0,True,2.3961225,False,0.5904083,True,0.8856125,False,0.0,False,0.0,2,True,T_cell,0,726,2050.0,0.5365854
ATAAACACAGTGCT-1,3,False,0.0,True,3.0503738,False,0.4023595,False,0.0,False,0.0,1,False,B_cell,3,978,2500.0,1.84
ATAAACACCACCAA-1,0,True,2.0613232,False,0.4959962,False,0.0,False,0.4959962,False,0.0,1,False,T_cell,0,941,2918.0,3.6668952
ATAACAACATGCTG-1,1,False,0.0,False,0.8901596,True,4.6543417,False,0.0,False,0.766346,1,False,myeloid,1,994,2231.0,3.0479605
ATAACAACGTCTAG-1,0,True,2.776586,False,0.0,True,0.97209895,False,0.0,False,0.0,2,True,T_cell,0,655,1672.0,2.8708134
ATAACAACTTTGTC-1,0,True,2.1800346,False,0.7865652,True,1.0001869,False,0.0,False,0.0,2,True,T_cell,0,1013,3132.0,2.330779
ATAACATGTACTCT-1,0,True,2.287014,False,0.82300514,False,0.52625316,True,1.017893,False,0.0,2,True,T_cell,0,987,2776.0,1.4409221
ATAACCCTGTTGGT-1,0,True,2.2708874,False,0.0,False,0.64524376,False,0.0,False,0.0,1,False,T_cell,0,591,1638.0,3.052503
ATAACCCTTGGTAC-1,0,True,1.9470944,True,0.98671764,True,0.883119,False,0.0,False,0.0,3,True,T_cell,0,1041,2949.0,0.61037636
ATAAGTACGAATGA-1,3,False,0.0,True,2.337645,False,0.6565385,False,0.0,False,0.0,1,False,B_cell,3,625,1562.0,1.6645327
ATAAGTTGGTACGT-1,4,False,0.0,False,1.1397021,True,2.171973,False,0.0,False,0.0,1,False,myeloid,4,582,1355.0,2.4354243
ATAAGTTGTCTAGG-1,0,True,2.2573764,True,1.1091566,False,0.5643441,False,0.0,False,0.0,2,True,T_cell,0,814,2338.0,3.4644995
ATAATCGAGCTGAT-1,3,False,0.0,True,2.874815,False,0.0,False,0.0,False,0.0,1,False,B_cell,3,570,1386.0,1.9480519
ATAATCGATGGTTG-1,0,True,1.9565516,False,0.0,False,0.41498256,False,0.5533101,False,0.0,1,False,T_cell,0,775,2348.0,0.5536627
ATAATGACCTACTT-1,0,False,1.4744037,False,0.76891184,False,0.4271305,False,0.0,False,0.0,0,False,T_cell,0,822,2215.0,1.2189616
ATAATGACTCGTGA-1,1,False,0.0,True,1.4445946,True,3.259563,False,0.6202669,False,0.0,2,True,myeloid,1,715,1843.0,2.55019
ATACAATGTTAGGC-1,0,False,0.866889,False,0.99265885,False,0.0,False,0.0,False,0.0,0,False,B_cell,0,738,2148.0,1.6759777
ATACCACTCGTACA-1,1,False,0.0,False,0.68951243,True,4.3389893,False,0.0,False,0.0,1,False,myeloid,1,956,2896.0,2.0718231
ATACCACTCTAAGC-1,5,False,0.0,False,0.7894746,True,1.4161956,False,0.4098934,False,0.0,1,False,myeloid,5,1178,4138.0,2.4166265
ATACCACTGCCAAT-1,2,False,1.3074644,False,0.6641338,False,0.0,True,3.8971896,False,0.0,1,False,NK_or_cytotoxic_T,2,743,1580.0,3.3544302
ATACCGGAATGCTG-1,5,False,0.0,False,0.0,True,2.2458804,False,0.30805415,False,0.30805415,1,False,myeloid,5,1861,6582.0,2.2941356
ATACCGGACATTTC-1,1,False,0.0,False,1.0536609,True,4.134697,False,0.0,False,0.0,1,False,myeloid,1,841,2213.0,1.8978761
ATACCGGACTTCGC-1,0,False,1.2482525,False,0.99127567,False,0.0,False,0.0,False,0.0,0,False,T_cell,0,944,2694.0,2.2271714
ATACCGGAGGTGTT-1,1,False,0.8699735,False,0.9047022,True,4.9812727,False,0.0,False,0.0,1,False,myeloid,1,783,2129.0,2.1606388
ATACCGGATCTCGC-1,0,False,1.5865897,False,0.6350703,True,0.9526054,False,0.0,False,0.0,1,False,T_cell,0,643,1786.0,2.631579
ATACCTACGCATCA-1,0,False,1.2371547,False,0.82476985,False,0.38284215,False,0.5104562,False,0.0,0,False,T_cell,0,924,2761.0,2.0282507
ATACCTTGGGGCAA-1,0,False,1.4989259,False,0.62087893,False,0.5537401,False,0.4379391,False,0.0,0,False,T_cell,0,936,3678.0,1.3866231
ATACGGACAGACTC-1,1,False,0.0,False,0.8392996,True,4.6665053,False,0.0,False,0.0,1,False,myeloid,1,431,877.0,4.1049027
ATACGGACCTACTT-1,1,False,1.1802821,False,1.0017929,True,4.4041195,False,0.0,False,0.0,1,False,myeloid,1,490,1042.0,2.2072937
ATACGGACGAGGTG-1,3,False,1.111254,True,3.3419225,False,0.7149911,False,0.0,False,0.0,1,False,B_cell,3,532,1218.0,3.1198685
ATACGGACTATGCG-1,3,False,1.0266436,True,3.091456,False,0.0,False,0.0,False,0.0,1,False,B_cell,3,524,1474.0,2.1709633
ATACGGACTCTGGA-1,1,False,0.0,False,0.8942208,True,4.56863,False,0.0,False,0.0,1,False,myeloid,1,620,1470.0,3.4693878
ATACGTCTTAACGC-1,1,False,0.0,False,1.1928902,True,4.6308403,False,0.0,False,0.0,1,False,myeloid,1,749,2011.0,4.525112
ATACTCTGCTTCGC-1,1,False,0.5872673,False,0.8895345,True,3.3860416,True,0.78302306,False,0.0,2,True,myeloid,1,1334,4474.0,2.1680822
ATACTCTGGTATGC-1,2,False,0.9856824,False,0.0,False,0.0,True,3.2975588,False,0.0,1,False,NK_or_cytotoxic_T,2,834,1619.0,2.1618283
ATAGATACCATGGT-1,0,False,0.0,False,0.57361573,False,0.43021178,False,0.0,False,0.0,0,False,B_cell,0,790,2183.0,1.8323408
ATAGATACGACGAG-1,0,True,2.365437,False,0.9960704,False,0.43566573,False,0.0,False,0.0,1,False,T_cell,0,702,2123.0,2.6848798
ATAGATTGGTGTAC-1,3,False,0.0,True,2.4460034,False,0.0,False,0.0,False,0.0,1,False,B_cell,3,892,2749.0,2.0007274
ATAGCCGAACGGAG-1,0,True,2.6785297,False,0.5845445,False,0.43840834,False,0.0,False,0.0,1,False,T_cell,0,693,2095.0,2.673031
ATAGCGTGCAGATC-1,0,True,1.922495,False,0.8619599,True,0.8138013,False,0.0,False,0.0,2,True,T_cell,0,784,2448.0,1.0620916
ATAGCGTGCCCTTG-1,1,False,0.0,False,0.6792507,True,4.507241,False,0.0,False,0.0,1,False,myeloid,1,944,3004.0,1.1318243
ATAGCGTGGTATCG-1,1,False,0.0,False,0.7794235,True,4.1879816,False,0.0,False,0.0,1,False,myeloid,1,471,1069.0,1.7773621
ATAGCGTGTCTCTA-1,0,False,0.84332985,False,0.76088995,False,0.42166492,False,0.0,False,0.0,0,False,T_cell,0,839,2273.0,1.8477783
ATAGCTCTCTGATG-1,0,False,1.130801,False,1.0960763,False,0.5654005,False,0.0,False,0.0,0,False,T_cell,0,529,1163.0,2.9234738
ATAGCTCTGAGGTG-1,0,True,2.409798,False,0.60089195,False,0.45066893,False,0.60089195,False,0.0,1,False,T_cell,0,729,1975.0,2.1265824
ATAGGAGAAACAGA-1,1,False,0.0,False,0.63048697,True,3.390026,False,0.44627187,False,0.0,1,False,myeloid,1,1084,3554.0,2.1947103
ATAGGCTGTCAGAC-1,0,False,1.1617986,False,0.57462275,False,0.43096706,False,0.0,False,0.0,0,False,T_cell,0,802,2173.0,1.6566958
ATAGTCCTAGTGTC-1,1,False,0.0,False,0.7701358,True,4.472984,False,0.0,False,0.0,1,False,myeloid,1,886,2205.0,2.1315193
ATAGTCCTTGCATG-1,2,False,1.5093513,False,0.7910878,False,0.44230092,False,0.7910878,False,0.0,0,False,T_cell,2,815,2055.0,0.7785888
ATAGTCCTTGTCGA-1,0,True,2.0346155,True,1.2345515,False,0.39017886,False,0.0,False,0.0,2,True,T_cell,0,856,2662.0,1.1269722
ATAGTTGACAACTG-1,0,True,2.2054415,False,0.7730131,False,0.0,False,0.0,False,0.0,1,False,T_cell,0,746,2184.0,1.6025642
ATAGTTGACCCTCA-1,4,False,0.0,False,0.8473088,True,2.5792956,False,0.57908046,False,0.0,1,False,myeloid,4,1318,4273.0,1.872221
ATAGTTGAGACGTT-1,0,False,0.0,False,0.0,False,0.0,False,0.0,False,0.0,0,False,T_cell,0,545,2030.0,3.004926
ATAGTTGATAAGCC-1,0,False,0.0,False,0.8197259,False,0.0,False,0.0,False,0.0,0,False,B_cell,0,696,1870.0,1.657754
ATATACGAAGCCAT-1,0,False,0.8039199,False,0.85436845,False,0.0,False,0.0,False,0.0,0,False,B_cell,0,872,2505.0,1.6367266
ATATACGAATTGGC-1,0,True,2.6742187,True,1.0239663,True,0.63270265,False,0.0,False,0.0,3,True,T_cell,0,1154,3935.0,1.321474
ATATAGTGGAATGA-1,1,False,0.0,False,0.7814045,True,4.806154,False,0.7814045,False,0.0,1,False,myeloid,1,467,1062.0,2.9190207
ATATGCCTAGATCC-1,1,False,0.0,False,0.6100917,True,3.8885632,False,0.0,False,0.0,1,False,myeloid,1,725,1910.0,2.041885
ATATGCCTGGACAG-1,0,True,1.6252654,False,0.8392996,False,0.33705902,False,0.0,False,0.0,1,False,T_cell,0,1027,3509.0,2.1658592
ATATGCCTTCTCTA-1,0,False,1.1599331,False,0.0,False,0.57996655,False,0.0,False,0.0,0,False,T_cell,0,479,1090.0,1.3761468
ATATGCCTTGGTAC-1,0,True,2.086164,False,0.5944915,False,0.4458686,False,0.0,False,0.0,1,False,T_cell,0,728,2021.0,1.7318159
ATCAAATGAGCCTA-1,1,False,0.0,False,0.725275,True,3.993896,True,1.0601327,False,0.0,2,True,myeloid,1,926,2562.0,3.1225605
ATCAAATGGGTAAA-1,4,False,0.0,False,0.5831665,True,2.2521322,False,0.40555018,False,0.69842124,1,False,myeloid,4,1282,4211.0,2.2797437
ATCAACCTAAACGA-1,0,True,2.3670192,False,0.7165363,False,0.5374022,False,0.0,False,0.0,1,False,T_cell,0,907,2638.0,0.83396506
ATCAACCTGAGGAC-1,0,True,2.5873833,False,0.87924254,False,0.0,False,0.0,False,0.0,1,False,T_cell,0,833,2312.0,2.7249136
ATCAACCTTCTCTA-1,2,False,1.2817369,False,0.85449123,True,0.9509907,True,2.019477,False,0.53605306,2,True,NK_or_cytotoxic_T,2,1024,2505.0,2.9940119
ATCAACCTTTGTCT-1,2,False,0.7935488,False,0.8463759,False,0.3967744,True,1.9103782,False,0.0,1,False,NK_or_cytotoxic_T,2,838,2572.0,1.9051323
ATCACACTTTGTCT-1,0,True,2.7828784,False,0.0,False,0.39770526,False,0.0,False,0.0,1,False,T_cell,0,900,2560.0,2.109375
ATCACGGATTGCTT-1,1,False,0.0,False,0.8069793,True,4.075372,False,0.0,False,0.0,1,False,myeloid,1,457,975.0,5.8461537
ATCACGGATTTCGT-1,3,False,0.0,True,3.105546,False,0.4714961,False,0.0,False,0.0,1,False,B_cell,3,737,1792.0,2.1763394
ATCATCTGACACCA-1,6,False,0.0,False,0.0,False,0.6700319,False,0.0,True,4.7094035,1,False,platelet,6,367,737.0,0.6784261
ATCATGCTAGAGTA-1,2,False,1.2744277,False,0.84961843,False,0.0,False,1.3645719,False,0.0,0,False,NK_or_cytotoxic_T,2,459,850.0,3.4117646
ATCATGCTGAACCT-1,3,False,0.0,True,2.9703057,False,0.3564122,False,0.0,False,0.0,1,False,B_cell,3,1030,3165.0,2.3380728
ATCCAGGACGCTAA-1,4,False,0.0,False,0.43283594,True,1.2144682,False,0.43283594,False,0.0,1,False,myeloid,4,1279,3756.0,1.2513312
ATCCAGGATGGAAA-1,0,True,1.7414975,True,1.4857868,False,0.43537438,False,0.0,False,0.0,2,True,T_cell,0,756,2128.0,1.268797
ATCCATACTCCTTA-1,1,False,0.0,False,0.8633505,True,3.6099143,False,0.6564133,False,0.0,1,False,myeloid,1,662,1624.0,2.5246305
ATCCATACTTCATC-1,4,False,0.0,False,0.6033014,True,1.6710361,False,0.0,False,0.0,1,False,myeloid,4,1323,3916.0,2.3748724
ATCCCGTGCAGTCA-1,2,False,0.89692295,False,0.5979487,False,0.0,True,2.882097,False,0.0,1,False,NK_or_cytotoxic_T,2,1003,1996.0,1.9539078
ATCCCGTGCATGCA-1,3,False,0.0,True,2.104572,False,0.0,False,0.0,False,0.0,1,False,B_cell,3,359,776.0,2.8350515
ATCCCGTGGCTGAT-1,3,False,0.0,True,3.0836825,False,0.0,False,0.0,False,0.0,1,False,B_cell,3,770,2155.0,1.8097447
ATCCGCACGCATCA-1,3,False,0.0,True,2.1002226,False,0.41558722,False,0.0,False,0.0,1,False,B_cell,3,813,2341.0,2.0931225
ATCCTAACGACGGA-1,3,False,0.0,True,2.86627,False,0.62661123,False,0.0,False,0.0,1,False,B_cell,3,634,1776.0,3.65991
ATCCTAACGCTACA-1,2,True,2.9620154,False,0.5887946,False,0.4415959,False,0.79006016,False,0.0,1,False,T_cell,2,924,2064.0,1.6957365
ATCGACGAAACTGC-1,1,False,0.0,False,1.6882428,True,4.1371026,False,0.77009034,False,0.0,1,False,myeloid,1,1184,3308.0,1.1185006
ATCGACGAATGACC-1,0,True,2.103118,False,0.8130677,False,0.3753499,False,0.0,False,0.0,1,False,T_cell,0,901,2867.0,3.662365
ATCGAGTGGACGTT-1,2,True,2.5982666,False,0.9286041,False,0.0,False,1.3749145,False,0.0,1,False,T_cell,2,816,1973.0,1.6725799
ATCGCAGAATCTCT-1,4,False,0.0,True,1.0882338,True,0.97315323,False,0.39855358,False,0.0,2,True,B_cell,4,1421,4340.0,2.5576036
ATCGCAGAGTGTCA-1,3,False,0.0,True,2.783928,False,0.4370317,False,0.0,False,0.0,1,False,B_cell,3,771,2109.0,1.469891
ATCGCCACTGAGGG-1,2,True,2.9329548,False,0.6451751,False,0.48388132,False,1.2933145,False,0.0,1,False,T_cell,2,706,1687.0,2.8452876
ATCGCCTGGGTCAT-1,0,True,2.5798619,False,0.0,False,0.0,False,0.49983498,False,0.0,1,False,T_cell,0,953,2875.0,2.0173912
ATCGCCTGTGGCAT-1,3,False,0.0,True,2.2083664,False,0.0,False,0.0,False,0.0,1,False,B_cell,3,348,756.0,1.7195767
ATCGCGCTCAGAGG-1,1,False,0.0,False,1.0411893,True,4.4980345,False,0.0,False,0.0,1,False,myeloid,1,716,1842.0,3.3116176
ATCGCGCTGGGATG-1,0,False,1.059531,False,0.5131241,True,0.91460854,False,0.0,False,0.0,1,False,T_cell,0,870,2732.0,1.4641289
ATCGCGCTTTTCGT-1,3,False,0.0,True,2.647558,False,0.7206886,False,0.630089,False,0.0,1,False,B_cell,3,715,1779.0,2.5857222
ATCGGAACCAGTCA-1,0,True,2.5534015,False,0.0,True,1.1171683,False,0.0,False,0.0,2,True,T_cell,0,550,1199.0,0.9174312
ATCGGTGAGTCAAC-1,0,False,1.2259369,False,0.942736,False,0.46033734,False,0.0,False,0.0,0,False,T_cell,0,689,1885.0,1.6976128
ATCGGTGATTGCAG-1,0,True,2.2472863,False,0.0,True,0.7461246,False,0.0,False,0.0,2,True,T_cell,0,947,2901.0,2.895553
ATCGTTTGCCTACC-1,1,False,0.0,False,0.64281934,True,4.1104283,False,0.0,False,0.4570135,1,False,myeloid,1,1157,3404.0,2.2326674
ATCGTTTGGGTACT-1,1,False,0.0,False,0.0,True,4.8576965,False,0.0,False,0.6324867,1,False,myeloid,1,690,1765.0,3.2861187
ATCGTTTGTGCCAA-1,1,False,0.0,False,0.89295435,True,3.5101395,False,0.0,False,0.0,1,False,myeloid,1,383,737.0,1.899593
ATCTACACCCGCTT-1,1,False,0.0,False,0.8862916,True,4.490967,False,0.0,False,0.8862916,1,False,myeloid,1,374,754.0,1.7241379
ATCTACACCGGGAA-1,0,False,1.4261194,False,0.7384009,False,0.40640816,False,0.54187757,False,0.0,0,False,T_cell,0,882,2454.0,0.73349637
ATCTCAACAGGAGC-1,3,False,0.0,True,3.0668893,False,0.45712972,False,0.0,False,0.0,1,False,B_cell,3,697,1915.0,2.245431
ATCTCAACCTCGAA-1,0,False,0.0,False,0.0,False,0.0,False,0.0,False,0.0,0,False,T_cell,0,246,609.0,0.0
ATCTCAACCTTGTT-1,1,False,0.0,False,0.5792091,True,4.851512,False,0.0,False,0.0,1,False,myeloid,1,833,2138.0,2.1047707
ATCTGGGAAACCAC-1,1,False,0.0,False,0.5454021,True,4.4850774,False,0.5454021,False,0.5454021,1,False,myeloid,1,1006,2420.0,2.0661156
ATCTGGGAAGTGTC-1,1,False,0.0,False,0.6368623,True,2.6370802,False,0.45181844,False,0.0,1,False,myeloid,1,1181,3477.0,1.7256256
ATCTGGGATTCCGC-1,0,True,2.1065965,False,0.0,True,1.2907747,True,2.1147714,False,0.0,3,True,NK_or_cytotoxic_T,0,974,2771.0,2.634428
ATCTGTTGAACGGG-1,0,False,0.8367581,False,0.7560586,False,0.41837904,False,0.0,False,0.0,0,False,T_cell,0,856,2310.0,1.6017315
ATCTGTTGACCTCC-1,0,True,1.835341,False,0.7085106,False,0.62259847,False,0.0,False,0.0,1,False,T_cell,0,978,2713.0,1.4006635
ATCTGTTGCCTTCG-1,4,False,0.53650826,False,0.35767218,True,2.256378,False,0.35767218,False,0.0,1,False,myeloid,4,1551,5198.0,1.8083878
ATCTGTTGGTTGCA-1,0,False,1.0317101,False,0.6878068,False,0.0,False,0.49661636,False,0.0,0,False,T_cell,0,965,2911.0,1.3053933
ATCTTGACACCAAC-1,0,True,2.2592142,False,0.5159224,False,0.3869418,False,0.0,False,0.0,1,False,T_cell,0,907,2702.0,1.0362694
ATCTTGACCTCCCA-1,1,False,0.0,False,1.1291664,True,3.2873678,False,0.0,False,0.0,1,False,myeloid,1,565,1399.0,3.1451035
ATCTTTCTGCATCA-1,0,False,0.0,False,0.0,False,0.0,False,1.1878262,False,0.0,0,False,NK_or_cytotoxic_T,0,417,877.0,1.482326
ATCTTTCTGTTTCT-1,2,True,2.135563,True,1.3005105,False,0.0,True,1.5134593,False,0.0,3,True,T_cell,2,907,2366.0,1.0143703
ATCTTTCTTGTCCC-1,2,False,0.0,False,0.60994524,False,0.0,True,3.7790341,False,0.0,1,False,NK_or_cytotoxic_T,2,927,1915.0,3.4986947
ATGAAACTCTGTGA-1,0,True,1.6977696,False,0.6598853,False,0.3539709,False,0.0,False,0.0,1,False,T_cell,0,966,3205.0,1.123245
ATGAAACTGAGGCA-1,0,True,2.7858124,False,0.9286041,False,0.4508806,False,0.0,False,0.0,1,False,T_cell,0,658,1973.0,2.2301066
ATGAAGGAACAGCT-1,2,False,1.530591,False,0.89295435,False,0.0,True,1.5769889,False,0.0,1,False,NK_or_cytotoxic_T,2,727,1477.0,1.8280298
ATGAAGGACCTGTC-1,3,False,0.0,True,2.735457,False,0.68770707,False,0.0,False,0.5908135,1,False,B_cell,3,743,2047.0,3.7616022
ATGAAGGACCTTAT-1,3,False,0.0,True,2.1330314,False,0.63424516,False,0.0,False,0.0,1,False,B_cell,3,381,859.0,2.444703
ATGAAGGACTAGTG-1,3,False,0.0,True,2.3782406,False,0.0,False,0.9036807,False,0.0,1,False,B_cell,3,385,713.0,1.9635344
ATGAAGGACTTGCC-1,2,False,0.0,False,0.626928,False,0.47019595,True,3.2459579,False,0.0,1,False,NK_or_cytotoxic_T,2,905,1800.0,1.5
ATGACGTGACGACT-1,3,False,0.0,True,3.2355666,False,0.0,False,0.0,False,0.61437905,1,False,B_cell,3,645,1881.0,1.1695907
ATGACGTGATCGGT-1,1,False,0.93745923,True,0.88297147,True,3.1814885,False,0.44148573,False,0.0,2,True,myeloid,1,1167,3623.0,3.615788
ATGAGAGAAAGTGA-1,0,True,2.2909622,True,0.9987701,True,0.8927329,False,0.49938506,False,0.0,3,True,T_cell,0,936,2880.0,0.7291667
ATGAGAGAACGCAT-1,0,True,2.863669,False,0.7510576,True,0.8299651,False,0.0,False,0.0,2,True,T_cell,0,724,2350.0,1.106383
ATGAGAGAAGTAGA-1,3,False,0.0,True,2.2021549,False,0.49864808,False,0.0,False,0.0,1,False,B_cell,3,618,1575.0,3.3650794
ATGAGCACACAGCT-1,0,True,2.5050879,False,0.6444155,False,0.0,False,0.0,False,0.0,1,False,T_cell,0,1038,3387.0,1.9191024
ATGAGCACATCTTC-1,0,False,1.0815598,False,0.93235517,False,0.0,False,0.0,False,0.0,0,False,T_cell,0,853,2599.0,1.1927664
ATGATAACTTCACT-1,2,False,1.3245252,False,0.0,False,0.0,True,3.1738982,False,0.0,1,False,NK_or_cytotoxic_T,2,808,1523.0,1.0505581
ATGATATGAAACAG-1,0,True,2.8913093,True,1.1068839,True,0.68286425,False,0.36975265,False,0.0,3,True,T_cell,0,1403,4925.0,1.5837563
ATGATATGACTGGT-1,0,False,0.83117443,False,0.0,False,0.0,False,0.0,False,0.0,0,False,T_cell,0,762,2343.0,2.0913358
ATGATATGAGCACT-1,0,True,2.3165638,False,0.77218795,True,1.008507,False,0.0,False,0.0,2,True,T_cell,0,741,2189.0,1.2334399
ATGATATGGTCATG-1,0,True,2.8886106,False,0.631845,False,0.0,False,0.0,False,0.0,1,False,T_cell,0,687,1768.0,1.6968327
ATGATATGGTGCTA-1,2,False,0.0,False,0.60089195,False,0.45066893,True,3.7719936,False,0.0,1,False,NK_or_cytotoxic_T,2,932,1978.0,2.7300303
ATGATATGTTGTCT-1,1,False,0.0,False,0.9581715,True,3.3449745,False,0.0,False,0.0,1,False,myeloid,1,1096,2992.0,2.7072194
ATGCACGAATGTCG-1,3,False,0.0,True,2.878192,False,0.52744347,False,0.0,False,0.0,1,False,B_cell,3,601,1381.0,3.186097
ATGCACGACTGTAG-1,0,True,2.6769695,False,0.0,False,0.512583,False,0.0,False,0.0,1,False,T_cell,0,652,1479.0,1.6903313
ATGCACGAGAACCT-1,3,False,0.0,True,2.8769379,False,0.0,True,1.0476694,False,0.0,2,True,B_cell,3,895,2624.0,1.3338414
ATGCACGAGTTCGA-1,0,True,2.4355497,False,0.0,False,0.0,False,0.0,False,0.0,1,False,T_cell,0,682,1920.0,1.9791666
ATGCACGATTGGTG-1,1,False,0.0,False,0.5444052,True,3.3288918,False,0.0,False,0.0,1,False,myeloid,1,1553,4856.0,1.9357495
ATGCAGTGTTACCT-1,3,False,0.0,True,3.0934849,False,0.5250701,False,0.0,False,0.0,1,False,B_cell,3,604,1396.0,2.0773637
ATGCAGTGTTCTAC-1,0,True,1.963115,False,0.55538905,False,0.65753186,False,0.55538905,False,0.0,1,False,T_cell,0,823,2333.0,3.1290185
ATGCCAGAACGACT-1,0,False,1.4841471,False,0.5751279,True,0.8626918,False,0.0,False,0.0,1,False,T_cell,0,803,2167.0,1.9843102
ATGCCAGACAGTCA-1,1,False,1.0734671,False,0.9266281,True,4.5213466,False,0.0,False,0.0,1,False,myeloid,1,646,1323.0,2.87226
ATGCCGCTTGAACC-1,1,False,0.0,True,1.0815748,True,3.7082095,False,0.0,False,0.0,2,True,myeloid,1,917,2463.0,2.72026
ATGCGATGCTATGG-1,1,False,0.0,False,0.48912117,True,3.1671755,False,0.0,False,0.0,1,False,myeloid,1,942,2998.0,3.3355572
ATGCGATGCTGAGT-1,0,True,1.5970736,False,0.85022306,False,0.0,False,0.5323579,False,0.0,1,False,T_cell,0,850,2543.0,1.5336218
ATGCGATGGTTACG-1,3,False,0.0,True,2.2942677,False,0.4255643,False,0.0,False,0.0,1,False,B_cell,3,795,2230.0,1.3452915
ATGCGCCTTCATTC-1,0,False,1.0912145,False,0.53204393,False,0.39903295,False,0.0,False,0.0,0,False,T_cell,0,771,2544.0,2.633648
ATGCTTTGCGAATC-1,0,True,2.7151048,False,0.8573312,False,0.40388647,False,0.0,False,0.0,1,False,T_cell,0,949,2482.0,2.9411764
ATGCTTTGGGCGAA-1,2,True,2.8421645,False,0.0,False,0.0,False,1.2122531,False,0.0,1,False,T_cell,2,516,1083.0,2.3084025
ATGCTTTGTAGTCG-1,3,False,0.0,True,2.81046,True,1.1241702,False,0.0,False,0.0,2,True,B_cell,3,664,1682.0,1.6052319
ATGGACACATCGGT-1,0,True,2.010668,False,0.7901578,False,0.502667,False,0.4810611,False,0.0,1,False,T_cell,0,1001,3094.0,1.5190692
ATGGACACGCATCA-1,2,False,0.0,False,0.0,False,0.5938682,True,3.1233754,False,0.0,1,False,NK_or_cytotoxic_T,2,637,1025.0,2.7317073
ATGGGTACAACCTG-1,3,False,0.0,True,2.74462,False,0.0,False,0.0,False,0.0,1,False,B_cell,3,619,1348.0,2.818991
ATGGGTACATCGGT-1,2,False,0.92336273,False,0.6155752,False,0.0,True,2.923307,False,0.0,1,False,NK_or_cytotoxic_T,2,907,1873.0,1.6550988
ATGGGTACTATTCC-1,0,False,0.84857005,False,0.5657134,True,0.84857005,False,0.0,False,0.0,1,False,T_cell,0,961,2244.0,0.8912656
ATGGGTACTGGGAG-1,0,True,2.820632,False,0.541005,False,0.40575376,False,0.541005,False,0.0,1,False,T_cell,0,812,2458.0,1.5459723
ATGTAAACACCTCC-1,0,True,2.7583508,True,1.5678376,True,1.2974625,False,0.0,False,0.0,3,True,T_cell,0,793,2157.0,1.761706
ATGTAAACCCGCTT-1,0,True,1.9445293,False,0.49257404,False,0.0,False,0.0,False,0.0,1,False,T_cell,0,1043,2959.0,1.3518081
ATGTAAACGGGATG-1,5,False,0.0,False,0.6000473,True,3.2708578,False,0.0,False,0.0,1,False,myeloid,5,1343,3961.0,3.5344608
ATGTAAACTCTCCG-1,0,True,2.340752,False,0.74664724,False,0.49678314,False,0.74664724,False,0.0,1,False,T_cell,0,1326,4770.0,2.620545
ATGTAAACTTCACT-1,1,False,0.0,False,0.5157283,True,3.83646,False,0.0,False,0.0,1,False,myeloid,1,981,2707.0,2.4381232
ATGTACCTCAGTCA-1,0,False,1.3690579,False,0.5870587,True,0.88058805,False,0.0,False,0.0,1,False,T_cell,0,675,2078.0,2.454283
ATGTACCTTAGTCG-1,0,True,2.3282654,False,0.569384,False,0.42703795,False,0.0,False,0.0,1,False,T_cell,0,937,2214.0,0.40650403
ATGTACCTTTATCC-1,1,False,0.0,True,1.3445704,True,4.742055,False,0.6722852,False,0.6722852,2,True,myeloid,1,631,1536.0,2.6041665
ATGTACCTTTCACT-1,2,True,2.214392,False,0.9419052,True,1.0950724,True,2.7802296,False,0.0,3,True,NK_or_cytotoxic_T,2,1026,2523.0,1.6250495
ATGTCACTAATGCC-1,1,False,0.0,False,0.74810934,True,4.9581656,False,0.0,False,0.0,1,False,myeloid,1,1135,3558.0,1.9673973
ATGTCACTCTGCTC-1,0,False,0.0,False,0.7947898,False,0.75758696,False,0.7947898,False,0.0,0,False,B_cell,0,499,1016.0,3.4448817
ATGTCGGAGGTGAG-1,0,True,2.5665207,False,0.8722305,False,0.0,False,0.0,False,0.0,1,False,T_cell,0,948,2364.0,1.8612521
ATGTTCACAGTCTG-1,1,False,0.0,False,0.9374591,True,4.155141,False,0.0,False,0.0,1,False,myeloid,1,801,1918.0,1.9812305
ATGTTCACCGTAGT-1,0,True,2.3971877,False,0.73767465,False,0.0,False,0.0,False,0.0,1,False,T_cell,0,848,2457.0,2.8490028
ATGTTGCTTTCAGG-1,0,False,1.1957779,False,0.0,False,0.44648746,False,0.0,False,0.0,0,False,T_cell,0,741,2016.0,1.4384921
ATTAACGATGAGAA-1,2,False,1.4014337,False,0.72286296,False,0.0,True,4.2411733,False,0.0,1,False,NK_or_cytotoxic_T,2,604,1291.0,4.105345
ATTAACGATGCAAC-1,2,True,2.904288,False,0.593806,False,0.5966521,True,2.5282502,False,0.0,2,True,T_cell,2,864,2026.0,1.2339586
ATTAAGACTGCAGT-1,0,False,1.2782494,False,0.7647823,False,0.4845164,False,0.45981127,False,0.0,0,False,T_cell,0,1076,3366.0,1.7528223
ATTACCTGCCTTAT-1,1,False,0.6713874,True,1.41064,True,4.6060157,False,0.0,False,0.4475916,2,True,myeloid,1,1106,3536.0,1.5554298
ATTACCTGGAGGAC-1,4,False,0.0,False,0.0,True,2.9140844,False,0.757486,False,0.45375058,1,False,myeloid,4,1111,3449.0,0.985793
ATTACCTGGGCATT-1,3,False,0.0,True,3.061617,False,0.7870763,False,0.0,False,0.0,1,False,B_cell,3,456,898.0,5.122494
ATTAGATGTTTCAC-1,0,False,1.3724515,True,1.5945266,False,0.44179708,False,0.0,False,0.0,1,False,B_cell,0,624,2061.0,1.4556041
ATTATGGAATCTCT-1,0,False,1.0593698,False,0.5130282,False,0.0,False,0.5130282,False,0.0,0,False,T_cell,0,1008,2734.0,0.9144111
ATTCAAGAACGGGA-1,0,True,2.5274467,False,0.48505196,False,0.0,False,0.0,False,0.0,1,False,T_cell,0,908,3045.0,2.1674876
ATTCAAGACCTTTA-1,0,True,1.8030989,False,0.80341977,False,0.45077473,False,0.601033,False,0.0,1,False,T_cell,0,815,1974.0,2.1276596
ATTCAGCTCATTGG-1,6,False,0.0,False,0.0,True,1.7595063,False,0.0,True,4.5558414,2,True,platelet,6,346,917.0,2.9443839
ATTCCAACCATTGG-1,1,False,0.0,False,0.4980408,True,4.5754232,True,0.9960816,False,0.0,2,True,myeloid,1,1062,2895.0,3.1778927
ATTCCAACTTAGGC-1,2,False,0.91844964,False,0.6122998,False,0.0,True,3.8746526,False,0.0,1,False,NK_or_cytotoxic_T,2,803,1898.0,2.3182297
ATTCGACTCACTAG-1,0,True,2.390552,False,0.6313648,False,0.0,False,0.0,False,0.0,1,False,T_cell,0,749,1771.0,1.4680971
ATTCGACTGAATAG-1,1,False,0.0,False,0.7899136,True,4.761878,False,0.5886606,False,0.0,1,False,myeloid,1,779,2064.0,1.8410852
ATTCGACTTTTGTC-1,4,False,0.0,False,0.7192292,True,1.0913067,False,0.0,False,0.0,1,False,myeloid,4,1027,2617.0,2.4073367
ATTCGGGAAAGGCG-1,1,False,0.73329675,False,0.6790573,True,4.0405607,True,2.3885136,False,0.0,2,True,myeloid,1,1032,2999.0,2.0006669
ATTCGGGATTAGGC-1,0,True,3.2359262,False,0.9321143,False,0.0,False,0.0,False,0.0,1,False,T_cell,0,1040,3252.0,0.7072571
ATTCTTCTGATACC-1,0,True,1.9184766,False,0.0,False,0.0,False,0.0,False,0.0,1,False,T_cell,0,654,1722.0,2.0325203
ATTGAATGGACGGA-1,0,False,1.0101259,False,0.88159573,False,0.0,False,0.0,False,0.0,0,False,T_cell,0,631,1530.0,2.6143792
ATTGATGAAGGTTC-1,0,True,2.2776394,False,0.5537704,False,0.4153278,False,0.0,False,0.0,1,False,T_cell,0,755,2344.0,2.474403
ATTGATGACTGAGT-1,0,True,1.8117485,False,0.82147,False,0.5251487,False,0.0,False,0.0,1,False,T_cell,0,854,2793.0,1.396348
ATTGATGAGCGAAG-1,0,True,2.2981164,False,0.7585288,True,0.84011704,False,0.0,False,0.0,2,True,T_cell,0,850,2290.0,1.5720524
ATTGATGATCTATC-1,0,True,1.99453,False,0.0,False,0.42401212,False,0.5653495,False,0.0,1,False,T_cell,0,798,2248.0,2.2686834
ATTGCACTGACGGA-1,0,True,2.3316386,False,0.0,True,0.7254445,False,0.0,False,0.0,2,True,T_cell,0,864,3065.0,2.1533442
ATTGCACTGAGAGC-1,4,False,0.7376882,False,0.49179214,True,2.2655392,False,0.49179214,False,0.0,1,False,myeloid,4,1078,2965.0,1.7200675
ATTGCACTGGAGCA-1,1,False,0.9848853,False,0.8635406,True,4.48037,False,0.0,False,0.0,1,False,myeloid,1,690,1621.0,2.5909932
ATTGCACTTAGCCA-1,0,True,2.556086,False,0.5484196,False,0.0,False,0.0,False,0.0,1,False,T_cell,0,864,2393.0,0.87755954
ATTGCACTTGCTTT-1,4,False,0.0,False,0.98863804,True,1.9528263,True,1.177428,False,0.0,2,True,myeloid,4,1523,4892.0,2.207686
ATTGCTTGTTACTC-1,3,False,0.0,True,2.9043188,False,0.40747705,False,0.0,False,0.0,1,False,B_cell,3,838,2439.0,1.8860189
ATTGGTCTGACTAC-1,3,False,0.80360085,True,3.3087268,False,0.64059216,False,0.0,False,0.0,1,False,B_cell,3,966,2507.0,2.273634
ATTGGTCTTGTCTT-1,3,False,0.0,True,2.4367285,True,1.3300554,False,0.0,False,0.0,2,True,B_cell,3,389,752.0,1.3297873
ATTGTAGATTCCCG-1,5,False,0.0,False,0.34552047,True,2.9076288,False,0.0,False,0.0,1,False,myeloid,5,1654,5503.0,2.307832
ATTGTAGATTGCAG-1,0,True,2.1661913,False,0.52718395,False,0.39538795,False,0.52718395,False,0.52718395,1,False,T_cell,0,808,2589.0,2.7809966
ATTGTCTGCGTACA-1,0,True,2.5849955,False,0.5569024,False,0.0,False,0.0,False,0.0,1,False,T_cell,0,885,2317.0,1.8990073
ATTTAGGAACCATG-1,4,False,0.0,False,0.61269444,True,2.8238306,False,0.0,False,0.0,1,False,myeloid,4,1665,5680.0,2.8521125
ATTTAGGACAGAGG-1,0,False,1.5352056,False,0.74046934,False,0.4078073,False,0.0,False,0.0,0,False,T_cell,0,920,2435.0,1.0677618
ATTTCCGAGATGAA-1,0,True,2.216294,False,0.54220563,False,0.4066542,False,0.0,False,0.0,1,False,T_cell,0,855,2449.0,4.532462
ATTTCCGAGTGCTA-1,0,True,2.3244448,False,0.93909806,False,0.6103187,False,0.0,False,0.0,1,False,T_cell,0,807,1908.0,2.9874213
ATTTCGTGTATGGC-1,2,True,2.6145072,False,0.7646041,False,0.424194,True,3.2871106,False,0.0,2,True,NK_or_cytotoxic_T,2,859,2244.0,2.094474
ATTTCTCTACTTTC-1,4,False,0.0,False,1.0407473,True,1.3960989,False,0.0,False,0.0,1,False,myeloid,4,1276,4151.0,2.866779
ATTTCTCTAGCAAA-1,0,True,2.7221265,False,1.438276,False,0.40731215,False,0.0,False,0.0,1,False,T_cell,0,987,2441.0,1.351905
ATTTCTCTCACTTT-1,4,False,0.0,True,1.3359019,True,3.5966706,False,0.0,False,0.0,2,True,myeloid,4,1079,3223.0,2.0477817
ATTTCTCTTCCCAC-1,0,False,0.0,False,0.0,False,0.0,False,0.0,False,0.0,0,False,T_cell,0,678,1974.0,1.3677812
ATTTGCACAAGATG-1,1,False,1.011262,False,0.6741747,True,4.301445,False,0.0,False,0.6741747,1,False,myeloid,1,626,1525.0,4.196721
CAAAGCACAGCTCA-1,0,False,1.5433121,False,0.74552464,False,0.41123033,False,0.0,False,0.0,0,False,T_cell,0,831,2393.0,1.3372335
CAAAGCACCGTAAC-1,3,False,0.0,True,2.974267,False,0.4153278,False,0.0,False,0.0,1,False,B_cell,3,829,2347.0,1.7895185
CAAAGCACGGTAAA-1,2,True,2.9289443,False,0.0,True,1.018878,True,1.868204,False,0.0,3,True,T_cell,2,1009,2138.0,1.4031805
CAAAGCTGAAAGTG-1,0,False,1.8630712,False,0.736228,False,0.0,False,0.0,False,0.0,0,False,T_cell,0,547,1234.0,3.160454
CAAAGCTGTTGCTT-1,1,False,0.0,False,1.0750135,True,3.7355285,False,0.0,False,0.0,1,False,myeloid,1,893,2486.0,2.3732905
CAAATATGTGACAC-1,0,False,1.1154962,False,0.54662657,False,0.40996993,False,0.0,False,0.0,0,False,T_cell,0,722,2407.0,2.368093
CAAATTGAGGGCAA-1,0,False,0.8983885,False,0.5989257,False,0.0,False,0.0,False,0.0,0,False,T_cell,0,656,1988.0,1.9617707
CAAATTGATGGAGG-1,1,False,0.0,False,0.0,True,3.3047762,False,0.0,False,0.0,1,False,myeloid,1,415,846.0,3.9007094
CAACCAGAAAAGTG-1,0,True,2.8043299,False,0.0,False,0.0,False,0.0,False,0.0,1,False,T_cell,0,773,2237.0,2.5033526
CAACCAGAAGTGCT-1,0,True,2.6144118,True,1.1745405,False,0.4316306,False,0.0,False,0.0,2,True,T_cell,0,1262,4328.0,2.564695
CAACCAGAGTTCAG-1,1,False,0.0,False,1.070748,True,4.1334043,False,0.0,False,0.0,1,False,myeloid,1,1218,3776.0,2.8866525
CAACCAGATAGAAG-1,1,False,0.0,False,0.8925335,True,4.003372,False,0.0,False,0.0,1,False,myeloid,1,365,739.0,1.8944521
CAACCGCTGTTCAG-1,0,False,1.3886443,False,1.0164323,False,0.44898456,False,0.5986461,False,0.0,0,False,T_cell,0,661,1991.0,3.5660472
CAACCGCTTTGAGC-1,0,False,0.83852184,False,0.75735587,False,0.0,False,0.0,False,0.0,0,False,T_cell,0,805,2299.0,2.3923445
CAACGATGCGCAAT-1,4,False,0.0,False,0.38915747,True,2.953625,False,0.0,False,0.0,1,False,myeloid,4,1409,4519.0,2.0579774
CAACGTGACTCCAC-1,1,False,0.0,False,0.79970276,True,3.226244,False,0.0,False,0.0,1,False,myeloid,1,1094,2999.0,2.9343116
CAACGTGAGCCATA-1,2,False,1.8053616,False,0.6485796,False,0.4864347,True,2.0786672,False,0.0,1,False,NK_or_cytotoxic_T,2,779,1667.0,1.2597481
CAACGTGATCAAGC-1,1,False,0.0,False,0.8720999,True,3.5623903,False,0.0,False,0.0,1,False,myeloid,1,898,2365.0,2.1987314
CAAGAAGACCACAA-1,2,False,1.3818636,False,0.5946288,False,0.44597158,False,0.7964344,False,0.0,0,False,T_cell,2,830,2021.0,3.6120732
CAAGAAGACGTCTC-1,1,False,0.0,False,0.96726453,True,3.2929735,False,0.45089483,False,0.45089483,1,False,myeloid,1,1242,3488.0,2.3795872
CAAGAAGATTCTAC-1,0,False,1.5555092,False,0.8204876,True,0.9954617,False,0.0,False,0.0,1,False,T_cell,0,864,2810.0,1.2811388
CAAGACTGACCTGA-1,3,False,0.0,True,3.3609333,False,0.0,False,0.0,False,0.0,1,False,B_cell,3,576,1669.0,1.9173158
CAAGACTGAGTAGA-1,3,False,0.0,True,2.620276,False,0.0,False,0.0,False,0.0,1,False,B_cell,3,901,2612.0,1.7993875
CAAGCTGACCATAG-1,4,False,0.0,False,0.4317416,True,1.8316197,False,0.0,False,0.0,1,False,myeloid,4,1274,3773.0,2.8624437
CAAGCTGATCTATC-1,2,True,3.0642588,False,0.0,False,0.69800496,True,2.6796288,False,0.0,2,True,T_cell,2,852,1960.0,0.86734694
CAAGGACTGTTCAG-1,0,True,2.7556036,True,0.9560734,True,1.717242,False,0.0,False,0.0,3,True,T_cell,0,1006,3133.0,2.3619535
CAAGGACTTCTTTG-1,2,False,0.96750915,False,0.6450061,False,0.48375458,False,0.8510716,False,0.0,0,False,T_cell,2,719,1688.0,3.4952607
CAAGGTTGCTCCAC-1,0,True,1.8377872,True,1.2251915,True,0.9188936,False,0.0,False,0.0,3,True,T_cell,0,763,1896.0,1.7405063
CAAGGTTGTCATTC-1,3,False,0.0,True,2.780529,True,0.925392,False,0.0,False,0.0,2,True,B_cell,3,683,1868.0,3.2655246
CAAGGTTGTCTGGA-1,2,False,0.0,False,1.0085573,False,0.44382116,True,3.1334338,False,0.0,1,False,NK_or_cytotoxic_T,2,957,2040.0,1.9117647
CAAGTCGAAACAGA-1,3,False,0.0,True,3.0660534,False,0.0,False,0.0,False,0.0,1,False,B_cell,3,831,2294.0,4.751526
CAAGTCGATAGCGT-1,1,False,0.95874286,False,0.0,True,4.1398106,False,0.0,False,0.0,1,False,myeloid,1,724,1724.0,3.364269
CAATAAACGCCATA-1,1,False,0.0,False,0.0,True,3.7653067,False,0.0,False,0.0,1,False,myeloid,1,354,829.0,3.4981906
CAATAATGAACTGC-1,1,False,0.0,False,0.56462353,True,4.8430233,False,0.56462353,False,0.0,1,False,myeloid,1,763,2255.0,3.1042128
CAATATGACATGGT-1,0,True,2.738341,False,0.5097944,True,0.7646916,False,0.0,False,0.0,2,True,T_cell,0,910,2766.0,2.7114966
CAATATGACCTTCG-1,2,True,2.9190245,False,0.61482686,True,0.92224026,True,2.9677353,False,0.0,3,True,NK_or_cytotoxic_T,2,749,1878.0,1.8104367
CAATATGACGTTAG-1,0,False,1.2760614,False,0.0,False,0.48350132,False,0.0,False,0.0,0,False,T_cell,0,626,1691.0,3.2525134
CAATATGAGGAGCA-1,0,True,1.7418456,False,0.6755058,False,0.36429346,False,0.0,False,0.0,1,False,T_cell,0,870,3037.0,1.284162
CAATCGGAGAAACA-1,0,True,2.1776617,False,0.7175429,False,0.39234805,False,0.0,False,0.0,1,False,T_cell,0,795,2630.0,1.1406845
CAATCTACTGACTG-1,2,False,1.3729061,True,1.2168429,False,0.38391098,True,4.097698,False,0.0,2,True,NK_or_cytotoxic_T,2,1078,2744.0,1.9314868
CAATTCACCCAACA-1,2,True,2.3539138,False,0.82383096,False,0.0,False,1.4701271,False,0.0,1,False,T_cell,2,736,1845.0,3.0352304
CAATTCACGATAGA-1,0,True,2.8130267,False,0.73502845,False,0.40412882,False,0.0,False,0.0,1,False,T_cell,0,835,2479.0,1.573215
CAATTCACTTGTGG-1,0,False,0.0,False,0.0,False,0.5923254,False,0.0,False,0.0,0,False,myeloid,0,402,1032.0,1.7441862
CAATTCTGCTTGTT-1,1,False,0.69239813,True,1.3159672,True,3.594199,False,0.46159875,False,0.0,2,True,myeloid,1,1203,3343.0,2.3033204
CAATTCTGGCGTAT-1,1,False,0.0,False,0.6456828,True,3.3212602,False,0.6456828,False,0.6456828,1,False,myeloid,1,699,1684.0,3.7410927
CACAACGATACGAC-1,0,True,2.1213765,False,0.5470735,False,0.0,False,0.0,False,0.0,1,False,T_cell,0,755,2405.0,2.8690228
CACAATCTTGTTCT-1,0,True,2.6345193,False,0.6702227,False,0.65862983,False,0.0,False,0.0,1,False,T_cell,0,697,1547.0,1.9392374
CACAATCTTTCCAT-1,2,True,2.6930907,False,0.72454524,False,0.32000613,True,1.034506,False,0.0,2,True,T_cell,2,1229,3853.0,2.5434728
CACACCTGCTTGAG-1,0,True,2.295205,False,0.0,False,0.0,False,0.0,False,0.0,1,False,T_cell,0,637,1594.0,1.0037642
CACACCTGTATGGC-1,0,False,1.2283679,False,0.6152756,False,0.61418396,False,0.0,False,0.0,0,False,T_cell,0,666,1875.0,4.7466664
CACAGAACCCTTGC-1,3,False,0.89235556,True,1.1898074,False,0.0,False,0.92155194,False,0.0,1,False,B_cell,3,846,2019.0,3.0212977
CACAGAACCTGATG-1,0,True,2.5050497,False,0.50319487,False,0.37739614,False,0.0,False,0.0,1,False,T_cell,0,1036,2838.0,3.875969
CACAGATGGGATTC-1,0,True,1.8707447,False,0.0,False,0.35255972,False,0.65774304,False,0.0,1,False,T_cell,0,1027,3230.0,1.9814242
CACAGATGGTTTCT-1,1,False,0.0,False,0.0,True,4.6296144,False,0.5853355,True,2.6587636,2,True,myeloid,1,831,2090.0,1.5311005
CACAGCCTGATACC-1,0,True,2.5843406,False,0.0,True,0.8999733,True,1.0078566,False,0.0,3,True,T_cell,0,999,2831.0,2.543271
CACAGCCTTGCCAA-1,4,False,0.0,True,1.1196827,True,3.2092373,False,0.0,False,0.0,2,True,myeloid,4,942,2294.0,2.9206626
CACAGCCTTGTAGC-1,0,True,2.7628236,True,1.2570966,False,0.0,False,0.0,False,0.0,2,True,T_cell,0,891,2555.0,1.448141
CACAGTGATGAAGA-1,1,False,0.0,False,0.0,True,4.537335,False,0.0,False,0.0,1,False,myeloid,1,1007,3016.0,2.7519894
CACATACTACAGCT-1,2,False,1.2340132,False,0.61874354,False,0.0,False,1.4461727,False,0.0,0,False,NK_or_cytotoxic_T,2,712,1854.0,1.5641855
CACATGGAACACGT-1,0,True,2.4097981,False,0.80326605,False,0.36910444,False,0.0,False,0.0,1,False,T_cell,0,990,2962.0,1.249156
CACATGGAAGTCGT-1,0,False,1.1076013,False,0.54187757,False,0.0,False,0.0,False,0.0,0,False,T_cell,0,725,2453.0,2.4459844
CACCACTGCCAACA-1,0,True,1.6913382,False,0.5637794,False,0.42283455,False,0.0,False,0.0,1,False,T_cell,0,745,2259.0,2.0805666
CACCACTGGCGAAG-1,2,True,1.7066735,False,0.56889117,True,1.0028441,True,3.4491532,False,0.0,3,True,NK_or_cytotoxic_T,2,921,2221.0,1.4407924
CACCCATGTTCTGT-1,0,False,1.4676012,False,0.0,False,0.0,False,1.2004769,False,0.0,0,False,T_cell,0,333,561.0,4.456328
CACCGGGAATCGAC-1,0,True,1.7854658,False,0.0,False,0.51819414,False,0.49938506,False,0.0,1,False,T_cell,0,1042,2879.0,1.111497
CACCGGGACGAGAG-1,2,True,2.8010502,False,0.5273886,True,0.7910828,True,2.936356,False,0.0,3,True,NK_or_cytotoxic_T,2,895,2588.0,2.0479136
CACCGGGACGTGTA-1,0,True,2.823933,False,0.6698495,False,0.0,False,0.0,False,0.0,1,False,T_cell,0,873,3096.0,1.8087854
CACCGGGACTTCTA-1,7,True,2.6794395,False,0.5776063,True,0.8200016,False,0.77780676,False,0.0,2,True,T_cell,7,1612,4297.0,4.0958805
CACCGGGACTTGCC-1,2,True,1.8840891,False,0.0,False,0.0,False,1.4063275,False,0.0,1,False,T_cell,2,724,1792.0,4.966518
CACCGGGATTCGGA-1,2,True,1.9638479,False,0.0,False,0.0,True,2.2706504,False,0.0,2,True,NK_or_cytotoxic_T,2,929,2329.0,3.6066983
CACCGTACTAAGGA-1,3,False,0.0,False,0.8569592,False,0.487854,False,0.65047204,False,0.0,0,False,B_cell,3,601,1657.0,2.4743512
CACCGTACTAGCGT-1,0,True,1.834419,False,0.5147601,False,0.38607004,False,0.0,False,0.0,1,False,T_cell,0,862,2715.0,2.0994475
CACCTGACACCCAA-1,2,True,2.3219056,False,0.7666149,False,0.0,True,2.1566408,False,0.0,2,True,T_cell,2,908,2229.0,1.8393898
CACCTGACCAGAAA-1,0,False,1.6016324,False,0.64399445,False,0.63748574,False,0.0,False,0.0,0,False,T_cell,0,658,1695.0,2.182891
CACCTGACCTCAAG-1,2,True,2.1263895,False,0.0,False,0.45549268,True,2.3258076,False,0.0,2,True,NK_or_cytotoxic_T,2,775,1929.0,2.1254535
CACCTGACGAAAGT-1,3,False,0.0,True,2.2989707,False,0.46937335,False,0.0,False,0.0,1,False,B_cell,3,724,1807.0,1.3281683
CACCTGACTCGTAG-1,0,True,2.0450697,False,0.5814066,False,0.5864799,False,0.0,False,0.0,1,False,T_cell,0,753,2118.0,2.6440036
CACGAAACTTCCGC-1,3,False,0.0,True,2.2337856,False,0.4368359,False,0.0,False,0.0,1,False,B_cell,3,741,2111.0,1.705353
CACGACCTCGATAC-1,3,False,0.0,True,1.8916659,False,0.47412422,False,0.0,False,0.0,1,False,B_cell,3,690,1766.0,2.1517553
CACGCTACAGAAGT-1,0,False,1.3749571,False,0.0,False,0.68747854,False,0.0,False,0.0,0,False,T_cell,0,379,684.0,3.2163744
CACGCTACTGTTCT-1,3,False,0.0,True,3.3021016,False,0.0,False,0.0,False,0.0,1,False,B_cell,3,608,1448.0,2.3480663
CACGCTACTTGACG-1,1,False,0.0,False,0.0,True,4.2120314,False,0.0,False,0.0,1,False,myeloid,1,476,1129.0,6.200177
CACGGGACAGAGTA-1,0,True,2.3599977,False,1.0184603,False,0.36877906,False,0.0,False,0.0,1,False,T_cell,0,927,2969.0,2.256652
CACGGGACATAAGG-1,0,False,1.128114,True,1.6626952,False,0.41567376,False,0.0,False,0.0,1,False,B_cell,0,777,2340.0,1.5811967
CACGGGACGTAGGG-1,0,True,2.6445262,False,0.715089,False,0.39069983,False,0.0,False,0.0,1,False,T_cell,0,969,2653.0,0.6784772
CACGGGTGCTTCGC-1,2,False,1.8460371,False,0.6285034,False,0.47137752,False,1.5215367,False,0.0,0,False,T_cell,2,827,1790.0,1.2290503
CACGGGTGGAGGAC-1,2,False,1.302794,False,0.6612334,False,0.0,True,3.1284804,False,0.0,1,False,NK_or_cytotoxic_T,2,709,1595.0,2.445141
CACGGGTGTGTTTC-1,0,False,1.2485934,False,0.8323957,False,0.6242967,False,0.0,False,0.0,0,False,T_cell,0,385,897.0,1.0033444
CACTAACTCCTAAG-1,3,False,0.0,True,2.8300805,False,0.0,False,0.0,False,0.0,1,False,B_cell,3,690,1605.0,1.8068535
CACTAACTGAAAGT-1,0,False,0.8422556,False,0.0,False,0.4211278,False,0.56150377,False,0.0,0,False,T_cell,0,769,2280.0,1.1403508
CACTAGGATGATGC-1,3,False,0.0,True,2.6461132,False,0.0,False,0.0,False,0.0,1,False,B_cell,3,554,1219.0,2.0508614
CACTATACCCCGTT-1,3,False,0.0,True,2.8557625,False,0.0,False,0.5294455,False,0.0,1,False,B_cell,3,892,2570.0,1.4396887
CACTATACGTTTGG-1,2,False,1.425735,False,0.62072575,False,0.4655443,False,1.5124453,False,0.0,0,False,NK_or_cytotoxic_T,2,761,1840.0,2.771739
CACTGAGACAGTCA-1,1,False,0.0,False,0.8976254,True,3.8036668,False,0.0,False,0.0,1,False,myeloid,1,367,727.0,3.8514442
CACTGCACTTCATC-1,0,True,2.3207195,False,0.0,False,0.0,False,0.0,False,0.0,1,False,T_cell,0,731,1917.0,2.4517474
CACTGCTGAGACTC-1,4,False,0.7159616,False,0.66596353,True,2.7022395,False,0.0,False,0.0,1,False,myeloid,4,1103,3139.0,2.3255813
CACTGCTGGAAAGT-1,0,False,1.4193256,False,0.78869575,False,0.5915218,False,0.0,False,0.0,0,False,T_cell,0,944,3108.0,1.8661519
CACTTAACCGAATC-1,0,True,1.9922419,False,0.0,False,0.0,False,0.0,False,0.0,1,False,T_cell,0,832,2253.0,4.837994
CACTTAACCGTACA-1,3,False,1.0124017,True,3.0499818,False,0.50620085,False,0.0,False,0.0,1,False,B_cell,3,675,1522.0,2.6938238
CACTTTGACTCTAT-1,2,False,1.003936,False,0.6692907,False,0.0,False,1.393887,False,0.0,0,False,NK_or_cytotoxic_T,2,652,1552.0,2.1907215
CACTTTGAGCTGTA-1,2,False,1.300189,False,0.0,False,0.0,False,0.8667927,False,0.0,0,False,T_cell,2,418,802.0,1.4962593
CAGAAGCTCTCAAG-1,0,True,2.2906132,False,0.0,False,0.0,False,0.0,False,0.0,1,False,T_cell,0,727,2256.0,1.7730497
CAGACATGAACGGG-1,0,True,2.2840285,False,0.0,True,0.833606,False,0.0,False,0.0,2,True,T_cell,0,745,2327.0,1.2892135
CAGACATGTCGACA-1,0,False,1.0956014,True,1.3875718,False,0.6396738,False,0.0,False,0.0,1,False,B_cell,0,872,2519.0,1.905518
CAGACCCTAAGGTA-1,4,False,0.0,False,0.9116554,True,2.6262462,False,0.0,False,0.0,1,False,myeloid,4,1336,4166.0,2.9764762
CAGACCCTAATGCC-1,0,True,2.4604974,False,0.75839823,False,0.0,False,0.0,False,0.0,1,False,T_cell,0,863,2292.0,4.886562
CAGACCCTAGGAGC-1,0,True,2.1239092,True,1.0291339,True,1.1577756,False,0.0,False,0.0,3,True,T_cell,0,934,2716.0,2.1723123
CAGACTGAGTATGC-1,0,False,0.7725751,False,0.0,False,0.5313829,False,0.0,False,0.0,0,False,T_cell,0,844,2712.0,2.0280237
CAGATCGAATGTCG-1,3,False,0.0,True,2.9020848,True,1.0079172,False,0.0,False,0.0,2,True,B_cell,3,721,2192.0,4.379562
CAGATCGACCTGAA-1,0,False,1.2369888,False,0.0,False,0.6184944,True,1.8660218,False,0.0,1,False,NK_or_cytotoxic_T,0,432,921.0,3.4744844
CAGATCGATATGGC-1,0,False,1.090517,False,0.7270114,False,0.3987196,False,0.0,False,0.0,0,False,T_cell,0,782,2546.0,0.9819324
CAGATGACATTCTC-1,2,False,0.0,False,0.591084,False,0.0,True,2.7616544,False,0.0,1,False,NK_or_cytotoxic_T,2,1006,2047.0,2.6380067
CAGCAATGCCTTCG-1,0,False,0.7947888,False,0.5298592,False,0.3973944,False,0.0,False,0.0,0,False,T_cell,0,834,2564.0,1.4820592
CAGCAATGGAGGGT-1,2,False,0.0,False,0.0,False,0.4827436,True,4.026121,False,0.0,1,False,NK_or_cytotoxic_T,2,840,1698.0,1.8256773
CAGCAATGGTGCTA-1,0,False,1.4584126,False,0.0,False,0.4202363,False,0.5603151,False,0.0,0,False,T_cell,0,840,2290.0,1.5720524
CAGCAATGTCTACT-1,1,False,0.82585114,False,0.55056745,True,4.35292,False,0.55056745,False,0.0,1,False,myeloid,1,819,2374.0,2.653749
CAGCAATGTGACCA-1,0,True,2.1350574,False,0.81328,False,0.0,False,0.0,False,0.0,1,False,T_cell,0,699,1911.0,1.1512297
CAGCAATGTGAGGG-1,1,False,1.1661848,False,0.7774565,True,3.6133351,False,0.0,False,0.0,1,False,myeloid,1,489,1078.0,2.4118738
CAGCACCTAAGCCT-1,0,True,2.8685405,False,0.6258311,False,0.46937335,False,0.0,False,0.0,1,False,T_cell,0,665,1808.0,2.3783185
CAGCACCTAGGCGA-1,0,True,2.573523,False,0.68941176,False,0.0,False,0.68941176,False,0.0,1,False,T_cell,0,576,1447.0,2.349689
CAGCACCTGTAGGG-1,1,False,0.0,False,0.606456,True,4.446107,False,0.0,False,0.42549127,1,False,myeloid,1,1291,3872.0,2.9183886
CAGCATGACAACCA-1,1,True,1.6947451,False,0.8659283,True,4.6298676,False,0.0,False,0.0,2,True,myeloid,1,1102,3218.0,3.1696706
CAGCATGAGACGTT-1,2,False,0.864975,False,0.57665,False,0.0,False,0.9911876,False,0.0,0,False,NK_or_cytotoxic_T,2,826,2157.0,4.0797405
CAGCCTACCCAACA-1,0,True,1.8081875,False,0.69894266,True,1.2058532,False,0.5065156,False,0.0,2,True,T_cell,0,880,2802.0,0.8922199
CAGCCTTGCTACCC-1,1,False,0.9306296,False,0.9501487,True,4.9130216,False,0.0,False,0.0,1,False,myeloid,1,738,1842.0,2.605863
CAGCCTTGGGGACA-1,0,True,2.142939,False,0.0,False,0.39017886,False,0.0,False,0.0,1,False,T_cell,0,904,2662.0,0.97670925
CAGCGGACACCCTC-1,0,True,2.640533,False,0.0,False,0.0,False,0.8174529,False,0.0,1,False,T_cell,0,686,1885.0,2.3342175
CAGCGGACCTTTAC-1,2,False,0.0,False,0.0,False,0.0,True,3.690292,False,0.0,1,False,NK_or_cytotoxic_T,2,874,2174.0,2.529899
CAGCGTCTAAAGCA-1,0,True,2.0580392,False,0.6860131,False,0.0,False,0.0,False,0.0,1,False,T_cell,0,887,2929.0,2.5947423
CAGCGTCTTATCGG-1,0,True,2.1862776,False,0.53319705,False,0.0,False,0.0,False,0.0,1,False,T_cell,0,873,2532.0,3.8704581
CAGCTAGATGTGAC-1,1,False,0.0,False,0.0,True,3.657328,False,0.0,False,0.0,1,False,myeloid,1,560,1263.0,4.1963577
CAGCTCTGAGGCGA-1,0,True,2.1128964,False,0.60301673,False,0.0,False,0.60301673,False,0.0,1,False,T_cell,0,766,1959.0,1.123022
CAGCTCTGCAAGCT-1,2,False,1.3101139,False,0.8734093,False,0.0,False,1.3553427,False,0.0,0,False,NK_or_cytotoxic_T,2,710,1570.0,1.1464968
CAGCTCTGTCGTAG-1,1,False,0.0,False,1.1138685,True,4.494326,False,0.0,False,0.0,1,False,myeloid,1,1135,3302.0,2.2713506
CAGCTCTGTGTGGT-1,2,False,0.0,False,0.5756342,True,1.1065557,True,3.7345326,False,0.0,2,True,NK_or_cytotoxic_T,2,1054,2170.0,1.843318
CAGGAACTAACTGC-1,2,False,1.181806,False,0.5867928,True,0.8801892,False,0.5867928,False,0.0,1,False,T_cell,2,805,2077.0,2.407318
CAGGAACTCTCAGA-1,1,False,0.0,False,0.6344218,True,4.164614,False,0.0,False,0.0,1,False,myeloid,1,724,1752.0,1.5981736
CAGGCCGAACACCA-1,0,True,2.02345,False,0.71046686,False,0.0,False,0.0,False,0.0,1,False,T_cell,0,973,2694.0,2.1158128
CAGGCCGAACACGT-1,0,True,1.5385243,False,0.42259502,False,0.31694627,False,0.0,False,0.0,1,False,T_cell,0,1201,3917.0,1.0977789
CAGGCCGAACGACT-1,0,False,1.6318613,False,0.7462725,False,0.0,False,0.0,False,0.0,0,False,T_cell,0,575,1194.0,2.7638192
CAGGCCGAATCTCT-1,4,False,0.0,False,0.54264385,True,1.5549059,False,0.9516451,False,0.0,1,False,myeloid,4,838,2444.0,1.2684125
CAGGCCGACTAGCA-1,3,False,0.0,True,3.1295066,False,0.4153278,False,0.0,False,0.0,1,False,B_cell,3,865,2346.0,2.4296675
CAGGGCACCATACG-1,3,False,0.0,True,2.8295197,False,0.0,False,0.71698326,False,0.0,1,False,B_cell,3,546,1318.0,2.8072839
CAGGGCACCCAACA-1,0,True,2.4810743,False,0.0,False,0.0,False,0.0,False,0.5660778,1,False,T_cell,0,811,2241.0,2.2757697
CAGGGCACTCCCGT-1,0,True,2.8859954,False,0.559723,False,0.5686029,False,0.0,False,0.0,1,False,T_cell,0,884,2293.0,1.2211077
CAGGTAACAGACTC-1,1,False,0.0,False,0.7358676,True,3.2767622,False,0.0,False,0.53959435,1,False,myeloid,1,886,2472.0,2.10356
CAGGTATGAGTCGT-1,0,True,1.7391728,False,0.5797243,False,0.4347932,False,0.0,False,0.0,1,False,T_cell,0,791,2135.0,1.3583138
CAGGTATGTGCTTT-1,0,True,2.2569687,False,0.51524365,False,0.5315454,False,0.0,False,0.0,1,False,T_cell,0,1026,2710.0,1.8450184
CAGGTTGAGGATCT-1,3,False,0.0,True,2.798523,True,0.40508354,False,0.0,False,0.0,2,True,B_cell,3,2000,8015.0,2.694947
CAGTGATGGACGGA-1,3,False,0.0,True,3.062871,False,0.0,False,0.0,False,0.0,1,False,B_cell,3,644,1530.0,1.2418301
CAGTGATGGCTAAC-1,2,False,1.5069662,False,0.0,False,0.50224733,True,3.72612,False,0.0,1,False,NK_or_cytotoxic_T,2,763,1549.0,3.0342157
CAGTGATGGGACAG-1,0,True,2.7712772,False,0.7671087,False,0.6409145,False,0.0,False,0.0,1,False,T_cell,0,969,3339.0,2.6355195
CAGTGATGTAAGGA-1,3,False,0.0,True,3.2969282,True,0.84386826,False,0.7612855,False,0.0,2,True,B_cell,3,800,2269.0,1.7188189
CAGTGATGTACGCA-1,3,False,0.0,False,1.0107417,False,0.0,False,0.0,False,0.0,0,False,B_cell,3,359,1015.0,3.1527095
CAGTGTGAACACGT-1,0,False,0.0,False,0.0,False,0.0,False,1.4358578,False,0.0,0,False,NK_or_cytotoxic_T,0,307,548.0,6.569343
CAGTGTGATGTCAG-1,0,True,2.260772,False,0.0,False,0.0,False,0.0,False,0.0,1,False,T_cell,0,624,2050.0,1.4634147
CAGTTACTAAGGTA-1,3,False,0.0,True,2.6548135,False,0.37616527,False,0.5015537,False,0.0,1,False,B_cell,3,993,2856.0,2.8011205
CAGTTACTGATAGA-1,0,True,2.68818,False,0.0,False,0.57903796,False,0.0,False,0.0,1,False,T_cell,0,800,2192.0,1.5510949
CAGTTGGAAAGAGT-1,1,False,0.0,True,1.2614391,True,3.776879,False,0.6201141,False,0.0,2,True,myeloid,1,1167,3688.0,1.5997831
CAGTTGGACATACG-1,0,False,1.2933183,False,0.73937225,False,0.0,False,0.0,False,0.0,0,False,T_cell,0,833,2445.0,1.7995911
CAGTTTACACACGT-1,2,False,1.4408468,False,1.3990988,True,0.527436,True,2.0114026,False,0.0,2,True,NK_or_cytotoxic_T,2,1871,5346.0,1.3093902
CAGTTTACCCCAAA-1,0,True,2.7495878,False,0.6057354,False,0.45430154,False,0.0,False,0.0,1,False,T_cell,0,616,1940.0,2.0103092
CATAAAACGGAGCA-1,1,False,0.0,False,0.5529654,True,4.7863145,False,0.0,False,0.0,1,False,myeloid,1,822,2351.0,3.3602722
CATAAATGAACTGC-1,0,True,2.3697407,False,0.0,False,0.44149542,False,0.0,False,0.0,1,False,T_cell,0,647,2063.0,2.7144935
CATAACCTTCTCCG-1,0,True,2.436051,False,1.0575178,False,0.0,False,0.48362967,False,0.0,1,False,T_cell,0,1000,3062.0,1.077727
CATACTACCTCGAA-1,0,True,2.3880239,False,0.0,True,1.0995362,False,0.0,False,0.0,2,True,T_cell,0,618,1778.0,1.743532
CATACTACCTGAAC-1,0,True,2.5412362,False,0.54407394,False,0.40805542,False,0.54407394,False,0.0,1,False,T_cell,0,734,2431.0,0.6993007
CATACTACGTACCA-1,1,False,0.0,False,0.86411184,True,3.803973,False,0.0,False,0.0,1,False,myeloid,1,618,1618.0,0.98887515
CATACTTGGGTTAC-1,4,False,0.82296705,False,0.29116726,True,1.0382448,False,0.0,False,0.0,1,False,myeloid,4,1938,7171.0,2.3567145
CATAGTCTAATCGC-1,0,True,2.482555,False,0.49679393,True,0.8886006,False,0.0,False,0.0,2,True,T_cell,0,861,2913.0,1.8194301
CATAGTCTCACTTT-1,0,True,2.7574844,False,0.51514685,True,0.91782427,False,0.0,False,0.0,2,True,T_cell,0,945,2713.0,3.649097
CATATAGACTAAGC-1,5,False,0.0,False,0.6863112,True,2.0815663,False,0.49528965,False,0.49528965,1,False,myeloid,5,1032,2929.0,1.6387846
CATATAGATCAGGT-1,3,False,0.0,True,3.2453132,False,0.46190637,False,0.0,False,0.0,1,False,B_cell,3,723,1871.0,2.4585783
CATCAACTAGAAGT-1,0,True,2.4219103,True,1.562621,True,0.6882745,False,0.0,False,0.0,3,True,T_cell,0,984,3378.0,1.8946122
CATCAACTCCCTCA-1,0,True,1.8635565,False,0.0,True,0.7945425,False,0.0,False,0.0,2,True,T_cell,0,994,3673.0,0.73509395
CATCAGGACTTCCG-1,2,False,1.6515194,False,0.0,False,0.0,True,4.162593,False,0.0,1,False,NK_or_cytotoxic_T,2,771,1528.0,2.552356
CATCAGGATAGCCA-1,2,False,0.0,False,0.8875293,False,0.0,True,3.9916067,False,0.0,1,False,NK_or_cytotoxic_T,2,738,1501.0,1.8654231
CATCAGGATCCTAT-1,4,False,0.0,False,0.63307637,True,1.9498949,False,0.35416493,False,0.0,1,False,myeloid,4,1583,5282.0,2.4233243
CATCAGGATGCACA-1,1,False,0.0,False,1.0495875,True,3.673825,False,0.47730774,False,0.0,1,False,myeloid,1,1113,3139.0,2.9627268
CATCAGGATTTCGT-1,1,False,0.0,False,0.0,True,4.9507713,False,0.0,False,0.0,1,False,myeloid,1,614,1400.0,4.142857
CATCATACCGCATA-1,1,False,0.0,False,0.85807675,True,3.2161202,False,0.0,True,1.1161242,2,True,myeloid,1,1146,3302.0,1.6353724
CATCATACGGAGCA-1,3,False,1.0225204,True,3.4069598,False,0.5112602,False,0.0,False,0.0,1,False,B_cell,3,615,1486.0,3.230148
CATCATACTCAAGC-1,0,True,2.3975573,False,0.0,False,0.55334663,False,0.0,False,0.0,1,False,T_cell,0,848,2456.0,1.5879478
CATCGCTGGGATCT-1,0,False,1.3632925,False,0.5065156,False,0.0,False,0.0,False,0.0,0,False,T_cell,0,983,2801.0,1.9635845
CATCGCTGTGGCAT-1,3,False,0.0,True,1.7356253,True,0.9040984,False,0.0,False,0.0,2,True,B_cell,3,677,1963.0,1.1207336
CATCGGCTATGCTG-1,0,True,1.849241,False,0.0,False,0.0,False,0.0,False,0.0,1,False,T_cell,0,972,3317.0,1.0853181
CATCGGCTTTGGCA-1,0,True,2.3814495,False,0.53658605,False,0.64132965,False,0.0,False,0.0,1,False,T_cell,0,791,2501.0,2.2790883
CATCTCCTATGTGC-1,3,False,0.0,True,3.2273867,True,0.89400965,False,0.0,False,0.0,2,True,B_cell,3,827,2009.0,2.6381283
CATCTCCTCGAACT-1,4,False,0.0,False,0.6179854,True,3.0368514,False,0.0,False,0.0,1,False,myeloid,4,804,1858.0,2.4219592
CATGAGACACGGGA-1,3,False,0.0,True,2.4410548,False,0.6665792,False,1.1080306,False,0.0,1,False,B_cell,3,395,748.0,3.7433155
CATGAGACGTTGAC-1,2,False,0.0,False,0.6334524,False,0.47508928,True,3.4822967,False,0.0,1,False,NK_or_cytotoxic_T,2,843,1760.0,3.4659092
CATGAGACTCGCCT-1,0,False,1.1338937,False,0.7559292,False,0.72694397,False,0.0,False,0.0,0,False,T_cell,0,493,1155.0,0.43290043
CATGCCACGGGTGA-1,0,True,2.1152742,False,0.5451802,False,0.40888512,False,0.0,False,0.0,1,False,T_cell,0,741,2421.0,3.7587774
CATGCCACTGCCAA-1,0,True,2.2584133,False,0.54785776,True,0.8217866,False,0.0,False,0.0,2,True,T_cell,0,941,2396.0,2.54591
CATGCGCTAGTCAC-1,4,False,0.0,False,0.71276784,False,0.6259228,False,0.35158336,False,0.35158336,0,False,B_cell,4,1659,5344.0,2.3952098
CATGCGCTCAGATC-1,1,False,0.0,False,1.0773417,True,4.002823,False,0.0,False,0.0,1,False,myeloid,1,742,2056.0,2.8210115
CATGCGCTTTGCAG-1,4,False,0.56371045,False,0.0,True,2.4691594,False,0.0,False,0.0,1,False,myeloid,4,1517,4792.0,1.7946577
CATGGCCTAGGGTG-1,1,False,1.065864,False,0.9212424,True,4.153323,False,0.0,False,0.0,1,False,myeloid,1,559,1347.0,2.5241277
CATGGCCTGTGCAT-1,0,True,2.400464,False,0.81637704,True,1.1323943,False,0.0,False,0.0,2,True,T_cell,0,937,2839.0,2.254315
CATGTACTATCGTG-1,2,True,2.6099167,False,0.8643025,False,0.49297425,False,1.4664412,False,0.0,1,False,T_cell,2,740,1619.0,1.9765288
CATGTTACAGTCGT-1,2,False,1.158694,False,0.0,True,1.1019181,True,3.1326783,False,0.0,2,True,NK_or_cytotoxic_T,2,781,2188.0,1.9195613
CATGTTACCTGAGT-1,0,False,0.84584963,False,0.56389976,False,0.0,False,0.76274073,False,0.0,0,False,T_cell,0,819,2259.0,1.770695
CATGTTTGGGGATG-1,1,False,0.0,False,0.8954929,True,3.4504962,False,0.0,False,0.0,1,False,myeloid,1,813,2193.0,2.0975833
CATTACACACGGAG-1,3,False,0.0,True,2.7210617,False,0.51214105,False,0.0,False,0.0,1,False,B_cell,3,578,1480.0,3.9864864
CATTACACCAACTG-1,2,False,0.0,False,0.5522777,False,0.0,True,3.0327668,False,0.0,1,False,NK_or_cytotoxic_T,2,1022,2360.0,3.4745765
CATTACACGGAGTG-1,0,True,1.5421066,True,1.0280712,True,0.7710533,False,0.6043722,False,0.0,3,True,T_cell,0,1191,3904.0,1.5112704
CATTACACTACTCT-1,0,False,1.1096061,False,0.73973745,False,0.40731215,False,0.0,False,0.0,0,False,T_cell,0,824,2440.0,1.8852459
CATTAGCTCCACAA-1,1,False,0.0,True,1.4167105,True,4.046257,False,0.0,False,0.0,2,True,myeloid,1,1146,3497.0,3.6888764
CATTGACTAGCGGA-1,1,False,0.0,False,0.6096525,True,4.3991094,False,0.0,False,0.0,1,False,myeloid,1,757,1915.0,2.8198433
CATTGGGACTCGAA-1,0,True,2.6063604,False,0.90986437,False,0.52491283,False,0.0,False,0.0,1,False,T_cell,0,638,1397.0,3.1496062
CATTGTACAGCGTT-1,0,True,1.7018903,False,0.5672968,False,0.4254726,False,0.5672968,False,0.0,1,False,T_cell,0,830,2233.0,2.23914
CATTGTACTCGATG-1,3,False,0.0,True,2.8627815,False,0.61651295,False,0.0,False,0.0,1,False,B_cell,3,713,1857.0,1.6155088
CATTGTACTTATCC-1,0,True,1.9724295,False,0.0,False,0.0,False,0.0,False,0.0,1,False,T_cell,0,609,1617.0,2.9066172
CATTGTACTTTGCT-1,4,False,0.0,False,0.9091213,True,2.685309,False,0.4061643,False,0.0,1,False,myeloid,4,1271,4202.0,2.974774
CATTGTTGCTAGTG-1,0,False,0.86212337,False,0.77467096,False,0.0,False,0.0,False,0.0,0,False,T_cell,0,680,2170.0,1.4746544
CATTTCGACTCTAT-1,2,True,3.9928088,False,0.0,False,0.0,True,1.7920573,False,0.0,2,True,T_cell,2,769,1792.0,2.9017856
CATTTCGAGATACC-1,2,False,0.0,False,0.7145345,False,0.39032754,True,3.5819547,False,0.0,1,False,NK_or_cytotoxic_T,2,1119,2657.0,1.0914565
CATTTGACCACACA-1,2,True,2.572458,False,0.0,False,0.4841351,False,1.0694586,False,0.0,1,False,T_cell,2,731,1688.0,2.9028437
CATTTGACCCTGAA-1,2,True,2.720936,False,0.6383382,False,0.0,False,1.1330116,False,0.0,1,False,T_cell,2,804,1729.0,1.3880856
CATTTGTGACGACT-1,3,False,0.0,True,2.9281235,False,0.0,False,0.0,False,0.0,1,False,B_cell,3,781,2456.0,1.7100977
CATTTGTGCATTGG-1,0,True,2.8428278,False,0.71698326,True,0.783944,False,0.0,False,0.5226294,2,True,T_cell,0,916,2636.0,2.3141124
CATTTGTGCGGAGA-1,0,True,2.1074486,False,0.8622122,True,0.81413025,False,0.0,False,0.0,2,True,T_cell,0,735,2444.0,3.7643209
CATTTGTGGGATCT-1,3,False,0.0,True,3.2406118,False,0.0,False,0.0,False,0.0,1,False,B_cell,3,835,2461.0,1.6253555
CCAAAGTGCTACGA-1,1,False,0.0,False,0.45439887,True,4.5125885,False,0.45439887,False,0.0,1,False,myeloid,1,1257,3442.0,2.614759
CCAAAGTGTGAGAA-1,1,False,0.0,False,0.0,True,3.7361975,False,0.7842597,False,0.0,1,False,myeloid,1,472,1051.0,2.0932446
CCAACCTGAAGTAG-1,2,True,2.9806352,False,0.0,False,0.43402123,True,1.8984952,False,0.0,2,True,T_cell,2,879,2140.0,0.74766356
CCAACCTGACGTAC-1,1,False,0.0,False,0.52555364,True,4.2763596,False,0.0,False,0.0,1,False,myeloid,1,851,2608.0,1.8404908
CCAACCTGTTCGCC-1,1,True,1.6962557,False,0.8665042,True,3.9803114,False,0.0,False,0.0,2,True,myeloid,1,1023,3214.0,1.8979466
CCAAGAACCCAATG-1,0,True,2.4064047,False,0.0,False,0.0,False,0.63637227,False,0.0,1,False,T_cell,0,661,1742.0,1.6647531
CCAAGAACGTAGCT-1,0,True,1.9729624,False,0.47000164,False,0.3525012,False,0.0,False,0.0,1,False,T_cell,0,1008,3230.0,1.2693498
CCAAGAACGTGTCA-1,0,True,2.4454865,False,0.5555051,False,0.4166288,False,0.0,False,0.0,1,False,T_cell,0,748,2333.0,1.285898
CCAAGAACTACTGG-1,2,True,2.3935964,False,0.0,False,0.0,True,2.7661266,False,0.0,2,True,NK_or_cytotoxic_T,2,845,1767.0,2.320317
CCAAGAACTCCTAT-1,3,False,0.0,True,2.2730002,False,0.0,False,0.8532652,False,0.0,1,False,B_cell,3,393,840.0,0.71428573
CCAAGATGTCATTC-1,0,False,0.9612266,False,0.64081776,False,0.4806133,False,0.0,False,0.0,0,False,T_cell,0,675,1718.0,0.9895227
CCAAGATGTTTCAC-1,0,True,2.6789727,False,0.0,False,0.0,False,0.0,False,0.0,1,False,T_cell,0,843,2099.0,1.9533111
CCAAGTGAGGAACG-1,0,True,2.2159076,False,0.48835212,True,1.0987922,False,0.0,False,0.0,2,True,T_cell,0,876,3006.0,2.461743
CCAAGTGATCAAGC-1,0,True,2.5465193,False,0.0,False,0.38628754,False,0.51505005,False,0.0,1,False,T_cell,0,939,2712.0,1.7330384
CCAATGGAACAGCT-1,1,False,0.0,False,0.0,True,4.0033813,False,0.0,False,0.0,1,False,myeloid,1,653,1422.0,5.344585
CCAATTTGAACGTC-1,1,False,0.0,False,0.83467835,True,4.503431,False,0.0,False,0.0,1,False,myeloid,1,932,2671.0,1.0482965
CCACCATGAACGTC-1,0,False,0.8591072,False,0.5727382,False,0.4295536,False,0.5727382,False,0.0,0,False,T_cell,0,760,2186.0,1.9213176
CCACCATGATCGGT-1,0,False,0.80568033,False,0.5371202,False,0.40284017,False,0.0,False,0.0,0,False,T_cell,0,735,2497.0,1.4817781
CCACCATGGACGAG-1,4,False,0.0,False,0.745836,True,2.953959,False,0.37632534,False,0.0,1,False,myeloid,4,1561,4782.0,2.7394395
CCACCATGGGGAGT-1,0,False,1.1881791,False,0.0,False,0.0,False,0.0,False,0.0,0,False,T_cell,0,752,2050.0,1.1707317
CCACCATGTCCTGC-1,2,False,1.7548381,False,0.77633893,False,0.4322014,False,1.316909,False,0.0,0,False,T_cell,2,940,2158.0,1.7145505
CCACTGACCCGCTT-1,1,False,0.0,False,0.80651236,True,4.767515,False,0.0,False,0.0,1,False,myeloid,1,705,1953.0,1.843318
CCACTGTGGGAAGC-1,1,False,0.0,False,0.0,True,4.203203,False,0.0,False,0.0,1,False,myeloid,1,405,866.0,4.272517
CCACTGTGTGTAGC-1,0,True,1.674925,False,0.0,True,0.8374625,True,1.1166167,False,0.0,3,True,T_cell,0,690,2306.0,2.6886382
CCACTTCTCGGGAA-1,1,False,0.0,False,0.6375991,True,4.0670896,False,0.0,False,0.0,1,False,myeloid,1,1071,3466.0,3.6353145
CCAGAAACCCTGTC-1,3,False,0.0,True,3.1292908,False,0.0,False,0.0,False,0.0,1,False,B_cell,3,544,1200.0,1.1666666
CCAGAAACGAACTC-1,0,True,2.1665335,False,0.0,True,0.937098,False,0.0,False,0.0,2,True,T_cell,0,927,2588.0,1.3910356
CCAGAAACGGTCTA-1,0,False,2.326707,False,0.8213607,False,0.5250701,False,0.5075407,False,0.5075407,0,False,T_cell,0,817,2791.0,1.182372
CCAGACCTCTGAGT-1,1,False,0.0,False,1.313069,True,3.2977455,False,0.0,False,0.0,1,False,myeloid,1,388,795.0,2.3899372
CCAGACCTTGTGGT-1,0,False,1.5354669,False,0.6870081,True,1.0305121,False,0.0,False,0.0,1,False,T_cell,0,560,1460.0,2.0547945
CCAGCACTGCGATT-1,4,False,0.0,False,0.7069632,True,2.250077,False,0.4124225,False,0.0,1,False,myeloid,4,1322,4090.0,2.420538
CCAGCGGAAAGGCG-1,1,False,0.0,False,0.999974,True,4.183516,False,0.0,False,0.0,1,False,myeloid,1,640,1572.0,2.226463
CCAGCGGACGACTA-1,1,False,0.0,False,0.95023394,True,4.532424,False,0.0,False,0.0,1,False,myeloid,1,886,2454.0,2.0782397
CCAGCGGATGGGAG-1,0,True,2.155524,False,0.65881187,True,1.059791,False,0.0,False,0.0,2,True,T_cell,0,1075,3218.0,1.1187073
CCAGCTACACAGTC-1,0,True,2.8939679,False,0.0,False,0.6289512,False,0.0,False,0.0,1,False,T_cell,0,689,1758.0,1.592719
CCAGCTACCAGCTA-1,3,False,0.0,True,3.2578006,False,0.0,False,0.0,False,0.0,1,False,B_cell,3,524,1099.0,1.9108281
CCAGGTCTACACCA-1,3,False,0.0,True,3.1107383,True,1.5885719,False,0.0,False,0.0,2,True,B_cell,3,606,1369.0,2.9218407
CCAGGTCTAGCATC-1,1,False,0.9394509,False,1.2281581,True,4.7460914,False,0.0,False,0.0,1,False,myeloid,1,802,1805.0,1.7174516
CCAGGTCTATGGTC-1,0,True,3.0350556,False,0.69428724,True,0.753559,False,0.0,False,0.0,2,True,T_cell,0,868,2849.0,1.860302
CCAGTCACACTGGT-1,1,False,0.0,False,0.0,True,4.7432547,False,0.65588343,False,0.0,1,False,myeloid,1,939,3251.0,3.691172
CCAGTCACACTGTG-1,3,False,0.0,True,2.073899,True,1.2571188,False,0.0,False,0.0,2,True,B_cell,3,753,1762.0,1.3053348
CCAGTCACGTTGTG-1,0,True,2.8394809,False,0.77717674,False,0.43277404,False,0.0,False,0.0,1,False,T_cell,0,770,2152.0,1.16171
CCAGTCTGCGGAGA-1,7,False,0.40865102,True,2.1173666,True,0.56019866,True,0.43574184,False,0.0,3,True,B_cell,7,3422,15844.0,1.7924767
CCAGTGCTAACCAC-1,0,True,2.840139,False,0.45723295,False,0.0,False,0.0,False,0.0,1,False,T_cell,0,1105,3400.0,1.5
CCAGTGCTCGTAGT-1,0,True,2.175479,False,0.0,True,1.1924162,False,0.5299628,False,0.0,2,True,T_cell,0,841,2562.0,2.1467605
CCATCCGAAAGCAA-1,0,False,1.106512,False,0.0,False,0.553256,True,1.0824456,False,0.0,1,False,T_cell,0,786,2457.0,3.663004
CCATCCGAACGACT-1,0,True,2.7899244,False,0.0,False,0.0,False,1.0382608,False,0.0,1,False,T_cell,0,445,930.0,2.580645
CCATCCGAAGGTTC-1,3,False,0.9387467,True,2.8507683,False,0.46937335,False,0.0,False,0.0,1,False,B_cell,3,703,1806.0,1.2735326
CCATCCGATTCGCC-1,1,False,0.0,True,1.7746514,True,4.9783955,False,0.0,False,0.0,2,True,myeloid,1,593,1314.0,3.1202435
CCATCGTGAACGGG-1,0,True,2.0099642,False,0.0,False,0.5772954,False,0.0,False,0.0,1,False,T_cell,0,875,2207.0,1.6764839
CCATCGTGCTAGAC-1,4,False,0.0,False,0.5302737,True,2.6378174,False,0.7255058,False,0.0,1,False,myeloid,4,901,2559.0,2.188355
CCCAACACCTCGCT-1,3,False,0.0,True,2.6735,True,0.75124246,False,0.5008283,False,0.0,2,True,B_cell,3,927,2866.0,1.6399162
CCCAACACGCATCA-1,0,False,1.1558175,False,0.0,False,0.57790875,False,0.5709929,False,0.0,0,False,T_cell,0,798,2201.0,1.4084507
CCCAACACTTTGTC-1,1,False,0.0,False,0.6397402,True,4.3656306,True,0.9086535,False,0.0,2,True,myeloid,1,1221,3442.0,2.0627542
CCCAACTGCAATCG-1,1,False,0.0,False,0.0,True,3.8165812,False,0.0,False,0.0,1,False,myeloid,1,415,853.0,1.6412661
CCCAGACTGCCTTC-1,1,False,0.5662639,False,0.8705363,True,4.143624,False,0.3775093,False,0.0,1,False,myeloid,1,1381,4757.0,1.9550138
CCCAGACTGGTTTG-1,3,False,0.0,True,2.6711235,False,0.3979388,False,0.0,False,0.0,1,False,B_cell,3,949,2559.0,1.5240328
CCCAGACTTTCGCC-1,4,False,0.0,False,0.83755773,True,2.1124954,False,0.0,False,0.0,1,False,myeloid,4,1322,4412.0,2.6065278
CCCAGTTGCAGTTG-1,1,False,0.0,False,0.9737487,True,3.2858415,False,0.45599258,False,0.0,1,False,myeloid,1,1169,3416.0,1.8735362
CCCAGTTGGGTACT-1,0,False,0.9506626,False,0.0,False,0.4753313,False,0.0,False,0.0,0,False,T_cell,0,745,1757.0,2.561184
CCCAGTTGTCTATC-1,3,False,0.0,True,2.833218,False,0.0,False,0.0,False,0.0,1,False,B_cell,3,727,1925.0,1.6623375
CCCGATTGTGTTTC-1,0,True,1.9850419,False,0.0,False,0.0,False,0.56233954,False,0.0,1,False,T_cell,0,799,2273.0,3.2116146
CCCGGAGAAGGGTG-1,1,False,0.0,True,1.5871996,True,3.8104408,False,0.0,False,0.0,2,True,myeloid,1,490,1019.0,1.6683023
CCCTACGAATTGGC-1,1,True,2.155979,False,1.0370631,True,4.7840915,False,0.0,False,0.0,2,True,myeloid,1,767,1865.0,1.3404826
CCCTAGTGCAAAGA-1,0,True,2.718688,False,0.7386434,True,0.81314427,False,0.0,False,0.0,2,True,T_cell,0,943,2448.0,2.1241832
CCCTCAGACACTTT-1,3,False,0.0,True,2.8548675,False,0.4407936,False,0.0,False,0.0,1,False,B_cell,3,808,2070.0,1.7391304
CCCTCAGACGAGAG-1,0,True,1.9534034,False,0.49528965,False,0.0,False,0.49528965,False,0.0,1,False,T_cell,0,926,2926.0,1.7429938
CCCTCAGAGGTCAT-1,0,True,2.086164,False,0.79628456,False,0.0,False,0.5944915,False,0.0,1,False,T_cell,0,664,2024.0,1.6304348
CCCTGAACTAAAGG-1,3,False,0.0,True,3.0622494,False,0.0,False,0.0,False,0.0,1,False,B_cell,3,569,1533.0,1.9569471
CCCTGATGCAACCA-1,0,True,2.3542695,False,0.49626178,False,0.37219632,False,0.49626178,False,0.0,1,False,T_cell,0,843,2914.0,1.7501715
CCCTGATGCAAGCT-1,3,False,0.0,True,3.2815504,False,0.0,False,0.0,False,0.0,1,False,B_cell,3,727,1846.0,1.8959913
CCCTTACTAACCAC-1,1,False,0.6687855,True,1.0758665,True,4.049429,False,0.0,False,0.6300095,2,True,myeloid,1,1222,3561.0,2.52738
CCCTTACTGCAGTT-1,2,True,2.422809,False,0.0,False,0.0,False,1.0235357,False,0.0,1,False,T_cell,2,457,973.0,1.8499486
CCGAAAACCTTGTT-1,1,False,0.0,False,0.640541,True,3.818124,False,0.0,False,0.0,1,False,myeloid,1,1515,5147.0,2.5646007
CCGACACTGGTTTG-1,0,False,0.694199,False,0.98236513,False,0.0,False,0.0,False,0.0,0,False,B_cell,0,1138,3326.0,1.6837041
CCGACTACCCAGTA-1,1,False,0.0,False,0.9387367,True,4.3046765,False,0.0,True,0.9475616,2,True,myeloid,1,1174,3186.0,2.1343377
CCGACTACCGTGTA-1,0,False,1.6748012,False,0.0,False,0.5158551,False,0.0,False,0.0,0,False,T_cell,0,525,1456.0,1.923077
CCGACTACTGAGGG-1,0,True,2.2448308,True,1.2990717,False,0.0,False,0.87144744,False,0.0,2,True,T_cell,0,878,2372.0,1.7284992
CCGATAGACCTAAG-1,0,True,2.7720728,False,0.65394986,False,0.4904624,False,0.0,False,0.0,1,False,T_cell,0,525,1638.0,2.5030525
CCGATAGAGTTGGT-1,1,False,0.0,False,0.49240002,True,3.3861785,False,0.0,False,0.0,1,False,myeloid,1,999,2958.0,2.0622041
CCGCGAGACACACA-1,1,False,0.0,False,0.7834,True,4.5406003,False,0.0,False,0.0,1,False,myeloid,1,778,2109.0,3.4139402
CCGCGAGAGGTTCA-1,2,True,2.2978215,False,0.6021645,True,0.90324676,True,1.7525237,False,0.0,3,True,T_cell,2,772,1965.0,1.9847327
CCGCTATGGGACGA-1,3,False,0.8965053,True,2.524172,False,0.0,False,0.0,False,0.0,1,False,B_cell,3,819,2000.0,2.5
CCGCTATGTGCAAC-1,1,False,0.0,False,1.0700287,True,4.2804384,False,0.0,False,0.0,1,False,myeloid,1,1015,2523.0,2.4177566
CCGCTATGTGCACA-1,1,False,0.0,False,0.90302587,True,5.0376587,False,0.50164455,False,0.0,1,False,myeloid,1,939,2854.0,2.1723895
CCGGTACTGTCCTC-1,0,True,2.7009478,False,0.5370133,False,0.5497511,False,0.0,False,0.0,1,False,T_cell,0,856,2496.0,2.4038463
CCGTACACAAGCAA-1,0,False,1.2615783,False,0.9671742,True,0.95358056,False,0.0,False,0.0,1,False,T_cell,0,715,1745.0,1.5472779
CCGTACACAGCGTT-1,3,False,0.8944244,True,2.9059467,False,0.0,False,0.0,False,0.0,1,False,B_cell,3,793,2007.0,1.2954658
CCGTACACGTCATG-1,2,True,2.6540275,False,0.788016,False,0.0,False,1.2640572,False,0.0,1,False,T_cell,2,837,2076.0,2.938343
CCGTACACGTTGGT-1,1,False,0.0,False,0.6517706,True,4.7380967,False,0.0,False,0.0,1,False,myeloid,1,1193,3297.0,2.1838036
CCGTACACTAACGC-1,2,True,2.4000416,False,0.0,False,0.4437194,True,2.2176492,False,0.0,2,True,T_cell,2,764,2042.0,3.9177277
CCTAAACTTTCGTT-1,0,False,0.8294481,False,0.0,False,0.0,False,0.0,False,0.0,0,False,T_cell,0,834,2353.0,0.93497664
CCTAAGGACCCAAA-1,0,True,1.7700114,True,1.1800077,False,0.0,False,0.0,False,0.0,2,True,T_cell,0,677,2056.0,1.7509726
CCTAAGGACTAGCA-1,1,False,0.0,False,0.88464963,True,4.3303494,False,0.0,False,0.0,1,False,myeloid,1,625,1516.0,3.6939316
CCTAAGGAGGGCAA-1,0,False,1.3036659,False,0.0,False,0.0,False,0.0,False,0.0,0,False,T_cell,0,420,796.0,2.5125628
CCTAAGGATGATGC-1,0,True,2.744601,False,0.53467333,False,0.0,False,0.0,False,0.0,1,False,T_cell,0,837,2520.0,1.2698413
CCTAAGGATGTCAG-1,0,False,1.3499838,False,0.49911553,False,0.37433663,False,0.49911553,False,0.0,0,False,T_cell,0,874,2882.0,1.7349062
CCTACCGACTCTTA-1,0,True,3.0676224,False,0.0,True,0.9188936,False,0.0,False,0.0,2,True,T_cell,0,679,1893.0,1.5847859
CCTACCGAGGGATG-1,3,False,0.0,True,2.0183175,False,0.56377023,False,0.75169367,False,0.0,1,False,B_cell,3,811,2344.0,1.6638225
CCTAGAGAGGTGAG-1,3,False,0.0,True,3.7411485,False,0.5263323,False,0.70177644,False,0.0,1,False,B_cell,3,546,1388.0,1.4409221
CCTATAACCAAAGA-1,0,True,1.8833405,True,1.0603399,False,0.39762747,False,0.53016996,False,0.0,2,True,T_cell,0,787,2562.0,2.3419204
CCTATAACGAGACG-1,4,False,0.0,False,0.0,True,2.1520572,False,0.0,False,0.0,1,False,myeloid,4,587,1506.0,2.3904383
CCTATAACTCAGAC-1,0,True,1.850884,False,0.71398115,False,0.38995612,False,0.0,False,0.0,1,False,T_cell,0,821,2663.0,1.2392039
CCTATAACTGCATG-1,4,False,0.9592383,False,0.9713578,True,1.1134627,False,0.0,False,0.0,1,False,myeloid,4,669,1721.0,2.0918071
CCTCGAACACTTTC-1,2,False,0.0,False,0.98580545,False,0.644399,True,3.371735,False,0.0,1,False,NK_or_cytotoxic_T,2,813,1644.0,1.946472
CCTCGAACCCGTAA-1,1,False,0.0,False,0.5890628,True,3.629157,False,0.0,False,0.0,1,False,myeloid,1,780,2060.0,2.1844661
CCTCGAACGTATCG-1,0,True,1.971897,False,0.65729904,False,0.0,False,0.0,False,0.0,1,False,T_cell,0,649,1619.0,2.594194
CCTCGAACTTACTC-1,0,True,2.296609,False,0.0,False,0.49639878,False,0.47370133,False,0.0,1,False,T_cell,0,924,3184.0,1.9786432
CCTCTACTCTTCGC-1,1,True,1.609744,False,0.39187258,True,3.969266,False,0.39187258,False,0.0,2,True,myeloid,1,1322,4464.0,2.2625449
CCTCTACTGGCATT-1,0,False,0.86136687,False,0.5742446,False,0.0,False,0.0,False,0.0,0,False,T_cell,0,701,2176.0,1.5165441
CCTGACTGAAGTAG-1,2,False,1.3574922,False,0.90499485,False,0.43518046,False,0.7806954,False,0.0,0,False,T_cell,2,792,2128.0,3.2424812
CCTGACTGGGGAGT-1,0,True,1.8892804,False,0.0,False,0.0,False,0.0,False,0.0,1,False,T_cell,0,817,2543.0,1.3763272
CCTGACTGTGTCTT-1,3,False,0.0,True,3.360405,False,0.64808387,False,0.0,False,0.0,1,False,B_cell,3,667,1619.0,3.8912911
CCTGCAACACGTTG-1,1,False,0.87701416,False,0.58467615,True,3.6556435,False,0.0,False,0.0,1,False,myeloid,1,804,2096.0,2.2900765
CCTGGACTCGTGAT-1,0,False,1.0635788,False,0.0,False,0.0,False,0.0,False,0.0,0,False,T_cell,0,593,1354.0,1.4032496
CCTTAATGCCCAAA-1,3,False,0.0,True,3.0440938,True,0.92811525,False,0.0,False,0.0,2,True,B_cell,3,740,1853.0,1.9967619
CCTTAATGTTCTAC-1,4,False,0.0,False,0.93762267,True,3.2284663,False,0.42786598,False,0.0,1,False,myeloid,4,1243,3834.0,3.781951
CCTTCACTACGACT-1,0,False,1.5903322,False,0.5750015,True,0.8625022,False,0.0,False,0.0,1,False,T_cell,0,859,2168.0,1.3837638
CCTTCACTCAGTCA-1,3,False,0.0,True,2.6330206,False,0.0,False,0.0,False,0.0,1,False,B_cell,3,685,1420.0,2.8169014
CCTTCACTGGAGTG-1,1,False,0.0,False,0.9835076,True,4.784576,False,0.0,False,0.0,1,False,myeloid,1,596,1657.0,2.051901
CCTTTAGATTCATC-1,1,False,0.0,False,0.8395618,True,4.56174,False,0.0,False,0.44962317,1,False,myeloid,1,1193,3507.0,2.1956089
CGAACATGCCCTAC-1,1,False,0.0,False,0.8780397,True,2.7039237,False,0.0,False,0.0,1,False,myeloid,1,859,2322.0,2.4978466
CGAACATGTCAGAC-1,0,True,1.7092628,False,0.5697543,False,0.4273157,False,0.0,False,0.0,1,False,T_cell,0,775,2211.0,1.4473089
CGAAGACTGGAACG-1,2,True,1.9231887,False,0.95177376,False,0.0,False,0.8622122,False,0.0,1,False,T_cell,2,947,2444.0,2.782324
CGAAGACTGTTACG-1,0,False,0.9557842,False,0.0,False,0.0,False,0.0,False,0.0,0,False,T_cell,0,689,1737.0,2.8209555
CGAAGGGAAACCTG-1,2,True,2.2167711,False,0.7768972,False,0.43258294,True,2.1508596,False,0.0,2,True,T_cell,2,907,2158.0,1.2048192
CGAAGGGATCCGAA-1,3,False,0.0,True,2.8194048,False,0.0,False,0.0,False,0.0,1,False,B_cell,3,734,1837.0,1.9597169
CGAAGTACCAACTG-1,3,False,0.0,True,1.8328583,False,0.5004392,False,0.0,False,0.0,1,False,B_cell,3,621,1565.0,2.4920127
CGAATCGAGGAGCA-1,1,False,1.4510323,False,1.1891243,True,3.0755842,False,0.0,False,0.0,1,False,myeloid,1,336,581.0,3.2702236
CGAATCGAGGAGGT-1,0,True,2.6946187,False,0.0,True,0.80280447,False,0.0,False,0.0,2,True,T_cell,0,922,2512.0,1.9108281
CGACAAACCCATAG-1,0,True,2.389687,False,0.5001957,True,1.269172,False,0.5001957,False,0.0,2,True,T_cell,0,802,2871.0,1.6022291
CGACAAACCGACAT-1,3,False,0.0,True,2.3478854,False,0.0,False,0.0,False,0.0,1,False,B_cell,3,812,2098.0,1.2869399
CGACCACTAAAGTG-1,2,False,1.2144597,False,0.6067449,False,0.6072298,True,3.2566574,False,0.0,1,False,NK_or_cytotoxic_T,2,941,1934.0,2.016546
CGACCACTGCCAAT-1,2,False,0.0,False,0.6191995,False,0.0,True,3.3661528,False,0.0,1,False,NK_or_cytotoxic_T,2,943,1850.0,2.9729729
CGACCGGAAGGTCT-1,0,True,1.8304375,False,0.8283328,False,0.5300879,False,0.0,False,0.0,1,False,T_cell,0,868,2728.0,2.016129
CGACCGGATGGAAA-1,0,True,2.0225005,False,0.9207787,False,0.38737944,False,0.0,False,0.0,1,False,T_cell,0,947,2698.0,2.3721275
CGACCTTGCTAGTG-1,0,True,2.2924218,False,0.8028053,False,0.0,False,0.0,False,0.0,1,False,T_cell,0,767,1977.0,0.9104704
CGACCTTGGCAAGG-1,0,False,0.0,False,0.0,False,0.6326431,False,0.0,False,0.0,0,False,myeloid,0,341,865.0,10.17341
CGACGTCTATCGTG-1,0,True,2.7018795,False,0.0,False,0.4436177,True,1.7107127,False,0.0,2,True,T_cell,0,701,2043.0,2.349486
CGACGTCTCGTGTA-1,0,True,2.419537,False,0.0,False,0.0,False,0.0,False,0.0,1,False,T_cell,0,692,1954.0,2.2517912
CGACGTCTGAGGCA-1,0,True,2.348485,False,0.78282833,False,0.0,False,0.78282833,False,0.0,1,False,T_cell,0,423,1057.0,1.3245033
CGACTCACGTCGTA-1,0,True,2.3285985,False,0.9003491,False,0.43210614,False,0.0,False,0.0,1,False,T_cell,0,775,2160.0,2.3148148
CGACTCACGTTGCA-1,0,False,1.4800075,False,0.7724627,False,0.579347,False,0.0,False,0.0,0,False,T_cell,0,500,1093.0,3.1107047
CGACTCTGTGTGAC-1,0,True,2.1797519,False,0.0,False,0.35846668,False,0.0,False,0.0,1,False,T_cell,0,1100,3131.0,1.5011178
CGACTGCTTCCTCG-1,1,False,0.0,False,0.79763675,True,4.329914,False,0.0,False,0.0,1,False,myeloid,1,812,2015.0,1.5880893
CGAGAACTAAGGCG-1,2,True,3.282493,False,0.60979885,False,0.0,True,3.6589594,False,0.0,2,True,NK_or_cytotoxic_T,2,728,1913.0,2.6659698
CGAGAACTACGTTG-1,0,False,0.9304003,False,0.0,False,0.46520016,False,0.0,False,0.0,0,False,T_cell,0,616,1842.0,2.8230186
CGAGAACTTGTTCT-1,1,False,0.0,False,0.7267792,True,5.1596985,False,0.0,False,0.0,1,False,myeloid,1,928,2551.0,1.4896119
CGAGATTGGACACT-1,2,False,1.2123421,False,0.60544777,False,0.0,False,1.5133232,False,0.0,0,False,NK_or_cytotoxic_T,2,835,1943.0,1.4925373
CGAGATTGGCCATA-1,2,False,1.1802821,False,0.0,True,1.1802821,True,2.1942313,False,0.0,2,True,NK_or_cytotoxic_T,2,454,1042.0,2.6871402
CGAGCCGAACACCA-1,0,False,1.119596,False,0.8694987,False,0.41182172,False,0.0,False,0.0,0,False,T_cell,0,812,2385.0,3.1027253
CGAGCCGACGACAT-1,2,True,2.126507,False,0.0,False,0.53162676,False,1.365249,False,0.0,1,False,T_cell,2,566,1354.0,6.573117
CGAGCCGAGGCGAA-1,2,True,2.1063876,False,0.5424246,False,0.0,False,0.0,False,0.0,1,False,T_cell,2,769,2447.0,3.2693093
CGAGCGTGCTCCAC-1,0,True,1.9845438,False,0.4647658,True,0.83733714,False,0.4647658,False,0.0,2,True,T_cell,0,1058,3303.0,2.08901
CGAGCGTGGATACC-1,0,True,3.0104477,False,0.46018237,False,0.34513676,False,0.0,False,0.0,1,False,T_cell,0,914,3360.0,1.4285715
CGAGCGTGTATGCG-1,1,False,0.0,False,0.0,True,3.7915287,False,0.67341727,False,0.67341727,1,False,myeloid,1,628,1530.0,3.660131
CGAGGAGACCTCCA-1,3,False,0.0,True,3.2633924,False,0.50492114,False,0.0,False,0.0,1,False,B_cell,3,649,1531.0,2.2860875
CGAGGAGATGTCGA-1,0,False,1.169982,False,0.0,False,0.0,False,0.0,False,0.0,0,False,T_cell,0,452,1069.0,3.3676333
CGAGGCACCTATGG-1,2,True,2.106679,False,0.601033,False,0.45077473,False,1.6769274,False,0.0,1,False,T_cell,2,754,1975.0,1.8734177
CGAGGCACTATGCG-1,1,False,0.0,False,0.7863482,True,3.9173567,False,0.0,False,0.40745518,1,False,myeloid,1,1327,4177.0,2.896816
CGAGGCACTCTTCA-1,0,True,3.1896524,False,0.62257,True,0.93385494,False,0.9525466,False,0.0,2,True,T_cell,0,776,1827.0,1.9157088
CGAGGCTGACGCTA-1,2,False,0.0,False,0.0,False,0.0,True,3.7603395,False,0.0,1,False,NK_or_cytotoxic_T,2,670,1373.0,1.9664967
CGAGGCTGGCAGTT-1,1,False,0.0,True,1.1793551,True,4.098511,False,0.0,False,0.49423426,2,True,myeloid,1,1017,2940.0,2.2108843
CGAGGGCTACGACT-1,3,False,0.0,True,2.3190606,False,0.4870785,False,0.0,False,0.0,1,False,B_cell,3,599,1663.0,2.1046302
CGAGGGCTCGAATC-1,0,True,2.8154612,False,0.0,False,0.0,False,0.0,False,0.0,1,False,T_cell,0,431,905.0,2.8729281
CGAGTATGTCACCC-1,4,False,0.7682512,False,0.0,True,3.379025,False,0.0,False,0.0,1,False,myeloid,4,967,2745.0,3.3515482
CGATACGAACAGTC-1,1,False,0.7278299,False,0.6749345,True,2.5628345,False,0.0,False,0.0,1,False,myeloid,1,1077,3047.0,1.8050542
CGATACGACAGGAG-1,7,True,1.8380905,False,0.30377984,False,0.22783487,False,0.46003383,False,0.0,1,False,T_cell,7,2033,6733.0,2.2129807
CGATACGATTCACT-1,3,False,0.0,True,3.3355103,False,0.0,False,0.0,False,0.0,1,False,B_cell,3,731,2023.0,1.4335146
CGATAGACCCGTAA-1,1,False,0.0,False,0.73937225,True,3.2265825,False,0.0,False,0.0,1,False,myeloid,1,533,1222.0,3.6824877
CGATAGACCGTACA-1,0,True,1.7552146,False,0.0,False,0.43880364,False,0.0,False,0.0,1,False,T_cell,0,926,2090.0,0.76555026
CGATAGACGTAGGG-1,1,False,0.0,False,0.62226164,True,4.0786123,False,0.0,False,0.0,1,False,myeloid,1,725,1830.0,3.0054646
CGATAGACTGTTCT-1,0,True,2.1631196,False,0.7210399,False,0.5407799,False,0.0,False,0.0,1,False,T_cell,0,559,1299.0,2.3094687
CGATCAGAAGAACA-1,2,True,3.0881104,False,0.0,False,0.42843103,True,2.8264942,False,0.0,2,True,T_cell,2,870,2199.0,2.1828103
CGATCAGAGAGGGT-1,0,True,2.1222901,False,0.9880048,True,0.77112734,False,0.0,False,0.0,2,True,T_cell,0,964,2723.0,2.019831
CGATCAGAGGTACT-1,0,True,1.5014344,False,0.3601386,True,1.2072023,False,0.3601386,False,0.0,2,True,T_cell,0,1341,5142.0,1.1474135
CGATCAGATGTGAC-1,5,False,0.44755334,False,0.2983689,True,1.672347,False,0.0,False,0.0,1,False,myeloid,5,1981,6916.0,0.9832273
CGATCCACCGGGAA-1,2,True,2.8447738,False,0.65765417,False,0.3525012,False,1.3966298,False,0.0,1,False,T_cell,2,1103,3231.0,2.2284122
CGATCCACTTCCAT-1,3,False,0.0,True,2.145579,False,0.0,False,0.0,False,0.0,1,False,B_cell,3,326,591.0,2.0304568
CGCAAATGCTCGAA-1,0,True,2.387955,False,0.0,False,0.0,False,0.0,False,0.0,1,False,T_cell,0,428,1012.0,4.644269
CGCAACCTCCTTGC-1,0,False,0.8365822,False,0.7559292,True,0.98523796,False,0.0,False,0.0,1,False,myeloid,0,808,2312.0,1.5138408
CGCAACCTGGACGA-1,0,True,3.0093424,True,1.434342,False,0.0,False,0.0,False,0.0,2,True,T_cell,0,821,2322.0,1.9810508
CGCACGGAGGACGA-1,3,False,0.0,True,3.4671278,False,0.0,False,0.0,False,0.0,1,False,B_cell,3,554,1171.0,2.4765158
CGCACGGATCTTTG-1,0,True,2.4303355,False,0.60717875,False,0.45538405,False,0.0,False,0.0,1,False,T_cell,0,596,1932.0,3.2091095
CGCACTACAGAATG-1,0,True,2.8387523,False,0.616928,True,0.925392,False,0.0,False,0.0,2,True,T_cell,0,680,1864.0,1.2339056
CGCACTACAGCCAT-1,0,True,2.3481095,False,0.0,False,0.344248,False,0.0,False,0.0,1,False,T_cell,0,1034,3379.0,1.0358094
CGCACTACATTGGC-1,0,True,2.118486,False,0.6973816,False,0.0,False,0.0,False,0.0,1,False,T_cell,0,849,2816.0,1.8110795
CGCACTACTCGCCT-1,3,False,0.0,True,3.040334,False,0.54386973,False,0.0,False,0.72515965,1,False,B_cell,3,566,1284.0,2.0249221
CGCACTACTCGTGA-1,2,True,2.2513475,False,0.0,False,0.0,False,0.78874433,False,0.0,1,False,T_cell,2,879,2071.0,2.3660069
CGCACTTGTCACGA-1,1,False,0.7225813,False,0.8789748,True,4.3811636,False,0.0,False,0.4817209,1,False,myeloid,1,1091,3086.0,1.749838
CGCAGGACAGATCC-1,2,True,2.0076287,False,0.56950736,True,0.854261,False,1.0538051,False,0.0,2,True,T_cell,2,823,2213.0,3.3890646
CGCAGGACCTACTT-1,0,False,1.4914285,False,0.0,False,0.0,False,0.0,False,0.0,0,False,T_cell,0,447,1067.0,1.8744143
CGCAGGACTTGTCT-1,4,False,0.0,True,1.0821334,True,3.0235436,False,0.35915607,False,0.0,2,True,myeloid,4,1688,5163.0,2.2080188
CGCAGGTGCACTGA-1,0,True,1.5336453,False,0.70421493,False,0.38341132,False,0.0,False,0.0,1,False,T_cell,0,868,2754.0,2.9774873
CGCAGGTGCCATAG-1,4,False,0.0,False,0.8443055,True,2.1160288,True,0.9761865,True,1.3759773,3,True,myeloid,4,1254,4316.0,2.9425395
CGCAGGTGGGAACG-1,0,True,1.9831586,False,0.56174225,False,0.42130667,False,0.56174225,False,0.0,1,False,T_cell,0,942,2280.0,2.8070176
CGCATAGATCACGA-1,1,False,0.0,False,1.0298071,True,4.966979,False,0.0,False,0.0,1,False,myeloid,1,462,955.0,1.1518325
CGCCATACTGCAAC-1,0,True,1.9174857,False,0.91381925,False,0.3403669,False,0.0,False,0.0,1,False,T_cell,0,1055,3448.0,1.537123
CGCCATTGAGAGGC-1,0,True,2.6061695,False,0.70293975,False,0.0,False,0.5100778,False,0.0,1,False,T_cell,0,852,2763.0,2.2077453
CGCCATTGCTATGG-1,0,False,0.94204456,True,1.2560594,False,0.47102228,False,0.0,False,0.0,1,False,B_cell,0,738,1794.0,1.7837236
CGCCATTGGAGACG-1,0,True,2.7031348,False,0.8824746,True,0.84065044,False,0.0,False,0.0,2,True,T_cell,0,804,2288.0,1.6608391
CGCCATTGGAGCAG-1,3,False,0.89153135,True,2.7833912,False,0.0,False,0.0,False,0.0,1,False,B_cell,3,775,2024.0,4.5948615
CGCCATTGTACTGG-1,3,False,0.0,True,2.953967,False,0.0,False,0.0,False,0.0,1,False,B_cell,3,726,1687.0,1.8968585
CGCCGAGAGCTTAG-1,2,False,0.0,False,0.0,False,0.0,True,3.2295847,False,0.0,1,False,NK_or_cytotoxic_T,2,993,2047.0,1.6121153
CGCCTAACGAATGA-1,5,False,0.0,False,0.0,True,3.7281528,False,0.3851374,False,0.0,1,False,myeloid,5,1462,4604.0,1.8245004
CGCCTAACTGCTCC-1,0,True,1.6295882,False,0.0,False,0.0,False,0.0,False,0.0,1,False,T_cell,0,1007,3490.0,1.5759312
CGCGAGACACAGCT-1,0,True,2.4786272,False,0.5653495,False,0.0,False,0.9781196,False,0.0,1,False,T_cell,0,798,2246.0,3.2502227
CGCGAGACAGGTCT-1,3,False,0.0,True,2.411745,False,0.0,False,0.0,False,0.0,1,False,B_cell,3,1036,3174.0,3.1505988
CGCGAGACGCTACA-1,0,True,2.6001434,False,0.6017396,False,0.60314226,False,0.0,False,0.0,1,False,T_cell,0,786,1969.0,1.6759777
CGCGATCTCAGTCA-1,1,False,0.0,False,0.8485335,True,2.903723,False,0.0,False,0.0,1,False,myeloid,1,948,2556.0,1.3302034
CGCGATCTGTTGAC-1,1,False,0.8738676,False,0.5825784,True,4.4582343,False,0.5825784,False,0.0,1,False,myeloid,1,743,2110.0,2.606635
CGCGATCTTTCTTG-1,3,False,0.8221234,True,2.4641097,False,0.4110617,False,0.0,False,0.0,1,False,B_cell,3,761,2394.0,2.3391814
CGCGGATGGCCAAT-1,0,False,1.1435145,False,0.0,False,0.57175726,False,0.0,False,0.0,0,False,T_cell,0,838,2266.0,1.2797881
CGCTAAGAATGTCG-1,0,True,1.8378053,False,0.70937824,False,0.38686898,False,0.51582533,False,0.0,1,False,T_cell,0,1040,2703.0,0.5549389
CGCTAAGACAACTG-1,0,True,1.9991522,True,1.2114161,True,1.1459765,False,0.0,False,0.0,3,True,T_cell,0,859,2772.0,2.0923522
CGCTAAGACCCTTG-1,0,True,2.3387058,False,0.52403617,False,0.53891504,False,0.0,False,0.0,1,False,T_cell,0,867,2620.0,2.0229008
CGCTACTGAACAGA-1,1,False,0.0,False,0.7280199,True,4.0145946,False,0.0,False,0.6111196,1,False,myeloid,1,1188,3808.0,2.809874
CGCTACTGAGAACA-1,0,True,2.1011047,False,0.5407874,False,0.40559053,False,0.5407874,False,0.0,1,False,T_cell,0,846,2461.0,1.0158472
CGCTACTGTGAGCT-1,0,True,2.4523337,False,0.0,False,0.45592776,False,0.0,False,0.0,1,False,T_cell,0,687,1926.0,0.8307373
CGCTACTGTTCCCG-1,2,False,1.5669188,False,0.0,False,0.5296849,True,2.1418636,False,0.0,1,False,NK_or_cytotoxic_T,2,672,1368.0,3.1432748
CGCTCATGCATTTC-1,1,False,0.0,False,0.6852199,True,3.8288217,False,0.0,False,0.0,1,False,myeloid,1,629,1469.0,2.2464263
CGGAATTGCACTAG-1,0,True,2.8185759,False,0.0,False,0.0,False,0.0,False,0.0,1,False,T_cell,0,426,902.0,5.8758316
CGGAATTGGTTTGG-1,0,True,2.4465575,False,1.1031651,False,0.0,False,0.0,False,0.0,1,False,T_cell,0,725,1897.0,2.266737
CGGAATTGTGGAGG-1,0,True,2.635721,False,0.6705965,False,0.50294733,False,0.0,False,0.0,1,False,T_cell,0,660,1544.0,0.71243525
CGGACCGATGCGTA-1,2,True,2.7661679,False,0.82565635,False,0.46611932,False,1.449386,False,0.0,1,False,T_cell,2,809,1835.0,1.307902
CGGACCGATGGGAG-1,0,False,1.2058222,False,0.8038815,False,0.6029111,False,0.0,False,0.0,0,False,T_cell,0,469,985.0,2.6395938
CGGACTCTAAACAG-1,3,False,0.0,True,3.095145,False,0.0,False,0.6501269,False,0.0,1,False,B_cell,3,600,1659.0,1.98915
CGGACTCTCCAATG-1,0,True,2.3983498,False,0.7994499,False,0.0,False,0.5973921,False,0.0,1,False,T_cell,0,812,2003.0,2.1967049
CGGACTCTCCTCGT-1,2,False,1.5535499,False,1.0357,False,0.46168137,True,2.2358656,False,0.0,1,False,NK_or_cytotoxic_T,2,856,1875.0,1.8133333
CGGAGGCTATTCCT-1,0,False,0.0,False,0.84961843,False,0.6372138,False,0.0,False,0.0,0,False,B_cell,0,397,848.0,4.8349056
CGGAGGCTTGGATC-1,0,True,1.798485,False,0.6955205,False,0.0,False,0.0,False,0.0,1,False,T_cell,0,786,2836.0,1.1988716
CGGATAACAACGAA-1,1,False,0.0,False,0.84589857,True,3.8557887,False,0.5286204,False,0.0,1,False,myeloid,1,895,2578.0,1.0085338
CGGATAACAGCTCA-1,0,False,0.8164421,False,0.5442947,True,0.8164421,False,0.0,False,0.0,1,False,T_cell,0,882,2432.0,1.3157895
CGGATAACTCAGTG-1,1,False,0.0,False,0.0,True,4.3665304,False,0.0,False,0.0,1,False,myeloid,1,449,959.0,2.3983316
CGGCACGAACTCAG-1,2,True,2.170868,False,0.5624592,False,0.42184436,True,1.5372251,False,0.0,2,True,T_cell,2,890,2271.0,3.6547775
CGGCACGAAGGGTG-1,0,True,2.4042377,False,0.7399812,False,0.40747705,False,0.5433028,False,0.0,1,False,T_cell,0,823,2437.0,3.0365202
CGGCACGACTACGA-1,4,False,0.0,False,0.8162696,True,1.2244043,False,0.0,False,0.0,1,False,myeloid,4,1051,2839.0,3.4871433
CGGCATCTTAGAAG-1,2,True,2.1027083,False,0.0,False,0.44982478,False,0.0,False,0.0,1,False,T_cell,2,823,1982.0,2.320888
CGGCATCTTCGTAG-1,1,False,0.0,False,0.7696365,True,4.948816,True,1.1145006,False,0.0,2,True,myeloid,1,1055,3312.0,1.9927537
CGGCCAGAAAGGTA-1,0,False,1.3688326,False,0.9125551,False,0.44019425,False,0.0,False,0.0,0,False,T_cell,0,741,2077.0,2.407318
CGGCCAGAGAGGCA-1,2,True,2.549581,False,0.7435405,False,0.40988624,True,2.6437802,False,0.0,2,True,NK_or_cytotoxic_T,2,999,2410.0,2.3236516
CGGCGAACCAGTCA-1,1,False,0.0,False,0.43219146,True,3.218949,False,0.0,False,0.0,1,False,myeloid,1,1241,3765.0,2.0982735
CGGCGAACGACAAA-1,2,False,1.3051229,False,0.8700819,True,0.99401915,True,3.2216787,False,0.0,2,True,NK_or_cytotoxic_T,2,790,1589.0,0.88105726
CGGCGAACGGTCTA-1,0,True,2.2220223,False,0.94465554,False,0.0,False,0.0,False,0.0,1,False,T_cell,0,878,2498.0,1.5612489
CGGCGAACTACTTC-1,2,False,0.9572606,False,0.84370154,False,0.4786303,True,4.1318626,False,0.0,1,False,NK_or_cytotoxic_T,2,778,1729.0,2.0242915
CGGGACTGCGTGTA-1,0,True,2.1389713,False,1.6216257,False,0.30143142,False,0.0,False,0.0,1,False,T_cell,0,1066,4278.0,2.5011687
CGGGACTGGAATAG-1,2,False,1.3834908,False,0.5955923,False,0.0,False,1.4189276,False,0.0,0,False,NK_or_cytotoxic_T,2,815,2013.0,3.3780427
CGGGCATGACCCAA-1,2,False,1.5081956,False,0.0,False,0.0,True,2.2454405,True,2.5340834,2,True,platelet,2,465,1032.0,4.6511626
CGGGCATGTCTCTA-1,2,False,0.0,False,0.50073785,False,0.0,True,3.7526336,False,0.0,1,False,NK_or_cytotoxic_T,2,1079,2865.0,2.0593367
CGGGCATGTTGTGG-1,0,False,1.4778439,False,0.0,False,0.0,False,0.0,False,0.0,0,False,T_cell,0,743,2197.0,1.6385982
CGGTAAACTCGCAA-1,0,False,1.1779709,False,0.47698456,False,0.3577384,True,1.8081777,False,0.0,1,False,NK_or_cytotoxic_T,0,1098,3145.0,1.3672496
CGGTCACTGTTTGG-1,0,False,1.1687124,False,0.57882345,False,0.0,False,0.57882345,False,0.0,0,False,T_cell,0,807,2140.0,1.8224299
CGGTCACTTACTTC-1,0,False,1.398605,False,0.8630655,False,0.5815583,False,0.0,False,0.0,0,False,T_cell,0,1120,3248.0,1.3238916
CGTAACGAATCAGC-1,0,False,1.621498,False,0.0,False,0.5548945,False,0.0,False,0.0,0,False,T_cell,0,462,1220.0,5.327869
CGTAACGATCGCCT-1,0,True,2.4122605,False,0.8477225,True,0.68431634,False,0.0,False,0.0,2,True,T_cell,0,1025,3416.0,1.5515223
CGTACCACACACAC-1,0,True,2.381486,False,0.0,False,0.0,False,0.0,False,0.5858644,1,False,T_cell,0,805,2085.0,1.7266188
CGTACCACACGTTG-1,0,True,2.5156736,False,0.0,False,0.5823588,False,0.0,False,0.0,1,False,T_cell,0,676,2159.0,1.4821676
CGTACCACCTCATT-1,0,True,1.94431,False,0.5494345,False,0.41207585,False,0.5494345,False,0.0,1,False,T_cell,0,828,2382.0,2.225021
CGTACCACGCTACA-1,2,False,0.0,False,0.0,False,0.0,True,2.102437,False,0.0,1,False,NK_or_cytotoxic_T,2,418,893.0,6.830907
CGTACCACGGAGCA-1,0,True,2.039375,False,0.5795954,False,0.0,False,0.0,False,0.0,1,False,T_cell,0,763,2132.0,1.9699812
CGTACCTGGACGAG-1,4,False,0.0,False,0.0,False,0.9028268,False,0.85510623,False,0.0,0,False,myeloid,4,407,833.0,22.569027
CGTACCTGGCATCA-1,2,False,1.2876754,False,0.5394862,False,0.40461466,True,3.944481,False,0.0,1,False,NK_or_cytotoxic_T,2,997,2473.0,2.5070765
CGTAGCCTCTCTCG-1,1,False,0.0,False,0.8793764,True,4.4263115,False,0.0,False,0.0,1,False,myeloid,1,852,2311.0,2.0337517
CGTAGCCTGCGAAG-1,0,True,1.9960592,False,0.56583476,False,0.5736535,False,0.0,False,0.0,1,False,T_cell,0,866,2242.0,1.2042818
CGTAGCCTGTATGC-1,4,False,0.0,False,0.90924,True,3.595908,False,0.90924,False,0.0,1,False,myeloid,4,1118,3499.0,4.1154613
CGTCAAGAAAGGTA-1,1,False,0.0,False,0.76755846,True,4.7435355,False,0.0,False,0.0,1,False,myeloid,1,508,1114.0,2.4236984
CGTCAAGAACGTGT-1,0,True,2.6938782,False,0.6974853,False,0.0,False,0.0,False,0.0,1,False,T_cell,0,928,2816.0,1.5625
CGTCAAGACAGAGG-1,0,True,2.331377,False,0.70453465,False,0.38362527,False,0.0,False,0.0,1,False,T_cell,0,958,2750.0,1.9272728
CGTCAAGACAGGAG-1,2,True,2.6175814,False,0.0,False,0.0,True,3.1910996,False,0.0,2,True,NK_or_cytotoxic_T,2,932,2163.0,1.9879798
CGTCCATGCTCTTA-1,0,True,2.1401012,False,0.0,False,0.6196589,False,0.0,False,0.0,1,False,T_cell,0,892,2746.0,1.3109978
CGTCGACTTTCCGC-1,2,True,2.017014,True,1.344676,False,0.57914096,False,0.98638266,False,0.0,2,True,T_cell,2,905,2190.0,1.6438355
CGTGATGACGCTAA-1,0,False,0.0,False,0.82833284,False,0.0,False,0.0,False,0.0,0,False,B_cell,0,494,909.0,1.870187
CGTGATGAGGTTCA-1,2,False,0.9528489,False,0.0,True,0.9528489,False,0.84052527,False,0.0,1,False,T_cell,2,710,1749.0,3.2018297
CGTGCACTTATGGC-1,1,False,0.0,True,1.3638158,True,3.683024,False,0.0,False,0.0,2,True,myeloid,1,1068,3071.0,1.530446
CGTGTAGAAAAACG-1,0,True,2.9033625,False,0.0,False,0.0,False,0.0,False,0.0,1,False,T_cell,0,795,2028.0,2.1696253
CGTGTAGACGATAC-1,2,False,1.4769814,False,1.0761755,False,0.0,True,2.5074549,False,0.0,1,False,NK_or_cytotoxic_T,2,787,1654.0,1.4510278
CGTGTAGAGTTACG-1,2,False,0.8807877,False,0.5871918,True,0.8807877,True,3.6366804,False,0.0,2,True,NK_or_cytotoxic_T,2,951,2075.0,1.7831326
CGTGTAGAGTTCAG-1,1,False,0.0,False,0.0,True,4.6014905,False,0.61318874,False,0.0,1,False,myeloid,1,720,1890.0,1.7460319
CGTGTAGATTCGGA-1,2,False,1.2804487,False,0.64738274,False,0.48553705,True,4.0794115,False,0.0,1,False,NK_or_cytotoxic_T,2,842,1674.0,1.6129031
CGTTAGGAAACCAC-1,0,True,2.1824827,False,0.76513886,False,0.42455834,False,0.0,False,0.0,1,False,T_cell,0,890,2243.0,2.0062418
CGTTAGGATCATTC-1,1,False,0.0,False,0.0,True,3.5596108,False,0.0,False,0.41288614,1,False,myeloid,1,1355,4084.0,1.2242899
CGTTATACCCTGAA-1,2,True,2.4553356,False,0.0,True,1.3831786,True,1.8615035,False,0.0,3,True,T_cell,2,1005,2389.0,3.2649643
CGTTTAACTGGTCA-1,0,True,2.7098904,False,0.7025162,True,0.90916216,False,0.0,False,0.0,2,True,T_cell,0,872,2767.0,1.4094687
CTAAACCTCTGACA-1,2,False,0.0,False,0.8510716,False,0.399819,True,3.8238468,False,0.0,1,False,NK_or_cytotoxic_T,2,1185,2533.0,3.6320567
CTAAACCTGTGCAT-1,3,False,0.0,True,2.869482,False,0.0,False,0.0,False,0.0,1,False,B_cell,3,912,2520.0,1.4285715
CTAACACTAACGTC-1,0,True,2.1085014,True,1.0199666,False,0.38248745,False,0.0,False,0.0,2,True,T_cell,0,869,2764.0,3.762663
CTAACACTAGTGCT-1,4,False,0.0,False,0.5525067,True,3.5675113,False,0.0,False,0.0,1,False,myeloid,4,894,2355.0,2.2929935
CTAACGGAACCGAT-1,2,False,0.0,False,0.0,False,0.44825265,True,3.4125254,False,0.0,1,False,NK_or_cytotoxic_T,2,997,1999.0,1.5507754
CTAACGGATTTCTG-1,0,True,2.3112876,False,0.97671765,True,0.84621114,False,0.0,False,0.0,2,True,T_cell,0,770,2257.0,1.3735046
CTAACTACGGCAAG-1,0,False,1.8429406,False,0.7240088,False,0.5430066,False,0.7240088,False,0.0,0,False,T_cell,0,554,1287.0,1.2432013
CTAAGGACACCATG-1,0,True,2.855206,False,0.0,False,0.0,False,0.5793378,False,0.0,1,False,T_cell,0,806,2135.0,2.6697893
CTAAGGACCGTTAG-1,0,True,1.7589718,False,0.512072,True,0.6435471,False,0.34599084,False,0.0,2,True,T_cell,0,1426,5485.0,1.7502278
CTAAGGACGCCATA-1,1,False,0.0,False,0.0,True,4.694292,False,0.0,False,0.0,1,False,myeloid,1,1012,2879.0,1.9798541
CTAAGGTGCCTAAG-1,3,False,0.0,True,1.8783255,False,0.5756688,False,0.76755846,False,0.0,1,False,B_cell,3,452,1111.0,1.8001801
CTAAGGTGTTGCAG-1,0,True,2.230238,False,0.6831492,False,0.0,False,0.49248695,False,0.0,1,False,T_cell,0,896,2959.0,3.8188577
CTAAGGTGTTTCTG-1,0,True,2.7128723,False,0.0,False,0.0,False,0.0,False,0.0,1,False,T_cell,0,426,1009.0,0.89197224
CTAATAGAGCTATG-1,0,False,1.4358399,False,0.95722663,True,1.4358399,False,0.0,False,0.0,1,False,T_cell,0,239,600.0,0.16666667
CTAATGCTTGTGGT-1,1,False,0.0,False,0.5881254,True,4.004042,False,0.0,False,0.0,1,False,myeloid,1,829,2067.0,2.8543782
CTACAACTCCCGTT-1,2,True,2.5298748,False,0.7713653,True,1.0073283,False,1.5944527,False,0.0,2,True,T_cell,2,895,2194.0,2.0510483
CTACCTCTCAACCA-1,0,False,0.8325618,False,0.75297016,False,0.4162809,False,0.75297016,False,0.0,0,False,T_cell,0,787,2334.0,0.8140531
CTACGCACACCTAG-1,4,False,0.6535468,False,0.73558754,True,2.358828,False,0.0,False,0.0,1,False,myeloid,4,1139,3713.0,2.504713
CTACGCACTCTCCG-1,0,True,2.041396,False,0.0,False,0.39174676,False,0.52232903,False,0.0,1,False,T_cell,0,925,2639.0,1.32626
CTACGCACTGGTCA-1,2,True,1.6197572,False,0.5399191,True,0.8098786,True,3.1136703,False,0.0,3,True,NK_or_cytotoxic_T,2,1015,2471.0,2.0639417
CTACGGCTTTCTTG-1,1,False,0.6344434,False,0.71998215,True,3.9917002,False,0.42296228,False,0.0,1,False,myeloid,1,1360,3914.0,1.6607052
CTACTATGAACCAC-1,1,False,0.0,False,0.99597096,True,3.544799,True,1.1353967,False,0.0,2,True,myeloid,1,1097,3188.0,2.4153075
CTACTATGATGTGC-1,1,False,0.0,False,0.8558459,True,4.4399476,False,0.0,False,0.0,1,False,myeloid,1,650,1663.0,2.3451593
CTACTATGCTAAGC-1,2,True,2.0199752,False,0.8309218,False,0.53195226,False,0.7092697,False,0.0,1,False,T_cell,2,853,2706.0,2.4020693
CTACTATGTAAAGG-1,3,False,0.0,True,2.0227473,False,0.5468326,False,0.0,False,0.0,1,False,B_cell,3,549,1265.0,2.5296443
CTACTCCTATGTCG-1,2,False,0.860047,False,0.0,False,0.4300235,True,3.8793373,False,0.0,1,False,NK_or_cytotoxic_T,2,1052,2181.0,1.8340211
CTACTCCTGCCATA-1,1,False,0.0,False,0.964656,True,4.612726,False,0.0,False,0.0,1,False,myeloid,1,307,586.0,3.7542663
CTAGAGACACTTTC-1,0,True,2.8112013,False,0.93706715,False,0.5849204,False,0.0,False,0.0,1,False,T_cell,0,1152,3201.0,1.9056545
CTAGAGACAGCATC-1,2,False,1.7441711,False,0.8936573,False,0.0,True,2.0762844,False,0.0,1,False,NK_or_cytotoxic_T,2,907,2206.0,0.8159565
CTAGAGACTTTGGG-1,1,False,0.0,False,0.7035234,True,3.3040278,True,1.0483019,False,0.0,2,True,myeloid,1,1628,5522.0,3.3502355
CTAGATCTCTCTAT-1,0,True,2.6716034,False,0.6233425,False,0.0,False,0.0,False,0.0,1,False,T_cell,0,731,1822.0,1.8111964
CTAGATCTTCGACA-1,0,False,0.82246065,False,0.74552464,False,0.41123033,False,0.0,False,0.0,0,False,T_cell,0,897,2392.0,1.4214047
CTAGGATGAGCCTA-1,3,False,0.0,True,1.5419859,True,0.6196307,False,0.0,False,0.0,2,True,B_cell,3,1749,5878.0,1.5651581
CTAGGATGATCGTG-1,3,False,0.0,True,2.25269,False,0.43210614,False,0.0,False,0.57614154,1,False,B_cell,3,762,2159.0,1.7137563
CTAGGCCTCTCAGA-1,0,True,2.095699,False,0.5975311,False,0.4481483,False,0.0,False,0.0,1,False,T_cell,0,712,1998.0,0.2002002
CTAGGTGATGGTTG-1,4,False,0.0,False,0.8624016,True,2.185844,False,0.0,False,0.0,1,False,myeloid,4,1195,3254.0,1.9360787
CTAGTTACCAGAGG-1,0,False,0.76839435,False,0.51226294,False,0.0,False,0.0,False,0.0,0,False,T_cell,0,851,2741.0,1.9336009
CTAGTTACCGCATA-1,0,False,1.3097204,False,0.5522777,False,0.0,False,0.0,False,0.0,0,False,T_cell,0,864,2360.0,2.20339
CTAGTTACGAAACA-1,2,False,0.0,False,0.0,False,0.42410302,True,3.239621,False,0.0,1,False,NK_or_cytotoxic_T,2,968,2247.0,2.269693
CTAGTTTGAGTACC-1,2,False,0.99023145,False,0.66015434,False,0.0,False,1.4941282,False,0.0,0,False,NK_or_cytotoxic_T,2,742,1601.0,5.6214867
CTATAAGATCGTTT-1,3,False,0.0,True,1.9214598,False,0.0,False,0.0,False,0.0,1,False,B_cell,3,845,2736.0,1.0599415
CTATACTGAGGTTC-1,1,False,0.0,False,0.0,True,4.427302,False,0.0,False,0.0,1,False,myeloid,1,331,732.0,0.40983605
CTATACTGCCAGTA-1,0,False,0.7754901,False,0.8323957,True,1.0120418,False,0.0,False,0.0,1,False,myeloid,0,840,2692.0,2.1173847
CTATACTGCGCTAA-1,1,False,0.9272052,False,1.0386039,True,4.5465717,False,0.0,False,0.0,1,False,myeloid,1,734,1857.0,1.6155088
CTATACTGCTACGA-1,2,False,0.8699735,False,0.995028,True,0.8699735,True,3.169485,False,0.0,2,True,NK_or_cytotoxic_T,2,948,2130.0,1.8779343
CTATACTGTCTCAT-1,2,False,0.0,False,0.0,False,0.0,True,3.6795645,False,0.0,1,False,NK_or_cytotoxic_T,2,842,1774.0,4.002255
CTATACTGTTCGTT-1,0,False,0.56583655,False,0.6627399,True,0.77997315,False,0.3772244,False,0.0,1,False,myeloid,0,1543,4789.0,1.23199
CTATAGCTGTCACA-1,0,True,3.5604372,False,0.5807581,False,0.5859469,False,0.0,False,0.0,1,False,T_cell,0,661,2124.0,1.977401
CTATAGCTTCGCTC-1,1,False,0.0,False,0.84986013,True,4.409564,False,0.0,False,0.0,1,False,myeloid,1,981,2543.0,2.7526543
CTATAGCTTGCCTC-1,1,False,0.0,False,1.015095,True,3.8319657,False,0.0,False,0.0,1,False,myeloid,1,912,2498.0,3.4027224
CTATCAACGAACTC-1,0,True,2.1901448,False,0.7300483,False,0.40076712,False,0.0,False,0.0,1,False,T_cell,0,912,2522.0,2.1411576
CTATCAACGCAGAG-1,0,True,2.1713135,True,1.3469839,False,0.0,False,0.47553664,False,0.0,2,True,T_cell,0,1063,3163.0,2.2447045
CTATCAACTTTGGG-1,0,True,2.072079,False,0.0,False,0.44250286,False,0.0,False,0.0,1,False,T_cell,0,683,2057.0,3.3543997
CTATCCCTCCACCT-1,1,False,0.0,True,1.4729793,True,4.413236,False,0.5744966,False,0.0,2,True,myeloid,1,823,2173.0,2.2089279
CTATGTACGAGAGC-1,0,True,2.4872067,False,0.78512204,False,0.0,False,0.0,False,0.0,1,False,T_cell,0,996,3145.0,1.1764706
CTATGTACGCTTAG-1,0,True,2.3657956,False,0.0,False,0.4405936,False,0.0,False,0.0,1,False,T_cell,0,695,2074.0,1.9286404
CTATGTACTGTTTC-1,3,True,1.6758921,True,2.0992908,False,0.0,False,0.3742147,False,0.0,2,True,B_cell,3,1483,4826.0,1.2018235
CTATGTTGAAAGCA-1,0,True,1.4251689,False,0.6634056,False,0.0,False,0.0,False,0.0,1,False,T_cell,0,927,3168.0,1.9570706
CTATGTTGTCCTCG-1,0,True,2.5826695,False,0.65412503,False,0.0,False,0.0,False,0.0,1,False,T_cell,0,574,1635.0,1.4067278
CTATGTTGTCTCGC-1,0,True,2.580372,False,0.7535252,True,0.675705,False,0.0,False,0.0,2,True,T_cell,0,1052,3494.0,2.4327419
CTATTGACAAACGA-1,1,False,0.0,False,0.7233207,True,4.1302037,False,0.0,False,0.0,1,False,myeloid,1,571,1289.0,4.2668734
CTATTGACACTGGT-1,1,False,0.7410883,False,0.68492305,True,2.0111823,False,0.49405885,False,0.0,1,False,myeloid,1,1028,2940.0,2.2108843
CTATTGACGGTGAG-1,4,False,0.6293436,True,0.83912486,True,2.05955,False,0.0,False,0.0,2,True,myeloid,4,1263,3968.0,1.6129031
CTATTGTGGCAAGG-1,0,True,2.1227684,False,0.80901146,True,0.9092512,False,0.0,False,0.0,2,True,T_cell,0,671,1939.0,3.6101084
CTCAATTGGTTCAG-1,0,True,1.6902333,False,0.6572103,False,0.58239365,False,0.0,False,0.0,1,False,T_cell,0,958,3237.0,1.3592833
CTCAATTGGTTGCA-1,1,False,0.0,True,1.2210635,True,4.4351835,False,0.0,False,0.0,2,True,myeloid,1,747,1908.0,3.1446543
CTCAGAGATAGAAG-1,0,True,2.1744416,False,0.7248139,False,0.0,False,0.0,False,0.0,1,False,T_cell,0,866,2568.0,1.3629284
CTCAGCACTCTAGG-1,0,True,2.3840215,False,0.5538857,False,0.0,False,0.5538857,False,0.0,1,False,T_cell,0,896,2344.0,2.0051193
CTCAGCACTGAACC-1,1,False,0.0,False,0.75696605,True,3.1510859,False,0.0,False,0.0,1,False,myeloid,1,489,1153.0,1.4744146
CTCAGCACTTGCAG-1,0,False,1.5568771,False,0.9469249,False,0.0,False,0.0,False,0.0,0,False,T_cell,0,643,1860.0,1.5591397
CTCAGCTGAACCTG-1,1,False,0.74267006,False,0.49511337,True,4.1150956,False,0.0,False,0.49511337,1,False,myeloid,1,923,2928.0,2.5614753
CTCAGCTGCAGTTG-1,0,True,2.1440532,False,0.8752526,False,0.0,False,0.8752526,False,0.0,1,False,T_cell,0,820,2342.0,2.4765158
CTCAGCTGTTTCTG-1,0,True,2.8975434,False,0.6179854,False,0.46348906,False,0.6179854,False,0.6179854,1,False,T_cell,0,646,1857.0,5.1696286
CTCAGGCTCGTTGA-1,4,False,0.84711653,False,0.67883193,True,2.4817643,False,0.0,False,0.38992164,1,False,myeloid,4,1466,4505.0,2.463929
CTCAGGCTGCTAAC-1,0,False,1.1179137,False,0.74527586,False,0.0,False,0.0,False,0.0,0,False,T_cell,0,550,1198.0,1.6694492
CTCATTGACCTTAT-1,0,True,2.3672545,False,0.8770744,False,0.36011797,False,0.0,False,0.0,1,False,T_cell,0,1112,3103.0,0.6767644
CTCATTGATGCTTT-1,1,False,0.73240024,False,0.48826683,True,2.994562,False,0.6783816,False,0.0,1,False,myeloid,1,1006,3007.0,2.1283672
CTCATTGATTGCTT-1,1,False,0.0,False,0.0,True,2.9351447,False,0.0,False,0.0,1,False,myeloid,1,303,595.0,20.0
CTCCACGAGAGATA-1,5,False,0.0,False,0.67053413,True,1.8010273,False,0.38335824,False,0.38335824,1,False,myeloid,5,1448,4639.0,2.0262988
CTCCATCTCTTAGG-1,0,True,2.672789,False,0.0,False,0.43712965,False,0.0,False,0.0,1,False,T_cell,0,727,2109.0,1.185396
CTCCATCTGACGAG-1,0,False,1.035327,False,0.8110585,False,0.0,False,0.0,False,0.0,0,False,T_cell,0,899,2887.0,1.5240735
CTCCGAACAAGTGA-1,4,False,0.0,False,0.86259115,True,2.203343,False,0.0,False,0.0,1,False,myeloid,4,998,2446.0,2.248569
CTCCTACTGCCTTC-1,1,False,0.0,False,0.9340467,True,3.3316574,False,0.0,False,0.0,1,False,myeloid,1,563,1292.0,3.7151701
CTCGAAGATGTGGT-1,0,True,2.0512173,False,0.6837391,False,0.0,False,0.0,False,0.0,1,False,T_cell,0,870,2952.0,2.303523
CTCGAAGATTAGGC-1,1,False,0.0,False,0.0,True,4.520053,False,0.0,False,0.0,1,False,myeloid,1,903,2373.0,0.96923727
CTCGACTGCTCTAT-1,0,False,1.4588262,False,1.1016444,False,0.0,False,0.0,False,0.0,0,False,T_cell,0,516,1144.0,1.048951
CTCGACTGGGTGAG-1,0,False,1.1944268,False,0.0,False,0.4458686,False,0.0,False,0.0,0,False,T_cell,0,754,2023.0,1.7301037
CTCGACTGGTTGAC-1,2,False,1.2445209,False,0.0,True,1.0911654,True,4.4269056,False,0.0,2,True,NK_or_cytotoxic_T,2,879,1814.0,2.2601984
CTCGAGCTCTGGAT-1,2,False,1.1331184,False,0.0,False,0.0,False,1.9495076,False,0.0,0,False,NK_or_cytotoxic_T,2,588,1157.0,0.9507347
CTCGCATGACTTTC-1,0,True,2.6629727,False,0.82482517,True,1.0841632,False,0.0,False,0.0,2,True,T_cell,0,740,1839.0,4.295813
CTCGCATGCTTAGG-1,0,False,0.858732,False,0.572488,False,0.0,False,0.0,False,0.0,0,False,T_cell,0,798,2190.0,3.5616438
CTCTAAACCTCGAA-1,0,True,2.1704836,False,0.88464963,False,0.42175463,False,0.0,False,0.0,1,False,T_cell,0,798,2272.0,1.056338
CTCTAAACGGCGAA-1,0,False,0.8956714,False,0.0,False,0.0,False,0.5971143,False,0.0,0,False,T_cell,0,653,2003.0,1.747379
CTCTAATGTCCAAG-1,1,False,0.0,False,0.7523312,True,4.546529,False,0.0,False,0.0,1,False,myeloid,1,902,2339.0,2.9927318
CTGAACGACAGTCA-1,0,True,1.8301322,False,0.0,False,0.0,False,0.0,False,0.0,1,False,T_cell,0,990,2732.0,0.8784773
CTGAACGATGAGGG-1,0,True,2.0157268,False,0.671909,False,0.5039317,False,0.0,False,0.0,1,False,T_cell,0,724,1538.0,2.340702
CTGAAGACCCAACA-1,0,True,2.7149549,False,0.0,False,0.0,False,0.0,False,0.0,1,False,T_cell,0,953,2753.0,2.6879766
CTGAAGACGTGCAT-1,3,False,0.0,True,3.0800877,False,0.5679194,False,0.0,False,0.0,1,False,B_cell,3,891,2300.0,2.5652175
CTGAAGTGAAGCCT-1,4,False,0.0,False,0.79404545,True,3.186131,False,0.4134673,False,0.0,1,False,myeloid,4,1437,4073.0,2.995335
CTGAAGTGCAGCTA-1,3,False,0.0,True,3.1722784,False,0.0,False,0.0,False,0.0,1,False,B_cell,3,653,1717.0,1.3395457
CTGAAGTGGCTATG-1,0,True,2.3328898,False,0.81664556,False,0.45989153,False,0.0,False,0.0,1,False,T_cell,0,714,1891.0,0.84611315
CTGAAGTGTCCAGA-1,0,True,1.6744303,False,0.651597,False,0.0,False,0.0,False,0.0,1,False,T_cell,0,956,3300.0,0.60606056
CTGAATCTGAATAG-1,0,True,2.085303,False,0.59421706,False,0.4456628,False,0.0,False,0.0,1,False,T_cell,0,877,2023.0,1.8783984
CTGACAGAATCGTG-1,2,True,2.5428848,False,0.0,False,0.0,False,1.5622103,False,0.0,1,False,T_cell,2,1012,2700.0,1.037037
CTGACCACAGCAAA-1,0,False,0.0,False,1.0177757,False,0.4042097,False,0.0,False,0.0,0,False,B_cell,0,824,2478.0,0.8071025
CTGAGAACCGGGAA-1,0,True,2.2882414,True,1.1423981,False,0.0,False,0.0,False,0.0,2,True,T_cell,0,1077,3916.0,2.0684373
CTGAGAACGTAAAG-1,2,False,0.0,False,0.0,False,0.0,True,3.3202415,False,0.0,1,False,NK_or_cytotoxic_T,2,740,1420.0,1.7605635
CTGATACTAGTAGA-1,0,False,1.7393618,False,0.56754136,False,0.42565602,False,0.0,False,0.56754136,0,False,T_cell,0,692,2229.0,1.615074
CTGATTTGGTGTTG-1,1,False,0.0,False,1.0648026,True,4.761742,False,0.48946393,False,0.0,1,False,myeloid,1,1063,2994.0,1.1690047
CTGCAGCTAACCGT-1,0,False,1.0688217,False,0.0,False,0.53441083,False,0.0,False,0.0,0,False,T_cell,0,771,2674.0,3.4031413
CTGCAGCTGACACT-1,0,True,2.187995,False,0.48032135,False,0.0,False,0.0,False,0.0,1,False,T_cell,0,808,3102.0,0.7092198
CTGCAGCTGGATTC-1,1,False,0.0,False,0.71021247,True,2.6967013,False,0.4150457,False,0.0,1,False,myeloid,1,1389,4046.0,1.5570934
CTGCAGCTTGGCAT-1,2,True,1.9876702,False,0.0,False,0.0,False,0.8753847,False,0.0,1,False,T_cell,2,1264,3900.0,2.3076923
CTGCCAACAGGAGC-1,2,True,1.9732546,False,0.5013721,False,0.0,False,0.902699,False,0.0,1,False,T_cell,2,952,2857.0,2.9751487
CTGCCAACCAGCTA-1,0,True,2.8149,False,0.76931924,False,0.42740837,False,0.0,False,0.0,1,False,T_cell,0,816,2211.0,1.2663953
CTGCCAACTAACCG-1,1,False,0.0,True,1.1268371,True,3.3519995,False,0.56341857,False,0.0,2,True,myeloid,1,795,2264.0,2.0318022
CTGCCAACTGCTCC-1,2,False,1.4181151,False,0.81988895,False,0.0,False,1.2599057,False,0.0,0,False,T_cell,2,795,1870.0,2.7272727
CTGCCAACTTGCAG-1,0,False,0.8306556,False,0.0,False,0.0,False,0.0,False,0.0,0,False,T_cell,0,760,2344.0,3.242321
CTGCCAACTTGCTT-1,2,True,1.9642144,False,0.5557374,False,0.0,False,0.8771076,False,0.0,1,False,T_cell,2,886,2332.0,2.2727273
CTGCGACTCCACCT-1,2,False,1.3722246,False,0.0,False,0.6861123,False,1.1349756,False,0.0,0,False,T_cell,2,349,688.0,3.4883723
CTGGAAACAAACGA-1,2,False,1.5483266,False,0.0,False,0.41335207,True,2.2628899,False,0.0,1,False,NK_or_cytotoxic_T,2,868,2367.0,2.8728347
CTGGAAACATCGAC-1,0,False,1.8787478,False,1.0627369,False,0.6761277,False,0.5771595,False,0.0,0,False,T_cell,0,842,2151.0,1.3947002
CTGGATGACTGGAT-1,2,False,1.3779366,False,0.59230506,False,0.0,True,1.9567481,False,0.0,1,False,NK_or_cytotoxic_T,2,819,2037.0,2.7982326
CTGGATGACTTGTT-1,0,False,1.3454759,False,0.0,False,0.0,False,0.0,False,0.0,0,False,T_cell,0,626,1457.0,4.1180506
CTGGATGATGTGAC-1,3,False,0.0,True,3.752213,False,0.0,False,0.0,False,0.0,1,False,B_cell,3,418,869.0,1.6110473
CTGGCACTCAAGCT-1,1,False,0.0,False,0.5298592,True,4.7814503,False,0.72504437,False,0.0,1,False,myeloid,1,903,2565.0,1.9493177
CTGGCACTGGACAG-1,2,True,2.3179643,False,0.0,False,0.0,False,1.4531754,False,0.0,1,False,T_cell,2,626,1555.0,6.1736336
CTGTAACTAACCAC-1,0,True,2.3476562,False,0.0,True,1.0130591,False,0.0,False,0.0,2,True,T_cell,0,838,2167.0,2.9533918
CTGTAACTAGCGTT-1,0,False,1.3905334,False,0.5997664,False,0.0,False,0.0,False,0.0,0,False,T_cell,0,723,1983.0,0.9581442
CTGTATACGTAAAG-1,0,True,2.7409768,False,0.0,False,0.0,False,0.0,False,0.0,1,False,T_cell,0,436,979.0,2.042901
CTGTATACGTACGT-1,1,False,0.0,False,0.0,True,3.2255588,False,0.0,False,0.0,1,False,myeloid,1,1112,3504.0,3.4531963
CTGTATACGTTGGT-1,0,False,0.93385494,False,0.0,False,0.46692747,False,0.0,False,0.0,0,False,T_cell,0,724,1828.0,0.8752735
CTGTGAGACAACCA-1,4,False,0.0,False,0.9680528,True,1.2789485,False,0.0,False,0.0,1,False,myeloid,4,1299,4059.0,2.2912047
CTGTGAGACCTTGC-1,2,False,1.4741182,True,1.2995644,False,0.48733664,True,2.081253,False,0.0,2,True,NK_or_cytotoxic_T,2,719,1662.0,4.211793
CTGTGAGACGAACT-1,1,False,0.0,False,0.0,True,5.057659,False,0.0,False,0.0,1,False,myeloid,1,843,2277.0,1.3614405
CTGTGAGACTGTAG-1,1,False,0.0,False,0.65544266,True,4.6755357,False,0.65544266,False,0.0,1,False,myeloid,1,1090,3256.0,2.3648648
CTTAAAGAACCTGA-1,0,True,2.4581094,False,0.0,False,0.41943786,False,0.0,False,0.0,1,False,T_cell,0,696,2297.0,1.5672617
CTTAACACCTGTAG-1,0,False,0.8819877,False,0.58799183,False,0.44099385,False,0.0,False,0.0,0,False,T_cell,0,885,2068.0,1.6924566
CTTAACACGAGCTT-1,0,True,1.8756416,False,0.77886003,True,1.0036261,False,0.47156772,False,0.0,2,True,T_cell,0,1144,3211.0,5.3254437
CTTAACACTATCGG-1,3,False,0.0,True,2.9745197,True,0.9526054,False,0.0,False,0.0,2,True,B_cell,3,627,1748.0,2.2883296
CTTAAGCTACCTAG-1,0,True,1.6558038,False,0.87275386,True,0.9761039,False,0.0,False,0.0,2,True,T_cell,0,809,2362.0,2.0745132
CTTAAGCTAGTACC-1,0,False,1.2369888,False,0.8246592,False,0.0,False,0.0,False,0.0,0,False,T_cell,0,423,920.0,1.7391304
CTTAAGCTCATCAG-1,0,False,0.0,False,1.0379181,False,0.6160205,False,0.0,False,0.0,0,False,B_cell,0,729,1860.0,3.064516
CTTAAGCTCCGCTT-1,3,False,0.0,True,3.0495713,False,0.41292557,False,0.0,False,0.0,1,False,B_cell,3,853,2374.0,2.990733
CTTAAGCTTCCTCG-1,2,True,2.2253807,False,0.0,False,0.0,False,1.0621432,False,0.0,1,False,T_cell,2,713,1724.0,5.2204175
CTTACAACTAACGC-1,0,True,1.9493263,False,0.5510223,False,0.4132667,False,0.0,False,0.0,1,False,T_cell,0,855,2369.0,1.7306881
CTTACAACTCCCGT-1,1,False,0.0,False,1.1058872,True,4.7267423,False,0.0,False,0.0,1,False,myeloid,1,608,1505.0,1.1960133
CTTACTGACGTACA-1,0,True,2.6539268,False,0.6179854,False,0.0,False,0.0,False,0.0,1,False,T_cell,0,627,1857.0,2.2078621
CTTAGACTAAACGA-1,0,False,1.3021171,False,0.74502724,False,0.4108933,False,0.54785776,False,0.0,0,False,T_cell,0,823,2396.0,1.293823
CTTAGGGACTTGCC-1,0,True,3.1216955,False,0.6800257,True,0.73458195,False,0.4897213,False,0.0,2,True,T_cell,0,1063,2991.0,0.6686727
CTTAGGGAGAATCC-1,0,False,1.2910522,False,0.0,False,0.0,False,0.0,False,0.0,0,False,T_cell,0,575,1638.0,2.3199024
CTTATCGACTCATT-1,0,True,2.1097813,False,0.60202277,False,0.0,False,0.0,False,0.0,1,False,T_cell,0,743,1966.0,1.9328587
CTTCACCTACCTGA-1,4,False,0.0,False,0.95151657,True,3.3936791,False,0.0,False,0.37125748,1,False,myeloid,4,1528,4888.0,2.3936172
CTTCATGAAGCATC-1,3,False,0.0,True,2.9439337,False,0.6079386,False,0.0,False,0.0,1,False,B_cell,3,681,1927.0,1.7644007
CTTCATGAAGTACC-1,0,False,1.073801,False,0.0,True,1.232049,False,0.0,False,0.0,1,False,myeloid,0,544,1324.0,1.8882176
CTTCATGACCGAAT-1,2,False,0.0,False,0.0,False,0.0,True,2.2025762,False,0.0,1,False,NK_or_cytotoxic_T,2,422,937.0,3.5218782
CTTGAACTACGCAT-1,0,False,1.5042884,False,0.91240495,True,0.8801892,False,0.0,False,0.0,1,False,T_cell,0,731,2077.0,1.6369764
CTTGATTGAGGTTC-1,2,True,2.5226874,False,0.59655976,False,0.0,True,3.3278065,False,0.0,2,True,NK_or_cytotoxic_T,2,920,2005.0,1.6957605
CTTGATTGATCTTC-1,1,False,0.0,False,0.78541005,True,2.6397872,False,0.0,False,1.1298578,1,False,myeloid,1,761,2094.0,2.531041
CTTGATTGCATTCT-1,0,True,2.796351,False,0.0,False,0.4215753,False,0.5621004,False,0.0,1,False,T_cell,0,884,2276.0,2.9437609
CTTGATTGTTTCGT-1,0,True,1.8694617,False,0.65729904,False,0.49297425,False,0.0,False,0.0,1,False,T_cell,0,982,3235.0,1.1128284
CTTGTATGACACCA-1,3,False,0.0,True,3.015614,False,0.5972134,False,0.0,False,0.0,1,False,B_cell,3,784,2020.0,1.2871287
CTTGTATGCGCAAT-1,3,False,0.0,True,2.8044553,False,0.0,False,0.0,False,0.0,1,False,B_cell,3,496,1035.0,1.9323671
CTTTACGAGCGAAG-1,0,True,2.3599977,False,0.6822669,False,0.51170015,False,0.0,False,0.0,1,False,T_cell,0,573,1483.0,4.045853
CTTTAGACCGTGAT-1,0,False,1.3291287,False,0.67761153,True,1.0164173,False,0.0,False,0.0,1,False,T_cell,0,521,1507.0,2.5215662
CTTTAGACGAGACG-1,0,False,1.331294,False,0.76380396,False,0.42364895,False,0.5648653,False,0.0,0,False,T_cell,0,663,2251.0,2.087961
CTTTAGACGATACC-1,0,False,0.8050391,False,0.0,False,0.549484,False,0.0,False,0.0,0,False,T_cell,0,794,2500.0,1.16
CTTTAGACGTTGGT-1,2,True,2.083395,False,0.0,False,0.60453475,False,0.685418,False,0.0,1,False,T_cell,2,975,2937.0,3.3026896
CTTTAGACTCATTC-1,0,True,1.8999612,False,0.73122567,False,0.4015614,False,1.0716814,False,0.0,1,False,T_cell,0,856,2511.0,3.2258062
CTTTAGTGACGGGA-1,2,False,0.0,False,0.0,False,0.0,True,3.152235,False,0.0,1,False,NK_or_cytotoxic_T,2,978,2214.0,2.0325203
CTTTAGTGGGTGGA-1,0,True,2.5753508,False,0.6518574,False,0.0,False,0.0,False,0.0,1,False,T_cell,0,590,1648.0,1.57767
CTTTCAGAGAAACA-1,0,True,1.9056995,True,1.3930732,False,0.40292042,False,0.0,False,0.0,2,True,T_cell,0,905,2496.0,1.3621795
CTTTGATGAGCACT-1,0,False,1.1946516,False,0.7964344,False,0.5973258,False,0.5946288,False,0.0,0,False,T_cell,0,695,2020.0,1.3861386
CTTTGATGTCTAGG-1,2,True,1.8193679,False,0.606456,False,0.45484197,False,1.2052186,False,0.0,1,False,T_cell,2,816,1935.0,2.9457364
CTTTGATGTGTCCC-1,0,False,0.6792269,False,0.0,False,0.33961344,False,0.0,False,0.0,0,False,T_cell,0,976,3462.0,2.397458
CTTTGATGTGTGGT-1,0,False,1.2843249,False,0.53754854,False,0.4031614,False,0.0,False,0.0,0,False,T_cell,0,816,2490.0,1.6465863
GAAACAGAACTACG-1,0,True,2.1133425,False,0.0,True,0.9047385,False,0.603159,False,0.0,2,True,T_cell,0,753,1960.0,1.377551
GAAACAGAATCACG-1,0,True,1.7212241,False,0.5737414,True,0.86061203,False,0.5737414,False,0.0,2,True,T_cell,0,791,2180.0,2.0183487
GAAACAGACATTCT-1,0,False,0.0,False,0.5289295,False,0.0,False,0.0,False,0.5289295,0,False,B_cell,0,858,2572.0,1.55521
GAAACCTGATCGTG-1,0,True,2.3858116,False,0.53787035,False,0.0,False,0.0,False,0.0,1,False,T_cell,0,813,2487.0,1.367109
GAAACCTGATGCCA-1,0,True,2.2373211,False,0.74577373,True,0.97072935,False,0.5485321,False,0.0,2,True,T_cell,0,841,2390.0,2.2175734
GAAACCTGCTTATC-1,0,True,2.3675833,False,0.7417345,False,0.33055818,False,0.44074425,False,0.0,1,False,T_cell,0,1085,3639.0,1.0167629
GAAACCTGGACTAC-1,4,False,0.0,True,1.1325309,True,1.7175298,False,0.0,True,1.5858207,3,True,myeloid,4,1692,5328.0,2.59009
GAAACCTGTGCTAG-1,0,True,2.5343046,False,0.0,False,0.47937143,False,0.0,False,0.0,1,False,T_cell,0,716,1723.0,1.683111
GAAAGATGATTTCC-1,0,True,1.6091181,False,0.0,True,0.80455905,False,0.5363727,False,0.0,2,True,T_cell,0,955,2501.0,1.2395042
GAAAGATGCTGATG-1,4,False,0.5710124,False,0.6671293,True,1.486798,False,0.38067493,False,0.0,1,False,myeloid,4,1467,4691.0,2.3235984
GAAAGATGCTTCGC-1,1,False,0.0,False,0.8787073,True,3.811511,False,0.0,False,0.0,1,False,myeloid,1,741,2316.0,0.9930915
GAAAGATGTAAGGA-1,0,False,1.3981714,False,0.0,False,0.86462456,False,0.0,False,0.0,0,False,T_cell,0,296,651.0,4.1474657
GAAAGATGTTTGCT-1,2,False,1.4014337,False,0.0,False,0.5421472,False,0.72286296,False,0.0,0,False,T_cell,2,540,1291.0,5.6545315
GAAAGCCTACGTTG-1,3,False,0.0,True,2.6363373,False,0.0,False,0.0,False,0.0,1,False,B_cell,3,738,2282.0,1.8404908
GAAAGTGAAAGTGA-1,5,False,0.481479,False,0.79059803,True,1.5735179,False,0.0,False,0.0,1,False,myeloid,5,1573,6177.0,2.590254
GAAAGTGACCACAA-1,1,False,0.0,True,1.5061543,True,3.5240529,False,0.0,False,0.0,2,True,myeloid,1,1119,3255.0,2.6420891
GAAAGTGACTCAAG-1,0,True,2.117773,False,0.0,False,0.4848985,False,0.0,False,0.0,1,False,T_cell,0,918,3359.0,2.530515
GAAATACTACCAAC-1,1,False,0.0,False,0.0,True,3.492714,False,0.0,False,0.0,1,False,myeloid,1,283,561.0,1.604278
GAAATACTCTTAGG-1,3,False,0.88825357,True,3.3796725,False,0.59531116,False,0.0,False,0.0,1,False,B_cell,3,703,2039.0,2.3540952
GAAATACTTCCTCG-1,0,True,2.2672625,False,0.9189312,False,0.0,False,0.0,False,0.0,1,False,T_cell,0,842,2036.0,1.6699411
GAACACACGTGCAT-1,1,False,0.64236546,True,1.3095559,True,4.5445027,False,0.0,False,0.0,2,True,myeloid,1,1253,3828.0,2.429467
GAACACACTGCCTC-1,0,True,2.0257201,False,0.7752258,True,0.86288154,False,0.0,False,0.0,2,True,T_cell,0,676,2168.0,4.0590405
GAACAGCTAACTGC-1,1,False,0.0,False,0.873747,True,2.5073893,False,0.0,False,0.0,1,False,myeloid,1,1636,5494.0,2.3298144
GAACAGCTCTCAGA-1,4,False,0.0,False,0.9090471,True,1.1196516,False,0.0,False,0.0,1,False,myeloid,4,1273,4199.0,2.953084
GAACCAACCACAAC-1,0,False,0.0,False,0.0,False,0.6331758,False,1.0617726,False,0.0,0,False,NK_or_cytotoxic_T,0,380,863.0,1.506373
GAACCAACTTCCGC-1,2,False,0.0,False,0.0,False,0.0,True,3.1262913,False,0.0,1,False,NK_or_cytotoxic_T,2,799,1610.0,2.0496893
GAACCTGAACGTGT-1,0,True,1.9893084,True,0.7550186,False,0.0,False,0.74739814,False,0.0,2,True,T_cell,0,1491,4756.0,3.1959631
GAACCTGAGAGACG-1,0,True,2.200788,False,0.733596,False,0.4031614,False,0.53754854,False,0.0,1,False,T_cell,0,878,2490.0,0.8032128
GAACCTGATGAACC-1,0,True,2.1025217,False,0.0,True,0.75042886,False,0.0,False,0.5002859,2,True,T_cell,0,939,2871.0,1.2887496
GAACGGGATACTTC-1,0,True,1.7781403,False,0.79434294,False,0.0,False,0.5927135,False,0.0,1,False,T_cell,0,725,2033.0,1.4756517
GAACGTTGACGGAG-1,2,True,2.739685,True,1.9191093,False,0.0,False,1.6098969,False,0.0,2,True,T_cell,2,563,1209.0,5.376344
GAACTGTGACCTGA-1,4,False,0.0,False,0.5956613,True,2.4148474,False,0.0,False,0.0,1,False,myeloid,4,1365,4027.0,2.0114229
GAACTGTGCCAGTA-1,1,False,0.0,False,0.91801184,True,4.5786004,False,0.0,False,0.0,1,False,myeloid,1,818,2040.0,1.8137256
GAAGAATGCAATCG-1,0,False,1.1791971,False,0.0,False,0.43890262,False,0.0,False,0.0,0,False,T_cell,0,719,2090.0,2.2488039
GAAGCGGACCTATT-1,1,False,0.0,False,0.86710066,True,3.0090194,False,0.41723084,False,0.0,1,False,myeloid,1,1343,4008.0,2.2954092
GAAGCTACGAATGA-1,1,False,0.0,False,0.93127286,True,3.7042987,False,0.0,False,0.0,1,False,myeloid,1,905,2610.0,2.183908
GAAGCTACGGTTTG-1,0,False,1.6898293,False,0.6326474,False,0.0,False,0.0,False,0.0,0,False,T_cell,0,837,1763.0,1.8150879
GAAGGGTGAAAGTG-1,0,True,1.9128506,False,0.5394862,False,0.40461466,False,0.0,False,0.0,1,False,T_cell,0,803,2473.0,0.80873436
GAAGGGTGCTTAGG-1,1,False,0.0,False,0.68512094,True,4.6104774,False,0.0,False,0.0,1,False,myeloid,1,990,2939.0,2.4157877
GAAGGTCTGAAAGT-1,0,True,1.9824065,False,0.7601006,True,1.15137,False,0.0,False,0.0,2,True,T_cell,0,1084,2280.0,0.9649123
GAAGGTCTGTTGCA-1,0,False,1.16829,False,0.47156772,False,0.35367578,False,0.0,False,0.0,0,False,T_cell,0,976,3213.0,1.276066
GAAGGTCTTAAAGG-1,5,False,0.51014394,False,0.8655312,False,1.3413528,False,0.0,False,0.0,0,False,myeloid,5,1630,5640.0,1.6843971
GAAGTAGACTCCCA-1,2,True,2.153157,False,0.81956285,False,0.0,True,3.7117033,False,0.0,2,True,NK_or_cytotoxic_T,2,795,1871.0,2.3516836
GAAGTAGATCCAAG-1,4,False,0.0,False,0.594835,True,1.485146,False,0.0,False,0.0,1,False,myeloid,4,1408,4035.0,2.6517968
GAAGTCACCCTCGT-1,1,False,0.92788756,False,1.1693182,True,3.523023,False,0.0,False,0.0,1,False,myeloid,1,771,1853.0,1.5650296
GAAGTCACCCTGTC-1,3,False,0.0,True,2.6024468,False,0.60233426,False,0.0,False,0.0,1,False,B_cell,3,650,1978.0,2.3761375
GAAGTCTGTCGCAA-1,3,False,0.0,True,3.3412523,True,1.0478495,False,0.0,False,0.0,2,True,B_cell,3,779,1998.0,2.102102
GAAGTCTGTTCTGT-1,0,False,0.0,False,0.0,False,0.5736535,False,0.0,False,0.0,0,False,myeloid,0,648,2244.0,2.4955437
GAAGTGCTAAACGA-1,2,False,0.0,False,0.0,False,0.469608,True,2.5260544,False,0.0,1,False,NK_or_cytotoxic_T,2,817,1806.0,2.9346623
GAAGTGCTCCGCTT-1,1,False,0.0,False,0.0,True,4.6009607,False,0.46837014,False,0.0,1,False,myeloid,1,1127,3251.0,2.7991388
GAAGTGCTTAACCG-1,0,True,2.0581217,False,0.527491,True,0.7912364,False,0.527491,False,0.0,2,True,T_cell,0,882,2587.0,2.280634
GAATGCACCCTAAG-1,0,True,1.7423844,False,0.88403624,False,0.36441985,False,0.0,False,0.0,1,False,T_cell,0,954,3039.0,1.6781837
GAATGCACCTTCGC-1,2,True,2.4280224,False,0.60032845,False,0.45024633,True,3.8106148,False,0.0,2,True,NK_or_cytotoxic_T,2,830,1980.0,2.020202
GAATGCTGCGGTAT-1,0,True,2.0637805,False,0.52923894,False,0.5432651,False,0.0,False,0.0,1,False,T_cell,0,732,2569.0,3.8925653
GAATGGCTAAGATG-1,0,False,1.3375401,True,1.783387,False,0.0,False,0.0,False,0.0,1,False,B_cell,0,378,741.0,9.176788
GAATTAACGATAAG-1,0,False,1.8823941,False,0.5792091,False,0.0,False,0.0,False,0.5792091,0,False,T_cell,0,783,2136.0,1.2640449
GAATTAACGGTCAT-1,0,True,2.815324,False,0.0,True,0.9149178,False,0.0,False,0.0,2,True,T_cell,0,756,1914.0,1.7241379
GAATTAACGTCGTA-1,2,False,0.0,False,0.0,False,0.5374022,True,3.4070673,False,0.0,1,False,NK_or_cytotoxic_T,2,708,1323.0,1.5117158
GAATTAACTGAAGA-1,3,False,0.0,True,2.9211555,False,0.0,False,0.0,False,0.0,1,False,B_cell,3,976,2481.0,2.095929
GACAACACAGGCGA-1,0,True,2.353994,False,0.0,False,0.39638808,False,0.0,False,0.0,1,False,T_cell,0,718,2578.0,1.5903801
GACAACACATCGTG-1,0,True,2.0561345,False,0.72172207,False,0.39515796,False,0.0,False,0.0,1,False,T_cell,0,887,2592.0,2.199074
GACAACACTCGCCT-1,0,False,1.1501242,False,0.0,False,0.42565602,False,0.0,False,0.0,0,False,T_cell,0,809,2229.0,1.5702108
GACAACTGAGGTTC-1,0,True,1.6091181,False,0.5363727,False,0.0,False,0.0,False,0.0,1,False,T_cell,0,795,2501.0,1.9992003
GACAGGGAAGAGTA-1,3,False,0.0,True,2.9200568,False,0.6546145,False,0.0,False,0.0,1,False,B_cell,3,662,1574.0,2.858958
GACAGGGAATGCCA-1,0,True,2.1827781,False,0.53214854,False,0.3991114,False,0.53214854,False,0.0,1,False,T_cell,0,912,2543.0,1.179709
GACAGTACGAGCTT-1,4,False,0.0,True,1.228776,True,1.900424,False,0.36938986,False,0.0,2,True,myeloid,4,1550,4933.0,2.432597
GACAGTACTTCGGA-1,4,False,0.0,False,0.72121024,True,2.0278454,False,0.3578411,False,0.3578411,1,False,myeloid,4,1509,5193.0,4.794916
GACAGTTGAGTAGA-1,3,False,0.7197444,True,3.5658877,False,0.3598722,False,0.0,False,0.0,1,False,B_cell,3,1021,3107.0,1.577084
GACATTCTCCACCT-1,5,False,0.0,False,0.83671564,True,1.7162681,False,0.320453,False,0.320453,1,False,myeloid,5,1751,6193.0,2.5028257
GACCAAACGACTAC-1,1,False,0.0,False,0.79315484,True,3.9456153,False,0.59162587,False,0.0,1,False,myeloid,1,776,2043.0,3.91581
GACCAAACGTATCG-1,1,False,0.0,False,0.7667495,True,4.297532,False,0.0,False,0.0,1,False,myeloid,1,910,2228.0,2.962298
GACCATGACTCTCG-1,1,False,0.0,False,0.0,True,3.5187478,True,1.5883883,False,0.79419416,2,True,myeloid,1,446,1018.0,7.269155
GACCCTACTAAAGG-1,3,False,0.0,True,3.3047915,False,0.0,False,0.6803169,False,0.0,1,False,B_cell,3,714,1493.0,1.4735433
GACCTAGACCTCAC-1,0,True,2.5704181,False,0.0,False,0.0,False,0.0,False,0.0,1,False,T_cell,0,530,1178.0,4.9235992
GACCTAGACGAGAG-1,0,False,1.2659962,False,0.0,False,0.6329981,False,0.0,False,0.0,0,False,T_cell,0,846,2591.0,4.3226557
GACCTCACAAGGTA-1,0,True,1.8700274,False,0.6233425,False,0.46750686,False,0.0,False,0.0,1,False,T_cell,0,631,1825.0,1.589041
GACCTCACGTACGT-1,1,False,0.0,False,0.6336137,True,3.6885247,False,0.0,False,0.0,1,False,myeloid,1,1152,3514.0,2.2766078
GACCTCTGCATCAG-1,0,True,1.9629164,False,0.59628296,False,0.4472122,False,0.0,False,0.0,1,False,T_cell,0,1118,4014.0,2.1923268
GACGAACTCCCACT-1,0,True,2.7429404,False,0.57211334,False,0.0,False,0.0,False,0.0,1,False,T_cell,0,755,2191.0,1.4605203
GACGATTGCCAATG-1,3,False,1.1231706,True,1.7104956,False,0.5615853,False,0.0,False,0.0,1,False,B_cell,3,573,1186.0,1.5177065
GACGCCGACCTTCG-1,0,True,2.625135,False,0.91950727,False,0.0,False,0.7089441,False,0.0,1,False,T_cell,0,1176,2708.0,1.7355982
GACGCTCTCTCTCG-1,6,False,0.0,False,0.0,False,0.0,False,0.0,True,5.0593576,1,False,platelet,6,267,683.0,3.2210834
GACGGCACACGGGA-1,2,False,0.0,False,0.0,False,0.6235308,True,3.8204024,False,0.0,1,False,NK_or_cytotoxic_T,2,918,1803.0,0.9983361
GACGGCACGAGATA-1,1,False,0.0,False,0.7843553,True,4.11986,False,0.0,False,0.0,1,False,myeloid,1,1132,3154.0,2.219404
GACGTAACCTATGG-1,0,True,2.1911118,False,0.89197314,False,0.57607424,False,0.0,False,0.0,1,False,T_cell,0,849,2218.0,1.3976555
GACGTAACCTGTGA-1,0,True,2.5459251,True,1.0687124,False,0.6393991,False,0.0,False,0.0,2,True,T_cell,0,938,2521.0,1.6660055
GACGTAACTATGGC-1,0,True,2.8059287,False,0.4710182,True,0.9369168,False,0.0,False,0.0,2,True,T_cell,0,1140,3219.0,1.7707362
GACGTATGTTGACG-1,0,True,2.6802702,True,1.2575363,False,0.39832872,False,0.0,False,0.0,2,True,T_cell,0,909,2554.0,0.90054816
GACGTATGTTTGCT-1,0,False,1.4340744,False,0.54640347,True,0.8196052,False,0.0,False,0.0,1,False,T_cell,0,840,2410.0,1.120332
GACGTCCTACGGAG-1,0,True,2.3242846,False,1.8502238,False,0.42611545,False,0.0,False,0.0,1,False,T_cell,0,806,2226.0,1.6621742
GACGTCCTCTCAAG-1,1,False,0.0,False,0.86615217,True,4.3826323,False,0.54618055,False,0.54618055,1,False,myeloid,1,904,2413.0,2.6523
GACGTCCTGATAAG-1,3,False,0.0,True,2.3042579,True,1.269588,False,0.0,False,0.0,2,True,B_cell,3,788,2256.0,1.5957447
GACTACGATGGTCA-1,3,False,0.9235877,True,2.9389424,True,1.0763438,False,0.0,False,0.0,2,True,B_cell,3,778,1874.0,1.7075773
GACTCCTGCTCGCT-1,0,True,1.8521417,False,0.82119673,False,0.46303543,False,0.6173806,False,0.0,1,False,T_cell,0,715,1862.0,3.4371643
GACTCCTGGGTTAC-1,0,False,1.256163,False,0.5213311,False,0.0,False,0.0,False,0.0,0,False,T_cell,0,869,2649.0,2.5670063
GACTCCTGTTATCC-1,0,False,1.0296159,False,0.8954929,False,0.51480794,False,0.0,False,0.0,0,False,T_cell,0,714,1462.0,2.3255813
GACTCCTGTTGGTG-1,1,False,0.7718504,False,0.51456696,True,4.947557,False,0.0,False,0.51456696,1,False,myeloid,1,883,2720.0,2.0588236
GACTGAACAACCGT-1,3,False,0.0,True,3.4444613,False,0.0,False,0.0,False,0.0,1,False,B_cell,3,332,663.0,5.7315235
GACTGAACCAATCG-1,1,False,0.8388757,False,0.8811235,True,4.3840075,False,0.0,False,0.0,1,False,myeloid,1,767,2301.0,1.1299435
GACTGATGTGATGC-1,0,True,1.5639931,False,0.0,True,0.78199655,False,0.5213311,False,0.0,2,True,T_cell,0,858,2650.0,1.3584906
GACTTTACATGCCA-1,0,False,0.8087431,False,0.5391621,False,0.0,False,0.0,False,0.0,0,False,T_cell,0,788,2480.0,0.9274193
GACTTTACGACAGG-1,3,False,0.0,True,2.6790752,False,0.5324415,False,0.0,False,0.0,1,False,B_cell,3,553,1350.0,1.5555556
GAGAAATGTTCTCA-1,3,False,0.0,True,2.0835757,False,0.59331584,False,0.0,False,0.0,1,False,B_cell,3,634,2056.0,3.2101166
GAGATAGAAAAAGC-1,1,False,0.0,False,0.64952403,True,3.4482877,False,0.0,False,0.0,1,False,myeloid,1,1230,3327.0,1.653141
GAGATCACGACAAA-1,4,False,0.0,False,0.66267943,False,1.0271497,False,0.47441754,False,0.0,0,False,myeloid,4,1131,3174.0,2.016383
GAGATGCTCTGGAT-1,2,False,1.1824607,False,0.0,False,0.59123033,False,1.003317,False,0.0,0,False,T_cell,2,849,2075.0,2.7951808
GAGATGCTGAATGA-1,0,True,3.2512894,False,0.0,False,0.0,False,0.0,False,0.0,1,False,T_cell,0,811,1804.0,1.7738359
GAGCAGGATTCCCG-1,2,False,0.9182279,False,0.612152,False,0.0,False,1.1031651,False,0.0,0,False,NK_or_cytotoxic_T,2,827,1900.0,1.7368422
GAGCATACTTTGCT-1,4,True,1.6631756,False,0.5672561,False,0.22852659,False,0.0,False,0.0,1,False,T_cell,4,1753,6694.0,1.6731402
GAGCGCACGCGTAT-1,1,False,0.0,False,0.8358266,True,4.667758,False,0.0,False,0.0,1,False,myeloid,1,713,1777.0,2.7574563
GAGCGCACGGTGAG-1,2,True,3.1888165,False,0.0,False,0.0,True,1.7815661,False,0.0,2,True,T_cell,2,484,1056.0,4.6401515
GAGCGCTGAAGATG-1,2,False,0.98250395,False,0.0,False,0.0,True,4.1514974,False,0.0,1,False,NK_or_cytotoxic_T,2,783,1631.0,2.8816679
GAGCGCTGTCTTAC-1,1,False,0.0,False,0.60032845,True,4.440237,False,0.0,False,0.0,1,False,myeloid,1,722,1979.0,1.4653865
GAGCGGCTGGGAGT-1,3,False,1.0129728,True,3.2200925,False,0.0,False,0.0,False,0.0,1,False,B_cell,3,596,1520.0,2.4342105
GAGGACGACTCAGA-1,0,False,1.1277316,False,0.0,False,0.0,False,0.0,False,0.0,0,False,T_cell,0,514,1171.0,1.2809564
GAGGATCTGAAAGT-1,3,False,0.0,False,0.0,False,0.0,False,0.0,False,0.0,0,False,T_cell,3,372,717.0,0.41841003
GAGGCAGACTTGCC-1,2,True,2.5125713,False,0.7655406,False,0.57415545,True,2.17898,False,0.0,2,True,T_cell,2,925,2239.0,1.2058954
GAGGGAACACCAGT-1,0,True,2.9391494,False,0.0,False,0.48528135,False,0.0,False,0.0,1,False,T_cell,0,747,1677.0,0.5963029
GAGGGAACGAGGGT-1,0,False,1.2402363,False,0.62257,False,0.46692747,False,0.0,False,0.0,0,False,T_cell,0,840,1827.0,2.3535852
GAGGGATGGGAAAT-1,0,False,1.661401,False,0.0,True,1.0196022,False,0.0,False,0.0,1,False,T_cell,0,673,1497.0,2.004008
GAGGGCCTTCACCC-1,0,True,2.7069464,True,1.5562501,False,0.0,False,0.0,False,0.0,2,True,T_cell,0,955,2480.0,2.701613
GAGGGTGAAGAGTA-1,0,True,1.8709579,False,0.5262654,False,0.0,False,0.5262654,False,0.0,1,False,T_cell,0,796,2599.0,1.5390534
GAGGTACTACGGTT-1,0,True,2.4000416,False,0.59162587,False,0.0,False,0.0,False,0.0,1,False,T_cell,0,719,2041.0,3.0377266
GAGGTACTACTCAG-1,1,False,0.0,False,0.60018784,True,4.930266,False,0.0,False,0.0,1,False,myeloid,1,718,1980.0,2.020202
GAGGTACTGACACT-1,2,False,1.2170622,False,0.6083397,False,0.0,True,2.9345832,False,0.0,1,False,NK_or_cytotoxic_T,2,857,1922.0,1.3527576
GAGGTACTGGGAGT-1,0,False,0.0,False,0.71609014,False,0.0,False,0.0,False,0.0,0,False,B_cell,0,578,1321.0,0.8327025
GAGGTACTTAGCGT-1,1,False,0.0,False,0.76291764,True,4.1374187,False,0.0,False,0.0,1,False,myeloid,1,1063,3386.0,2.8352036
GAGGTGGAGTACGT-1,0,False,1.3269744,False,0.67626953,False,0.0,False,0.0,False,0.0,0,False,T_cell,0,594,1515.0,4.092409
GAGGTGGATCCTCG-1,2,False,0.8983885,False,0.9260773,False,0.0,True,4.024602,False,0.0,1,False,NK_or_cytotoxic_T,2,997,1988.0,1.9617707
GAGGTTACTCGTTT-1,1,False,1.098257,False,0.94415355,True,3.313459,False,0.0,False,0.0,1,False,myeloid,1,1268,3757.0,1.2509981
GAGGTTTGTAAGCC-1,1,False,0.0,False,0.0,True,3.8807595,False,0.0,False,0.0,1,False,myeloid,1,341,684.0,3.362573
GAGTCAACCATTCT-1,0,False,0.0,False,0.0,False,0.0,False,0.0,False,0.0,0,False,T_cell,0,388,897.0,1.7837236
GAGTCAACGGGAGT-1,0,True,1.8622863,True,1.0470655,False,0.0,False,0.0,False,0.0,2,True,T_cell,0,753,2627.0,1.9033117
GAGTCTGATCGTGA-1,0,True,2.3817642,False,0.5531951,False,0.41489634,False,0.0,False,0.0,1,False,T_cell,0,834,2354.0,1.2744265
GAGTCTGATTTGGG-1,3,False,0.0,True,2.398284,False,0.0,False,0.0,False,0.0,1,False,B_cell,3,593,1493.0,2.0763564
GAGTGACTCAGCTA-1,0,True,2.6716876,False,0.81137484,False,0.3742693,False,0.0,False,0.0,1,False,T_cell,0,1189,2887.0,1.6279876
GAGTGACTCGGTAT-1,2,True,2.2054415,False,0.7730131,False,0.0,False,1.4149451,False,0.0,1,False,T_cell,2,911,2183.0,1.5116812
GAGTGACTCTTGCC-1,3,False,0.0,True,2.7782478,False,0.0,False,0.0,False,0.0,1,False,B_cell,3,738,1833.0,1.5275505
GAGTGACTGACTAC-1,3,False,1.097547,False,1.2370778,False,0.5487735,False,0.0,False,0.0,0,False,B_cell,3,476,1256.0,4.060509
GAGTGACTGTCTAG-1,0,True,1.7333943,False,0.0,True,1.0168614,False,0.0,False,0.0,2,True,T_cell,0,816,2146.0,1.9571295
GAGTGGGAGTCTTT-1,3,False,0.0,True,3.0317168,False,0.49796364,False,0.0,False,0.0,1,False,B_cell,3,641,1581.0,2.5300443
GAGTGGGATGCCCT-1,0,True,2.2307854,False,0.5393781,False,0.0,False,0.5393781,False,0.0,1,False,T_cell,0,746,2475.0,2.0606062
GAGTGGGATGCTGA-1,3,False,0.0,True,2.9556537,False,0.0,False,0.0,False,0.0,1,False,B_cell,3,635,1498.0,1.9359145
GAGTGTTGCTGTAG-1,0,False,1.3654666,False,0.50772756,False,0.52522737,False,0.0,False,0.0,0,False,T_cell,0,953,2790.0,2.078853
GAGTGTTGTGGTCA-1,0,False,0.0,True,1.1827096,False,0.0,False,0.0,False,0.0,1,False,B_cell,0,801,2044.0,1.6144814
GAGTTGTGCATGGT-1,1,False,0.0,False,0.9125551,True,4.192662,False,0.0,False,0.0,1,False,myeloid,1,326,693.0,2.7417028
GAGTTGTGCTGAGT-1,2,True,2.585242,False,0.79929847,True,0.89587975,False,1.2762139,False,0.0,2,True,T_cell,2,849,2000.0,2.3
GAGTTGTGGCGAGA-1,1,False,0.0,False,0.0,True,4.39258,False,0.0,False,0.7386434,1,False,myeloid,1,499,1225.0,1.2244898
GAGTTGTGGTAGCT-1,6,False,0.0,False,0.54684997,False,0.41013744,False,0.0,True,4.793077,1,False,platelet,6,865,2422.0,0.9083402
GAGTTGTGTATGCG-1,4,False,0.0,False,0.40745518,True,1.8127906,False,0.0,False,0.0,1,False,myeloid,4,1420,4179.0,2.536492
GATAAGGAGAAACA-1,1,False,0.0,False,0.0,True,4.9222846,False,0.0,False,0.0,1,False,myeloid,1,487,1139.0,3.072871
GATAAGGATTCACT-1,1,False,0.0,False,1.0707903,True,4.4756236,False,0.0,False,0.0,1,False,myeloid,1,876,2518.0,2.779984
GATACTCTATCGGT-1,0,True,1.9590971,False,0.0,False,0.41558722,False,0.0,False,0.0,1,False,T_cell,0,797,2343.0,1.6645327
GATACTCTTACTTC-1,0,True,2.0727766,False,0.8117971,False,0.6088478,False,0.0,False,0.0,1,False,T_cell,0,981,2881.0,2.880944
GATACTCTTGACTG-1,1,False,0.0,False,0.9028079,True,4.672712,True,1.1566204,False,0.0,2,True,myeloid,1,756,2146.0,2.6095061
GATAGAGAAGGGTG-1,2,True,2.6596806,False,0.5886606,False,0.0,False,1.4107032,False,0.0,1,False,T_cell,2,850,2063.0,3.1022782
GATAGAGACTGTGA-1,0,True,1.5296553,False,0.71616447,False,0.3148976,False,0.0,False,0.0,1,False,T_cell,0,1097,3964.0,0.95862764
GATAGAGATCACGA-1,5,False,0.0,True,1.2040788,True,4.0711145,False,0.5058658,False,0.0,2,True,myeloid,5,998,2811.0,1.4229811
GATAGCACCCATAG-1,0,True,2.1753619,False,0.7167597,False,0.0,False,0.0,False,0.0,1,False,T_cell,0,829,2638.0,2.0849128
GATAGCACGAAGGC-1,1,False,0.6617225,False,0.89779663,True,3.0240917,False,0.0,False,0.0,1,False,myeloid,1,1159,3630.0,1.9559228
GATAGCACTTGTCT-1,0,False,1.4452143,False,0.49388367,False,0.37041274,False,0.49388367,False,0.0,0,False,T_cell,0,955,2942.0,2.039429
GATATAACAAGGTA-1,0,True,3.5674386,False,0.7768041,False,0.49310738,False,0.0,False,0.0,1,False,T_cell,0,1061,3234.0,1.5769944
GATATAACACGCAT-1,0,True,2.2930114,False,0.0,True,0.84802425,False,0.0,False,0.0,2,True,T_cell,0,696,2247.0,0.7120605
GATATATGCTGGAT-1,0,True,2.0314083,False,0.0,False,0.0,False,0.0,False,0.0,1,False,T_cell,0,786,2668.0,2.2488756
GATATATGTCCGTC-1,2,True,2.5032427,False,0.0,False,0.0,False,1.4277143,False,0.0,1,False,T_cell,2,743,1819.0,1.4843321
GATATATGTGGAGG-1,1,True,1.7433155,False,0.81704897,True,4.0165896,False,0.0,False,0.0,2,True,myeloid,1,1211,3775.0,2.5165563
GATATCCTAGAAGT-1,0,True,2.6974797,False,0.55877894,False,0.0,False,0.0,False,0.0,1,False,T_cell,0,893,2302.0,1.3032146
GATATCCTCCCGTT-1,1,False,0.0,False,0.0,True,4.517282,False,0.0,False,0.0,1,False,myeloid,1,491,1071.0,1.3071896
GATATTGACAGGAG-1,2,True,2.5279164,False,0.6371895,False,0.4778921,False,0.84263885,False,0.0,1,False,T_cell,2,744,1736.0,3.6290321
GATATTGACGAGTT-1,4,False,0.0,True,1.1646665,True,1.6433161,False,0.0,False,0.0,2,True,myeloid,4,1447,4410.0,1.3605442
GATATTGAGCCAAT-1,0,True,1.9305127,False,0.54506934,False,0.0,False,0.0,False,0.0,1,False,T_cell,0,767,2424.0,1.4851485
GATCCCTGACCTTT-1,2,False,0.0,False,0.569384,False,0.0,True,3.8248692,False,0.0,1,False,NK_or_cytotoxic_T,2,1050,2213.0,1.0845007
GATCCCTGTGTAGC-1,2,True,2.1511383,False,0.5563191,False,0.41723934,False,1.3945227,False,0.0,1,False,T_cell,2,853,2324.0,1.4629948
GATCCGCTGGTCAT-1,1,False,0.0,False,0.79271066,True,4.5316143,False,0.0,False,0.0,1,False,myeloid,1,1118,3070.0,1.7263843
GATCGAACCGAGAG-1,0,True,1.7155604,False,0.5596639,False,0.28922614,False,0.7580721,False,0.0,1,False,T_cell,0,1428,4590.0,2.4836602
GATCGATGACTAGC-1,3,False,0.0,True,2.7098663,False,0.57066745,False,0.0,False,0.0,1,False,B_cell,3,555,1137.0,0.87950754
GATCGATGGTAAAG-1,3,False,0.0,True,2.3162823,False,0.0,False,0.0,False,0.0,1,False,B_cell,3,612,1771.0,1.8633541
GATCGATGTAAGGA-1,1,False,0.8040796,False,0.73193455,True,5.0641685,False,0.0,False,0.0,1,False,myeloid,1,854,2504.0,1.2779553
GATCGTGACACTAG-1,0,True,2.2918115,False,0.7639372,False,0.0,False,0.0,False,0.0,1,False,T_cell,0,789,2252.0,1.731794
GATCGTGATTCACT-1,0,False,0.8819877,False,0.58799183,False,0.44099385,False,0.0,False,0.0,0,False,T_cell,0,889,2068.0,1.0638298
GATCTACTGGTGAG-1,2,True,1.8056433,False,0.0,True,1.1484594,False,0.60188115,False,0.0,2,True,T_cell,2,784,1969.0,2.6917217
GATCTACTTTGCAG-1,3,False,0.0,True,2.7987661,False,0.0,False,0.0,False,0.0,1,False,B_cell,3,712,1624.0,1.1699507
GATCTTACACCCAA-1,4,False,0.0,False,0.44250143,True,2.5107088,False,0.0,False,0.0,1,False,myeloid,4,1323,3608.0,2.5776052
GATCTTACCCTACC-1,0,True,1.8078914,False,0.50642264,True,0.9039457,False,0.0,False,0.0,2,True,T_cell,0,921,2803.0,2.4259722
GATCTTACGAATAG-1,1,False,0.0,False,0.0,True,2.6423314,False,0.6711582,False,0.0,1,False,myeloid,1,682,1542.0,2.075227
GATCTTACGAGATA-1,1,False,0.0,False,0.0,True,4.735351,False,0.0,False,0.0,1,False,myeloid,1,794,2202.0,2.6793826
GATGCAACTCCAGA-1,0,True,2.8972008,False,0.8567114,False,0.0,False,0.0,False,0.0,1,False,T_cell,0,846,2487.0,0.88459986
GATGCCCTACGTAC-1,0,False,0.7587987,False,0.5058658,False,0.37939936,False,0.0,False,0.0,0,False,T_cell,0,1012,2810.0,2.5266905
GATGCCCTCTCATT-1,0,True,1.9372023,True,1.0943707,False,0.410389,False,0.0,False,0.0,2,True,T_cell,0,839,2403.0,1.3732834
GATGCCCTGGCAAG-1,1,False,0.0,False,0.0,True,4.5508156,False,0.0,False,0.0,1,False,myeloid,1,807,2300.0,1.0
GATGCCCTTTTGCT-1,0,False,1.0121166,False,0.0,False,0.5060583,False,0.0,False,0.0,0,False,T_cell,0,587,1525.0,3.6065574
GATTACCTTGTTCT-1,0,True,2.3927655,False,0.736228,True,0.8098786,False,0.0,False,0.0,2,True,T_cell,0,881,2471.0,1.9830028
GATTCGGAACGACT-1,0,True,2.4460824,False,0.7182161,True,0.9314625,False,0.0,False,0.0,2,True,T_cell,0,781,2625.0,2.4761903
GATTCGGACAGGAG-1,1,False,0.0,False,0.69173646,True,4.021572,False,0.0,False,0.5001055,1,False,myeloid,1,1010,2873.0,1.6359206
GATTCGGAGAAGGC-1,4,False,0.0,True,0.881623,True,2.8685565,False,0.0,False,0.0,2,True,myeloid,4,1182,3634.0,2.366538
GATTCTTGATTCGG-1,1,False,0.0,False,0.6788641,True,4.154445,False,0.0,False,0.0,1,False,myeloid,1,1149,3001.0,1.5994668
GATTCTTGCCGATA-1,0,True,2.6435404,False,0.56389976,False,0.0,False,0.56389976,False,0.0,1,False,T_cell,0,812,2262.0,2.0335984
GATTCTTGCGAGTT-1,3,False,0.0,True,3.071645,False,0.502527,False,0.0,False,0.0,1,False,B_cell,3,607,1550.0,2.7096775
GATTGGACCCGTTC-1,3,False,0.95639867,True,2.1506312,False,0.33934528,False,0.0,False,0.0,1,False,B_cell,3,1155,3465.0,1.2987013
GATTGGACGGTGTT-1,3,False,0.0,True,2.7250524,False,0.0,False,0.0,False,0.0,1,False,B_cell,3,714,1759.0,3.1836271
GATTGGACTTTCGT-1,3,False,0.0,True,3.1643462,False,0.0,False,0.0,False,0.0,1,False,B_cell,3,642,1634.0,2.0195837
GATTGGTGTGTCAG-1,0,True,2.856133,False,0.0,False,0.35220897,False,0.0,False,0.0,1,False,T_cell,0,1088,3236.0,1.1742892
GATTTAGACACTCC-1,4,False,0.6159555,False,0.70474803,True,1.986238,False,0.0,False,0.0,1,False,myeloid,4,1291,4120.0,3.15534
GATTTAGACTAAGC-1,3,False,0.0,True,3.192093,False,0.36890915,False,0.0,False,0.0,1,False,B_cell,3,1196,2967.0,1.3818672
GATTTAGATTCGTT-1,1,False,0.0,False,0.92639196,True,4.0078607,False,0.0,False,0.0,1,False,myeloid,1,325,664.0,1.5060241
GATTTGCTAACGAA-1,0,True,1.6689574,False,0.7543813,False,0.41723934,False,0.0,False,0.0,1,False,T_cell,0,804,2322.0,1.8087854
GATTTGCTAACGGG-1,1,False,0.0,False,0.91300595,True,3.396294,False,0.0,False,0.0,1,False,myeloid,1,370,691.0,1.1577424
GCAACCCTCCTCGT-1,1,False,0.0,False,0.89002055,True,3.750155,False,0.0,False,0.0,1,False,myeloid,1,359,744.0,1.6129031
GCAACTGATTGCGA-1,0,True,2.1224537,False,0.0,False,0.5240505,False,0.5063298,False,0.0,1,False,T_cell,0,855,2805.0,2.6381462
GCAAGACTACTGGT-1,0,True,2.4869428,False,0.8102169,False,0.3735306,False,0.0,False,0.0,1,False,T_cell,0,1165,2894.0,0.6219765
GCAAGACTAGGTCT-1,0,True,2.7429404,False,0.57211334,False,0.429085,False,0.0,False,0.0,1,False,T_cell,0,836,2191.0,2.8297582
GCAAGACTCCCTTG-1,0,True,2.1543295,False,0.0,False,0.38701466,False,0.0,False,0.0,1,False,T_cell,0,923,2701.0,2.0733063
GCAATCGACTGCAA-1,2,True,2.6245697,False,0.5537704,False,0.0,True,1.428627,False,0.0,2,True,T_cell,2,863,2346.0,3.537937
GCAATCGAGACGTT-1,1,False,0.6356406,False,0.80713505,True,3.5134208,False,0.0,False,0.0,1,False,myeloid,1,1284,3899.0,3.0520647
GCAATCGATCCTTA-1,1,False,0.0,False,0.6738905,True,2.648295,False,0.0,False,0.0,1,False,myeloid,1,1011,3054.0,2.1611001
GCAATTCTCGTGTA-1,0,False,1.0825831,False,0.5268773,False,0.6329093,False,0.0,False,0.0,0,False,T_cell,0,889,2592.0,1.8904321
GCAATTCTTCTCCG-1,0,True,2.143548,False,0.65491474,False,0.35069838,False,0.0,False,0.0,1,False,T_cell,0,984,3262.0,1.8087063
GCACAAACAATGCC-1,0,False,1.1029018,False,0.7352679,False,0.0,False,1.2409948,False,0.0,0,False,NK_or_cytotoxic_T,0,512,1240.0,3.467742
GCACAAACGGTACT-1,0,True,1.7999465,False,0.81712973,False,0.37794623,False,0.6960361,False,0.0,1,False,T_cell,0,939,2829.0,1.1311418
GCACAATGGTGCAT-1,5,False,0.78756994,True,1.3668029,True,3.6564002,False,0.7196807,False,0.0,2,True,myeloid,5,883,2612.0,1.18683
GCACACCTGTGCTA-1,2,False,0.0,False,0.70453465,False,0.0,True,3.7257974,False,0.0,1,False,NK_or_cytotoxic_T,2,697,1376.0,2.1802325
GCACCACTCATGAC-1,1,False,0.66041076,False,0.8279129,True,4.0262494,False,0.44027385,False,0.0,1,False,myeloid,1,1211,3644.0,1.5916575
GCACCACTGTTTGG-1,1,False,0.0,False,0.87697476,True,3.8227406,False,0.0,False,0.0,1,False,myeloid,1,362,776.0,1.5463917
GCACCACTTCCTTA-1,2,False,0.9075254,False,0.0,False,0.60581934,True,3.6780438,False,0.0,1,False,NK_or_cytotoxic_T,2,969,1945.0,2.9305913
GCACCACTTTCGGA-1,1,False,0.0,False,0.9898695,True,4.9044304,False,0.0,False,0.0,1,False,myeloid,1,1135,3246.0,1.7560074
GCACCTACGCGATT-1,0,True,1.8742619,True,0.8042544,False,0.3015954,False,0.0,False,0.0,2,True,T_cell,0,1239,4274.0,1.0996724
GCACCTTGGCTGTA-1,0,False,0.95138997,False,0.63426,False,0.47569498,False,0.63426,False,0.0,0,False,T_cell,0,580,1753.0,1.3690815
GCACCTTGGGGAGT-1,1,False,0.0,False,0.43380678,True,3.5150633,False,0.43380678,False,0.0,1,False,myeloid,1,1103,3740.0,1.9518716
GCACGGACCAGCTA-1,0,True,2.3481996,False,0.4748165,True,0.7122247,False,0.0,False,0.0,2,True,T_cell,0,975,3172.0,1.6393442
GCACGGTGACCTCC-1,0,True,2.658052,False,0.5635388,False,0.4226541,False,0.0,False,0.0,1,False,T_cell,0,825,2262.0,1.1936339
GCACGGTGCTATGG-1,1,False,0.0,False,0.8770744,True,4.6109324,False,0.0,False,0.0,1,False,myeloid,1,1170,3105.0,2.5764894
GCACTAGAACGGGA-1,0,False,0.80616206,False,0.0,True,0.80616206,False,0.0,False,0.0,1,False,T_cell,0,921,2493.0,2.5270758
GCACTAGAAGATGA-1,3,False,0.0,True,2.7179265,False,0.0,False,0.0,False,0.0,1,False,B_cell,3,640,1548.0,2.4547803
GCACTAGACCTTTA-1,4,False,0.0,False,0.897968,True,1.7499034,False,0.0,False,0.44128323,1,False,myeloid,4,1180,3630.0,2.3966942
GCACTAGACGTAAC-1,3,False,0.0,True,2.3506632,False,0.0,False,0.89043784,False,0.0,1,False,B_cell,3,378,745.0,1.8791946
GCACTAGAGTCGTA-1,2,False,1.2976953,False,0.8651302,True,1.057816,True,3.3199804,False,0.0,2,True,NK_or_cytotoxic_T,2,982,2424.0,2.3514853
GCACTAGATGCAAC-1,0,True,2.4572377,False,0.0,True,0.7794673,False,0.0,False,0.0,2,True,T_cell,0,916,2667.0,1.3873266
GCACTGCTGAGGCA-1,2,True,2.396944,True,1.0891398,False,0.0,True,0.90406436,False,0.0,3,True,T_cell,2,1122,3473.0,1.8427873
GCAGATACAGCGTT-1,2,True,2.0557592,False,0.5848079,False,0.58927375,False,1.295918,False,0.5848079,1,False,T_cell,2,792,2093.0,3.7267082
GCAGATACGACGGA-1,0,True,2.5631053,False,0.648066,False,0.48604947,False,0.0,False,0.0,1,False,T_cell,0,619,1670.0,1.6167665
GCAGATACGCAGAG-1,0,True,1.7357,False,0.5785667,False,0.0,False,0.0,False,0.0,1,False,T_cell,0,750,2140.0,2.1962616
GCAGCCGACAGTCA-1,0,False,1.1938277,False,0.48589313,False,0.0,False,0.48589313,False,0.0,0,False,T_cell,0,913,3037.0,2.7988148
GCAGCGTGCACTCC-1,0,True,2.7778335,False,0.5591325,False,0.0,False,0.0,False,0.0,1,False,T_cell,0,775,2298.0,1.261967
GCAGCTCTCAATCG-1,0,True,2.6534271,False,0.82168883,False,0.6162666,False,0.0,False,0.0,1,False,T_cell,0,661,1860.0,1.1827956
GCAGCTCTGTTTCT-1,0,True,2.882174,False,0.6456828,False,0.4842621,False,0.0,False,0.0,1,False,T_cell,0,766,1688.0,1.1848341
GCAGGGCTAAGAAC-1,0,False,1.0231068,False,0.8025497,False,0.36864913,False,0.0,False,0.0,0,False,T_cell,0,768,2969.0,1.9535197
GCAGGGCTAAGGGC-1,0,False,1.5338358,False,1.0225573,False,0.5145098,False,0.0,False,0.0,0,False,T_cell,0,675,1466.0,1.568895
GCAGGGCTATCGAC-1,2,False,0.9000709,False,0.6000473,False,0.601759,True,3.3125486,False,0.0,1,False,NK_or_cytotoxic_T,2,944,1981.0,2.3220594
GCAGGGCTTGGGAG-1,2,False,0.8576088,False,0.0,False,0.0,True,1.3431045,False,0.0,1,False,NK_or_cytotoxic_T,2,940,2195.0,4.9202733
GCAGTCCTAACTGC-1,0,True,2.566056,False,0.90793633,False,0.0,False,0.0,False,0.58283955,1,False,T_cell,0,761,2107.0,2.135738
GCAGTCCTCTCTTA-1,0,False,0.9331614,False,0.0,False,0.0,False,0.0,False,0.0,0,False,T_cell,0,727,1832.0,2.0196507
GCATCAGATGCGTA-1,2,True,1.7724404,False,0.0,False,0.0,False,0.5908135,False,0.0,1,False,T_cell,2,767,2047.0,3.859306
GCATGTGACAAGCT-1,0,True,1.7656803,False,0.6839361,True,0.7397762,False,0.0,False,0.0,2,True,T_cell,0,873,2951.0,2.23653
GCATTGGAGAAGGC-1,0,True,2.2358844,False,0.48296377,False,0.0,False,0.48296377,False,0.0,1,False,T_cell,0,1043,3069.0,1.2056044
GCCAAAACGAGGCA-1,2,True,2.380207,False,0.0,False,0.4391007,False,1.0013372,False,0.0,1,False,T_cell,2,850,2087.0,4.456157
GCCAAATGATCGAC-1,0,False,1.035327,False,0.49875665,True,1.1222024,False,0.0,False,0.0,1,False,myeloid,0,995,2887.0,1.9743679
GCCAACCTACGGTT-1,0,False,0.86765754,False,0.5784384,False,0.0,False,0.0,False,0.0,0,False,T_cell,0,680,2141.0,2.195236
GCCAACCTCGCCTT-1,0,False,0.9472872,False,0.8365178,False,0.0,False,0.0,False,0.0,0,False,T_cell,0,595,1770.0,1.1864407
GCCACGGAGGCGAA-1,1,False,0.0,False,0.9243526,True,4.0831885,False,0.0,False,0.0,1,False,myeloid,1,700,2000.0,1.75
GCCACGGATACTGG-1,0,False,0.81993985,False,0.54662657,True,1.2299098,False,0.0,False,0.0,1,False,myeloid,0,753,2411.0,2.1153047
GCCACTACCTACTT-1,3,False,0.0,True,2.8896189,True,1.1096159,False,0.0,False,0.0,2,True,B_cell,3,682,1737.0,5.3540587
GCCACTACGTCTTT-1,0,True,2.2407722,False,0.7851219,False,0.43821102,False,0.0,False,0.0,1,False,T_cell,0,736,2097.0,2.241297
GCCCAACTACCGAT-1,0,True,3.2646437,True,1.252285,False,0.0,False,0.5286204,False,0.0,2,True,T_cell,0,891,2579.0,1.5509888
GCCCAACTATGGTC-1,2,True,2.803622,False,0.62195367,False,0.0,False,1.5138831,False,0.0,1,False,T_cell,2,685,1833.0,1.8548827
GCCCATACAGCGTT-1,0,True,2.1137888,False,0.0,False,0.45247605,False,1.0217443,False,0.0,1,False,T_cell,0,780,1959.0,0.40837163
GCCGACGAACTCTT-1,1,False,0.0,False,1.0660875,True,3.308223,False,0.49049544,False,0.0,1,False,myeloid,1,986,2982.0,2.0791416
GCCGAGTGCGTTGA-1,2,True,1.8808329,False,0.47314602,True,0.85078454,False,0.0,False,0.0,2,True,T_cell,2,989,3191.0,3.0397995
GCCGGAACGAACTC-1,2,True,2.6321208,False,0.55596995,False,0.0,False,1.5047994,False,0.0,1,False,T_cell,2,830,2325.0,2.1505377
GCCGGAACGTTCTT-1,2,False,1.4972491,False,0.0,False,0.49782708,True,4.0904903,False,0.0,1,False,NK_or_cytotoxic_T,2,810,1582.0,2.6548672
GCCGGAACTGCACA-1,2,False,1.3039569,False,0.0,False,0.0,True,2.6314402,False,0.0,1,False,NK_or_cytotoxic_T,2,685,1591.0,4.902577
GCCGGAACTTACTC-1,0,False,0.89194316,False,0.0,False,0.0,False,0.5946288,False,0.0,0,False,T_cell,0,784,2021.0,1.0885701
GCCGTACTACCTGA-1,0,True,1.9899607,False,0.56389976,True,0.84584963,False,0.0,False,0.0,2,True,T_cell,0,642,2258.0,3.4986715
GCCGTACTGGCAAG-1,1,False,0.0,False,1.1390359,True,4.781454,False,0.0,False,0.0,1,False,myeloid,1,742,1698.0,3.6513546
GCCTACACAGTTCG-1,2,False,1.1864111,False,0.915574,False,0.0,True,3.461646,False,0.0,1,False,NK_or_cytotoxic_T,2,961,2058.0,1.5063169
GCCTACACCACTGA-1,4,False,0.0,False,1.0003369,True,2.6223414,False,0.52433884,False,0.52433884,1,False,myeloid,4,906,2617.0,2.101643
GCCTACACCTTGAG-1,0,True,2.2234368,False,0.6973816,False,0.0,False,0.0,False,0.0,1,False,T_cell,0,829,2817.0,0.8519702
GCCTAGCTACGGAG-1,3,False,0.0,True,1.4825593,False,0.0,False,0.0,False,0.0,1,False,B_cell,3,621,1730.0,0.9826589
GCCTAGCTCTATTC-1,0,True,2.6516163,False,0.74230784,False,0.40905157,False,0.5454021,False,0.0,1,False,T_cell,0,822,2419.0,1.6535759
GCCTAGCTTCTCAT-1,0,True,2.0305116,False,0.9010701,False,0.0,False,0.0,False,0.0,1,False,T_cell,0,717,2155.0,2.1345708
GCCTAGCTTCTCTA-1,4,False,0.0,False,0.76080215,True,1.323952,False,0.0,False,0.0,1,False,myeloid,4,1210,3411.0,3.3128116
GCCTCAACCATGGT-1,0,True,2.5280933,False,0.720586,False,0.3943938,False,0.0,False,0.0,1,False,T_cell,0,800,2602.0,1.1145273
GCCTCAACTCTTTG-1,7,True,1.388608,False,0.32760426,False,0.3671944,False,0.88851285,False,0.0,1,False,T_cell,7,1963,5990.0,1.1185309
GCCTCATGTCTTAC-1,2,True,2.3227668,False,0.0,False,0.0,False,0.5743706,False,0.0,1,False,T_cell,2,749,2173.0,3.0372758
GCCTGACTCTCAAG-1,1,False,0.0,False,0.5971143,True,3.712184,False,0.0,False,0.0,1,False,myeloid,1,757,2004.0,1.4471058
GCGAAGGAACTCTT-1,0,False,0.0,False,0.7331203,False,0.0,False,0.7331203,False,0.0,0,False,B_cell,0,570,1247.0,2.3255813
GCGAAGGAGAGCTT-1,7,True,1.2244393,False,0.36020285,True,0.56686723,False,0.82002234,False,0.0,2,True,T_cell,7,2710,10282.0,3.3748298
GCGAAGGATGCCAA-1,0,True,2.5284994,False,0.0,False,0.0,False,0.0,False,0.0,1,False,T_cell,0,831,2468.0,1.9854132
GCGAGAGAGGGACA-1,0,False,0.9215685,False,0.94340223,False,0.0,False,0.0,False,0.0,0,False,B_cell,0,721,1883.0,1.1683483
GCGAGCACTGTCGA-1,3,False,0.0,False,0.0,False,0.0,False,0.0,False,0.0,0,False,T_cell,3,336,613.0,1.9575857
GCGAGCACTTGACG-1,0,False,1.1395602,False,0.5611465,False,0.0,False,0.0,False,0.0,0,False,T_cell,0,802,2283.0,2.4967148
GCGAGCACTTGCTT-1,1,False,0.0,False,0.94250315,True,2.672238,False,0.0,False,0.0,1,False,myeloid,1,1001,3144.0,3.053435
GCGATATGGTACGT-1,0,False,1.5058931,False,0.78889024,False,0.6850931,False,0.0,False,0.0,0,False,T_cell,0,886,2071.0,1.0140029
GCGATATGGTGTTG-1,0,False,0.0,False,1.1856129,False,0.62842894,False,0.0,False,0.0,0,False,B_cell,0,631,1762.0,2.4404087
GCGCACGAAGTCGT-1,0,True,2.4721363,False,0.56341857,False,0.4225639,False,0.0,False,0.0,1,False,T_cell,0,759,2266.0,2.7802293
GCGCACGACTTTAC-1,1,False,0.0,True,1.623183,True,4.787457,False,0.0,False,0.0,2,True,myeloid,1,631,1689.0,1.5393723
GCGCATCTAGGTCT-1,0,False,1.0501401,False,0.70009345,True,1.0501401,False,0.0,False,0.0,1,False,T_cell,0,550,1395.0,1.3620073
GCGCATCTGGTTAC-1,6,False,0.0,False,0.53509694,True,1.203968,False,0.53509694,True,3.6323721,2,True,platelet,6,984,2518.0,2.8594124
GCGCATCTTCGATG-1,0,True,2.2736297,False,0.8813932,False,0.41961497,False,0.5594866,False,0.0,1,False,T_cell,0,767,2297.0,1.6543318
GCGCATCTTGCTCC-1,2,False,0.0,False,0.5979487,False,0.44846147,True,3.578932,False,0.0,1,False,NK_or_cytotoxic_T,2,835,1995.0,2.1052632
GCGCATCTTTCTAC-1,0,True,2.378554,False,0.53573394,True,0.80360085,False,0.0,False,0.0,2,True,T_cell,0,777,2508.0,1.754386
GCGCGAACGTTCTT-1,3,False,0.0,True,3.0052705,True,0.97493166,False,0.0,False,0.0,2,True,B_cell,3,639,1661.0,1.384708
GCGCGATGAACGGG-1,0,True,2.176675,False,0.0,True,0.7842446,False,0.0,False,0.0,2,True,T_cell,0,860,2635.0,0.9867173
GCGCGATGGTGCAT-1,2,False,0.0,False,0.6580988,False,0.35279402,True,2.8248317,False,0.0,1,False,NK_or_cytotoxic_T,2,1413,3228.0,3.283767
GCGGAGCTCCTGAA-1,0,True,2.1164718,False,0.8068236,False,0.45311823,False,0.0,False,0.0,1,False,T_cell,0,747,1952.0,1.5368853
GCGGCAACCCGATA-1,0,False,1.3069756,False,0.74815124,False,0.5611134,False,0.0,False,0.0,0,False,T_cell,0,779,2372.0,1.0539628
GCGGCAACGGAGGT-1,3,False,0.0,True,2.8645072,False,0.0,False,0.0,False,0.0,1,False,B_cell,3,540,1320.0,2.878788
GCGGCAACTGTCGA-1,1,False,0.0,False,1.1293967,True,4.390279,False,0.0,False,0.0,1,False,myeloid,1,367,701.0,4.7075605
GCGTAAACACGGTT-1,5,True,0.98881555,False,0.6826587,False,1.3162386,True,0.6592104,False,0.0,2,True,myeloid,5,1629,5928.0,2.1423752
GCGTAATGCACCAA-1,4,False,0.0,False,0.80196273,True,1.9718391,False,0.4196828,False,0.0,1,False,myeloid,4,1380,3970.0,2.7455919
GCGTATGAACACCA-1,0,False,0.8697799,False,0.5798533,False,0.0,False,0.0,False,0.0,0,False,T_cell,0,689,2132.0,2.2983115
GCGTATGATGAGAA-1,1,False,0.0,False,0.5131241,True,4.1514874,False,0.5131241,False,0.0,1,False,myeloid,1,1001,2732.0,0.98828703
GCTACAGAAAGGTA-1,0,False,1.2918062,False,0.0,False,0.0,False,0.0,False,0.0,0,False,T_cell,0,809,2454.0,1.1817441
GCTACAGAATCTTC-1,3,False,1.3996183,True,1.8661578,False,0.0,False,0.0,False,0.0,1,False,B_cell,3,337,648.0,1.8518518
GCTACAGATCTTAC-1,0,False,0.0,False,0.5821871,False,0.0,False,0.0,False,0.0,0,False,B_cell,0,734,2112.0,6.818182
GCTACCTGAGAAGT-1,1,False,0.0,False,0.7711828,True,4.858206,False,0.0,False,0.0,1,False,myeloid,1,1103,3296.0,4.490291
GCTACCTGATCACG-1,0,True,2.3248446,False,0.0,False,0.58121115,False,0.0,False,0.0,1,False,T_cell,0,796,2168.0,1.0608855
GCTACGCTAGAATG-1,0,True,2.5370126,False,0.8015296,False,0.36800092,False,0.0,False,0.0,1,False,T_cell,0,966,2980.0,4.194631
GCTACGCTAGCTAC-1,0,True,2.9645743,False,0.0,False,0.4368359,False,0.0,False,0.0,1,False,T_cell,0,782,2110.0,3.8388624
GCTACGCTCCCTAC-1,0,True,2.4260597,True,1.2142222,False,0.38298425,False,0.0,False,0.0,2,True,T_cell,0,1018,2759.0,1.3048205
GCTAGAACAGAGGC-1,3,False,0.0,True,2.9569626,False,0.0,False,0.0,False,0.0,1,False,B_cell,3,642,1513.0,1.6523464
GCTAGAACGGATCT-1,0,True,1.5489337,False,0.8316011,False,0.38723344,False,0.0,False,0.0,1,False,T_cell,0,967,2700.0,2.1851852
GCTAGAACTCCCGT-1,0,False,1.1549993,False,0.7699995,False,0.5774996,False,0.7699995,False,0.0,0,False,T_cell,0,436,1104.0,1.8115941
GCTAGATGAGCTCA-1,1,False,0.0,False,0.55830836,True,4.2979603,False,0.0,False,0.0,1,False,myeloid,1,826,2305.0,3.3839478
GCTAGATGGCGATT-1,2,True,2.0887527,False,0.0,False,0.44648746,False,1.0837967,False,0.0,1,False,T_cell,2,779,2016.0,2.827381
GCTATACTAAGGCG-1,0,True,2.0123506,False,0.0,False,0.0,False,0.0,False,0.0,1,False,T_cell,0,1000,3088.0,1.4896374
GCTATACTAGCGTT-1,2,False,0.0,False,0.0,False,0.0,False,1.3297554,False,0.0,0,False,NK_or_cytotoxic_T,2,601,1509.0,3.909874
GCTATACTCTCTTA-1,0,True,2.1037478,False,0.5085707,False,0.0,False,0.0,False,0.0,1,False,T_cell,0,796,2780.0,1.9784173
GCTATACTGGACGA-1,0,True,2.2212934,False,0.6966562,False,0.0,False,0.5044801,False,0.0,1,False,T_cell,0,945,2824.0,2.407932
GCTCAAGAACCATG-1,4,False,0.0,True,1.6197932,True,2.7978091,False,0.0,False,0.0,2,True,myeloid,4,1679,5557.0,1.7995322
GCTCAAGAAGTCAC-1,1,False,0.0,False,0.77801704,True,3.0400677,False,0.4708615,False,0.0,1,False,myeloid,1,1123,3219.0,2.3609817
GCTCAGCTGTCTAG-1,0,False,0.9690328,False,0.0,False,0.4845164,False,0.0,False,0.0,0,False,T_cell,0,596,1683.0,1.1289364
GCTCCATGAGAAGT-1,2,False,1.1706183,False,0.0,False,0.43498674,False,1.549202,False,0.0,0,False,NK_or_cytotoxic_T,2,995,2130.0,1.4084507
GCTCCATGCCGAAT-1,0,True,2.850255,False,0.0,True,0.90580785,False,0.0,False,0.0,2,True,T_cell,0,720,1954.0,1.0235415
GCTCGACTCTAGTG-1,1,False,0.0,False,0.6955205,True,4.726645,False,0.0,False,0.0,1,False,myeloid,1,588,1418.0,2.7503526
GCTGATGAGGTATC-1,1,False,0.0,False,0.0,True,4.0828757,False,0.0,False,0.0,1,False,myeloid,1,759,1908.0,2.620545
GCTTAACTACAGTC-1,1,False,1.2389842,False,0.0,True,4.322188,False,0.0,False,0.0,1,False,myeloid,1,452,916.0,2.9475982
GCTTAACTACTGGT-1,2,True,2.1891816,False,0.0,False,0.62404114,False,1.5002582,False,0.0,1,False,T_cell,2,780,1799.0,2.167871
GCTTAACTGCTGAT-1,0,True,2.5830584,False,0.52555364,False,0.0,False,0.0,False,0.0,1,False,T_cell,0,836,2605.0,0.4990403
GCTTAACTTAGACC-1,1,False,0.0,False,0.9778387,True,4.169334,False,0.0,False,0.0,1,False,myeloid,1,515,1124.0,3.9145908
GCTTAACTTCAGTG-1,0,True,2.2569687,False,0.0,True,0.7728654,False,0.51524365,False,0.0,2,True,T_cell,0,846,2711.0,1.6230173
GGAACACTCACTTT-1,1,False,0.0,False,0.8761786,True,3.3329508,False,0.0,False,0.0,1,False,myeloid,1,392,778.0,1.9280206
GGAACACTTCAGAC-1,6,False,1.4181151,False,0.0,False,0.0,False,0.0,True,4.5310597,1,False,platelet,6,283,628.0,2.8662422
GGAACTACTACTTC-1,0,True,1.8789018,False,0.62630063,False,0.0,False,0.0,False,0.0,1,False,T_cell,0,710,1806.0,2.6024363
GGAACTTGAAGGTA-1,1,False,0.68008703,False,0.0,True,4.5892496,False,0.0,False,0.0,1,False,myeloid,1,1158,3452.0,2.4913094
GGAACTTGAGAATG-1,0,False,0.8381684,False,0.75709593,True,0.8381684,True,1.1175579,False,0.0,2,True,NK_or_cytotoxic_T,0,796,2303.0,3.2132003
GGAACTTGCTCCAC-1,1,False,0.0,False,0.0,True,4.0721216,False,0.0,False,0.0,1,False,myeloid,1,895,2406.0,1.7871987
GGAACTTGGGTAGG-1,3,False,0.0,True,1.6835126,False,0.0,False,0.0,False,0.0,1,False,B_cell,3,585,1740.0,4.367816
GGAAGGACATCGGT-1,1,False,0.0,False,0.0,True,3.4936323,False,0.0,False,0.0,1,False,myeloid,1,559,1387.0,0.93727463
GGAAGGACCACTAG-1,0,True,2.2594802,False,0.5901386,False,0.44260395,False,0.0,False,0.0,1,False,T_cell,0,859,2054.0,1.1197662
GGAAGGACGAGGGT-1,0,True,2.4353912,False,0.0,True,0.74907756,False,0.0,False,0.0,2,True,T_cell,0,879,2881.0,3.3668864
GGAAGGACGCGAAG-1,0,False,1.6780176,False,0.8990557,True,1.0124623,False,0.5750015,False,0.0,1,False,T_cell,0,858,2169.0,1.9824805
GGAAGGTGGCGAGA-1,2,False,0.0,False,0.86183375,False,0.0,True,2.4508293,False,0.0,1,False,NK_or_cytotoxic_T,2,842,1633.0,2.3270056
GGAATCTGAAGGGC-1,0,True,1.9125514,False,0.84299266,False,0.0,False,0.63751715,False,0.0,1,False,T_cell,0,643,1734.0,2.1337948
GGAATCTGAGGAGC-1,0,True,2.4933736,False,0.909151,False,0.33758754,False,0.0,False,0.0,1,False,T_cell,0,1308,3501.0,1.1996573
GGAATCTGCTTAGG-1,3,False,0.0,True,2.5740232,False,0.0,False,0.0,False,0.0,1,False,B_cell,3,595,1513.0,2.3132849
GGAATCTGCTTGTT-1,1,False,0.0,True,0.9220023,True,4.851448,False,0.46100116,True,0.9220023,3,True,myeloid,1,1181,3350.0,4.8656716
GGAATCTGGGAGGT-1,0,True,2.3226833,False,0.5193487,False,0.6263528,False,0.0,False,0.0,1,False,T_cell,0,909,2668.0,0.78710645
GGAATGCTTTCTAC-1,0,True,2.312852,False,0.0,False,0.42346764,False,0.56462353,False,0.0,1,False,T_cell,0,710,2254.0,1.5084294
GGACAGGAAAGGGC-1,2,False,0.8617449,False,0.5744966,False,0.0,True,1.742298,False,0.0,1,False,NK_or_cytotoxic_T,2,821,2177.0,3.812586
GGACAGGAGTGCTA-1,3,False,0.0,True,3.1769683,False,0.0,False,0.0,False,0.0,1,False,B_cell,3,817,2028.0,2.4161735
GGACAGGATCTCGC-1,0,False,1.6731464,False,0.89591813,True,1.0081136,False,0.0,False,0.0,1,False,T_cell,0,841,2191.0,1.232314
GGACCCGAAGCTAC-1,1,False,0.0,False,0.0,True,4.241234,False,0.0,False,0.46310064,1,False,myeloid,1,1197,3323.0,1.6250376
GGACCGTGCTTACT-1,1,False,0.0,False,0.6687331,True,4.4815226,False,0.6687331,False,0.0,1,False,myeloid,1,640,1555.0,1.0932477
GGACCGTGGGAACG-1,5,False,0.0,False,0.5676026,True,3.635706,False,0.0,False,0.0,1,False,myeloid,5,1425,4455.0,2.8058362
GGACCGTGTAACGC-1,0,False,0.74465847,False,0.49643898,False,0.51570517,False,0.0,False,0.0,0,False,T_cell,0,947,2914.0,2.2649279
GGACCTCTGTAAGA-1,1,False,0.0,False,0.54785776,True,4.128984,False,0.0,False,0.0,1,False,myeloid,1,900,2399.0,3.2513547
GGACCTCTTTTCTG-1,2,True,2.8977542,False,0.0,False,0.44555998,False,1.5807517,False,0.59408,1,False,T_cell,2,852,2024.0,3.063241
GGACGAGAGTGTCA-1,1,False,0.0,False,0.8213607,True,4.775692,False,0.8213607,False,0.8213607,1,False,myeloid,1,460,930.0,2.580645
GGACGCTGACGCAT-1,2,True,1.7391577,False,0.4848841,False,0.36366308,False,0.9524435,False,0.0,1,False,T_cell,2,1100,3051.0,2.851524
GGACGCTGCTAGCA-1,0,True,1.7175019,False,0.47811788,False,0.5899963,False,0.0,False,0.0,1,False,T_cell,0,824,3129.0,1.9814637
GGACGCTGTCCTCG-1,2,False,0.0,False,0.0,False,0.50506294,True,4.012468,False,0.0,1,False,NK_or_cytotoxic_T,2,780,1529.0,1.3734467
GGAGAGACGTGAGG-1,0,False,0.7776936,True,2.434846,False,0.3888468,False,0.0,False,0.0,1,False,B_cell,0,932,2677.0,1.6062757
GGAGCAGATTCAGG-1,3,False,0.0,False,1.054817,False,0.6949711,False,0.0,False,0.0,0,False,B_cell,3,542,1324.0,2.7190332
GGAGCCACCTTCTA-1,3,False,0.0,True,2.8175795,False,0.0,False,0.0,False,0.0,1,False,B_cell,3,1137,3351.0,1.5816175
GGAGCGCTACGCAT-1,1,False,0.0,False,0.6142299,True,3.5932817,False,0.43219146,False,0.0,1,False,myeloid,1,1225,3766.0,1.4869888
GGAGCGCTCCGAAT-1,0,True,2.3273454,False,0.65650177,True,0.7034852,False,0.0,False,0.0,2,True,T_cell,0,997,3246.0,1.1706716
GGAGGATGCCACCT-1,0,True,2.628141,False,0.6630423,False,0.4972817,False,0.0,False,0.0,1,False,T_cell,0,572,1585.0,0.9463723
GGAGGATGGTTGAC-1,1,False,0.94251806,True,1.4614239,True,4.5056047,False,0.0,False,0.0,2,True,myeloid,1,780,1792.0,2.0089285
GGAGGATGTCAGTG-1,1,False,0.0,False,0.7979381,True,4.80191,False,0.0,False,0.0,1,False,myeloid,1,765,2009.0,2.3394725
GGAGGCCTCGTTGA-1,2,False,0.0,False,0.60559154,False,0.0,False,1.6932037,False,0.0,0,False,NK_or_cytotoxic_T,2,906,1941.0,1.5971148
GGAGGCCTTTCTTG-1,0,True,2.3602693,False,0.8666644,False,0.0,False,0.0,False,0.0,1,False,T_cell,0,793,2408.0,2.1179402
GGAGGTGATACGCA-1,0,True,2.261602,False,0.0,False,0.0,False,0.0,False,0.0,1,False,T_cell,0,753,2326.0,2.1926053
GGAGGTGATCGCTC-1,0,True,3.6914062,False,0.955311,False,0.0,False,0.0,False,0.0,1,False,T_cell,0,772,1813.0,1.9305018
GGATACTGCAGCTA-1,0,True,1.5630976,False,0.5210326,False,0.5364001,False,0.0,False,0.0,1,False,T_cell,0,854,2652.0,1.7345401
GGATACTGTCTAGG-1,0,True,2.6230829,True,1.0297134,False,0.38614252,False,0.0,False,0.0,2,True,T_cell,0,936,2715.0,1.3627993
GGATAGCTCGTCTC-1,0,True,2.6466115,False,0.6739852,True,0.8687749,False,0.0,False,0.0,2,True,T_cell,0,1048,3054.0,1.8336607
GGATAGCTCTGAAC-1,2,True,2.3750305,False,0.9163337,False,0.44270504,True,1.9238156,False,0.0,2,True,T_cell,2,819,2053.0,3.1173892
GGATGTACCAAAGA-1,3,False,0.0,True,1.556204,False,0.46022576,False,0.61363435,False,0.0,1,False,B_cell,3,645,1887.0,1.6428193
GGATGTACGCGAAG-1,0,True,1.9842411,False,0.0,False,0.49606028,False,0.0,False,0.0,1,False,T_cell,0,619,1595.0,1.5673982
GGATGTACGTCTTT-1,1,False,0.0,False,0.0,True,4.2997108,False,0.0,False,0.0,1,False,myeloid,1,314,562.0,3.024911
GGATGTACGTGTCA-1,2,True,2.9626215,False,0.65412503,False,0.0,False,0.65412503,False,0.0,1,False,T_cell,2,726,1638.0,3.1746035
GGATTTCTAGGTTC-1,0,False,0.91734225,False,0.0,False,0.0,False,0.0,False,0.0,0,False,T_cell,0,737,1902.0,2.3133545
GGATTTCTTTGTCT-1,1,False,0.0,False,0.76665974,True,2.862269,True,1.109184,False,0.0,2,True,myeloid,1,1162,3345.0,1.9431988
GGCAAGGAAAAAGC-1,2,False,0.0,False,0.5503404,True,0.97358614,True,4.1641736,False,0.0,2,True,NK_or_cytotoxic_T,2,1081,2377.0,2.1455617
GGCAAGGAAGAAGT-1,0,False,1.0629283,False,0.51514685,False,0.3863601,False,0.83024406,False,0.0,0,False,T_cell,0,868,2711.0,1.7705643
GGCAAGGACTTGGA-1,1,False,0.0,False,0.6702227,True,3.927729,False,0.6702227,False,0.4810611,1,False,myeloid,1,1032,3094.0,2.2301228
GGCAAGGAGGACTT-1,0,True,1.7769179,False,0.49670514,True,0.7450577,False,0.0,False,0.0,2,True,T_cell,0,913,2909.0,1.5812995
GGCAATACGCTAAC-1,3,False,0.0,True,2.7684114,False,0.0,False,0.0,False,0.0,1,False,B_cell,3,476,1078.0,3.2467532
GGCAATACGGCATT-1,2,False,1.4739755,False,0.0,False,0.0,False,1.4313719,False,0.0,0,False,T_cell,2,490,1109.0,2.4346259
GGCAATACGTTTCT-1,3,False,0.0,True,3.1197407,False,0.0,False,0.0,False,0.0,1,False,B_cell,3,799,2079.0,2.2126024
GGCACGTGGCTTAG-1,4,False,0.9402742,False,0.83145946,True,1.9845266,True,1.1877269,False,0.0,2,True,myeloid,4,1201,3600.0,1.3333334
GGCACGTGTGAGAA-1,7,False,0.0,True,1.4070253,True,0.87881756,False,0.0,False,0.22538064,2,True,B_cell,7,2694,10359.0,1.7569263
GGCACTCTTTTGTC-1,0,True,2.3660047,False,1.0676291,True,0.7980659,False,0.0,False,0.53204393,2,True,T_cell,0,997,2545.0,1.178782
GGCATATGCTTATC-1,2,True,1.817638,False,1.0246813,False,0.0,True,3.7420506,False,0.0,2,True,NK_or_cytotoxic_T,2,898,1940.0,1.4948454
GGCATATGGGGAGT-1,6,False,0.0,False,0.0,True,1.4559389,False,0.0,True,4.913967,2,True,platelet,6,212,575.0,1.2173914
GGCATATGTGTGAC-1,0,True,2.3279328,False,0.78151816,True,0.6556066,False,0.0,False,0.0,2,True,T_cell,0,1586,5305.0,2.7144203
GGCCACGACAGAGG-1,0,False,1.2521894,False,0.834793,False,0.0,False,0.0,False,0.0,0,False,T_cell,0,427,891.0,3.030303
GGCCAGACTGGTTG-1,0,False,0.0,False,0.72515965,False,0.0,False,0.0,False,0.0,0,False,B_cell,0,947,2564.0,1.677067
GGCCCAGAAAGTAG-1,1,False,0.0,False,0.7114505,True,4.3273015,False,0.0,False,0.0,1,False,myeloid,1,937,2686.0,1.0796723
GGCCGAACAACGAA-1,0,False,1.3105078,False,0.8736719,False,0.7755795,False,0.5527359,False,0.0,0,False,T_cell,0,724,2354.0,2.5913339
GGCCGAACGCAGAG-1,0,False,1.2804487,False,0.0,False,0.0,False,0.0,False,0.0,0,False,T_cell,0,380,837.0,3.5842295
GGCCGAACGTAGGG-1,0,True,3.0109334,False,0.0,False,0.0,False,0.0,False,0.0,1,False,T_cell,0,715,1809.0,2.100608
GGCCGAACTCTAGG-1,2,False,0.0,True,1.3602455,False,0.510092,True,3.405953,False,0.0,2,True,NK_or_cytotoxic_T,2,739,1494.0,0.6024096
GGCCGATGCAGGAG-1,0,True,2.3874857,False,0.8120084,True,0.8930197,False,0.0,False,0.0,2,True,T_cell,0,931,2878.0,1.4246005
GGCCGATGCCGAAT-1,0,False,1.26193,False,0.52464193,False,0.0,False,0.0,False,0.0,0,False,T_cell,0,973,2616.0,1.3379205
GGCCGATGTACTCT-1,2,True,2.4772887,False,0.720133,False,0.54009974,False,1.1520886,False,0.0,1,False,T_cell,2,773,2608.0,2.4156442
GGCGACACTGCCCT-1,2,False,1.0244784,False,0.0,False,0.42648387,True,3.0338054,False,0.0,1,False,NK_or_cytotoxic_T,2,1497,4441.0,1.7563611
GGCGACTGCGTAAC-1,0,True,2.4064507,False,0.72981346,False,0.0,False,0.0,False,0.0,1,False,T_cell,0,906,2524.0,0.7131537
GGCGCATGCCTAAG-1,4,False,0.0,False,0.5844129,True,1.0272591,False,0.5844129,False,0.0,1,False,myeloid,4,798,2096.0,2.0515268
GGCGCATGCTCCAC-1,0,True,2.0755663,False,0.72840875,True,0.79932296,False,0.0,False,0.0,2,True,T_cell,0,953,2535.0,0.71005917
GGCGCATGTGGAAA-1,0,False,1.1167961,False,0.0,False,0.0,False,0.0,False,0.0,0,False,T_cell,0,471,1201.0,0.6661116
GGCGGACTAGAGGC-1,0,True,2.7043564,False,0.6332912,True,0.94993675,False,0.0,False,0.0,2,True,T_cell,0,821,1760.0,1.7045455
GGCGGACTAGGAGC-1,2,True,2.409798,False,1.0189962,False,0.45066893,False,1.0902272,False,0.0,1,False,T_cell,2,806,1975.0,1.670886
GGCGGACTCTGACA-1,0,True,2.249646,False,0.5870587,False,0.0,False,0.0,False,0.0,1,False,T_cell,0,714,2076.0,1.4932562
GGCGGACTCTTGGA-1,2,True,2.7529597,False,0.6067449,False,0.6072298,False,1.205554,False,0.0,1,False,T_cell,2,828,1934.0,3.36091
GGCGGACTTACTGG-1,0,True,2.232477,False,0.744159,False,0.0,False,0.5470735,False,0.0,1,False,T_cell,0,727,2404.0,3.1613975
GGCGGACTTGAACC-1,0,True,2.3704705,False,0.7831141,False,0.4368359,False,0.0,False,0.0,1,False,T_cell,0,773,2112.0,1.6098485
GGCTAAACACCTGA-1,2,False,0.0,False,0.0,False,0.555352,True,3.9492717,False,0.0,1,False,NK_or_cytotoxic_T,2,976,2434.0,0.53410023
GGCTAAACTCTTAC-1,0,False,1.4918735,False,0.7135393,False,0.0,False,0.0,False,0.0,0,False,T_cell,0,856,2667.0,1.687289
GGCTAATGAGCACT-1,2,False,1.4769814,False,0.6515103,False,0.4886327,False,1.3390672,False,0.0,0,False,T_cell,2,727,1650.0,1.878788
GGCTAATGGTCTAG-1,0,True,2.1774282,False,0.0,False,0.42337704,False,0.0,False,0.0,1,False,T_cell,0,761,2255.0,2.0842574
GGCTCACTACTCAG-1,1,False,0.0,False,0.633533,True,4.96157,False,0.0,False,0.0,1,False,myeloid,1,1084,3516.0,1.9055744
GGGAACGAAGCTCA-1,4,False,0.5992817,False,0.57607806,True,1.4638357,False,0.0,False,0.0,1,False,myeloid,4,1557,4322.0,2.4988432
GGGAACGACACAAC-1,3,False,0.9617253,True,2.2554958,False,0.48086265,False,0.0,False,0.0,1,False,B_cell,3,693,1713.0,1.8680677
GGGAACGAGTGTCA-1,1,False,0.0,False,0.75774634,True,4.313004,False,0.0,False,0.0,1,False,myeloid,1,559,1149.0,2.2628372
GGGAAGTGTTGAGC-1,1,False,0.0,False,0.0,True,4.381354,False,0.0,False,0.0,1,False,myeloid,1,627,1555.0,4.3086815
GGGACCACACGTTG-1,2,True,3.0575905,False,0.0,True,0.9256181,True,2.779325,False,0.0,3,True,T_cell,2,795,1863.0,2.6301663
GGGACCACAGAACA-1,0,False,0.0,False,0.9104602,False,0.58949023,False,0.0,False,0.0,0,False,B_cell,0,750,2091.0,2.3433764
GGGACCACGAATAG-1,0,True,2.2628083,False,0.0,False,0.0,False,0.0,True,1.098417,2,True,T_cell,0,838,2385.0,1.2578616
GGGACCACGTCATG-1,0,True,2.3603306,False,1.007564,False,0.39778304,False,0.0,False,0.0,1,False,T_cell,0,803,2564.0,2.0670826
GGGACCACTCAAGC-1,0,False,1.1708306,False,0.78055376,False,0.0,False,0.78055376,False,0.0,0,False,T_cell,0,453,1064.0,1.6917294
GGGACCACTCGTGA-1,0,False,1.4579995,False,0.560078,False,0.42005852,False,0.0,False,0.0,0,False,T_cell,0,734,2291.0,2.2697513
GGGACCACTGCATG-1,0,False,0.0,False,0.0,True,0.91098535,False,0.0,False,0.0,1,False,myeloid,0,607,1933.0,1.7071909
GGGACCTGACCCTC-1,1,False,0.7232015,True,1.6204983,True,4.550717,False,0.0,False,0.48213434,2,True,myeloid,1,1029,3080.0,1.7532468
GGGACCTGCTTGCC-1,0,False,0.0,False,0.55446273,False,0.0,False,0.0,False,0.0,0,False,B_cell,0,805,2340.0,1.9658121
GGGACCTGTGGAGG-1,3,False,0.0,True,2.706349,True,0.9492122,False,0.63280815,False,0.0,2,True,B_cell,3,669,1762.0,3.23496
GGGATGGACGACAT-1,3,False,0.0,True,2.5895576,False,0.5394219,False,0.0,False,0.0,1,False,B_cell,3,505,1309.0,1.0695187
GGGATGGATACTTC-1,0,True,2.2826698,False,0.5622199,False,0.42166492,False,0.0,False,0.0,1,False,T_cell,0,858,2272.0,2.7728872
GGGATGGATGGTTG-1,1,False,0.0,True,1.377174,True,3.848228,False,0.0,False,0.0,2,True,myeloid,1,832,2068.0,2.3694391
GGGATTACGTCTAG-1,0,True,2.036882,False,0.8875293,False,0.36658427,False,0.48877904,False,0.0,1,False,T_cell,0,1019,3001.0,1.8660446
GGGCAAGATGCATG-1,1,False,0.0,False,0.0,True,5.045441,False,0.6940822,False,0.0,1,False,myeloid,1,585,1424.0,2.3876405
GGGCACACGGTGAG-1,4,True,1.4749498,False,0.84860575,True,1.5068152,False,0.0,False,0.0,2,True,myeloid,4,1225,4258.0,3.4523249
GGGCACACGTTGCA-1,0,True,2.077384,False,0.8613803,True,0.6192422,False,0.0,False,0.0,2,True,T_cell,0,1287,4082.0,2.0823126
GGGCAGCTTGGGAG-1,2,False,1.1467059,False,0.0,False,0.42410302,True,2.0453384,False,0.0,1,False,NK_or_cytotoxic_T,2,903,2246.0,2.4487977
GGGCAGCTTTTCTG-1,0,False,0.8325618,False,0.8763112,False,0.4162809,False,0.0,False,0.0,0,False,B_cell,0,752,2333.0,1.5859408
GGGCCAACCTTGGA-1,5,False,0.0,False,0.40563378,False,1.1533386,False,0.0,False,0.0,0,False,myeloid,5,2020,8424.0,1.0565052
GGGCCAACGCGTTA-1,3,False,0.0,True,3.0960531,False,0.58027697,False,0.0,False,0.0,1,False,B_cell,3,774,2178.0,2.571166
GGGCCAACTACGCA-1,1,False,0.0,False,0.0,True,4.406555,False,0.0,False,0.0,1,False,myeloid,1,666,1435.0,2.5783973
GGGCCAACTCCAAG-1,3,False,0.0,True,2.0232651,False,0.40747705,False,0.0,False,0.0,1,False,B_cell,3,843,2440.0,1.8442624
GGGCCATGATGGTC-1,2,True,2.3883667,False,0.0,False,0.4039672,False,0.8574554,False,0.0,1,False,T_cell,2,857,2486.0,3.3386967
GGGCCATGTTGACG-1,0,True,2.8988304,False,0.7622106,False,0.4225639,False,0.7622106,False,0.0,1,False,T_cell,0,887,2262.0,1.6357206
GGGTAACTCAGCTA-1,0,True,2.6430135,False,0.6407347,False,0.0,False,0.0,False,0.0,1,False,T_cell,0,1082,3430.0,2.0699708
GGGTAACTCTAGTG-1,3,False,0.0,True,3.752088,False,0.0,False,0.0,False,0.0,1,False,B_cell,3,656,1773.0,1.5228426
GGGTAACTCTGGAT-1,0,True,3.2682939,True,1.5370224,False,0.0,False,0.0,False,0.0,2,True,T_cell,0,674,1948.0,1.9507186
GGGTTAACGTGCAT-1,2,False,0.0,False,0.829343,False,0.0,True,3.4539015,False,0.0,1,False,NK_or_cytotoxic_T,2,911,1815.0,1.6528925
GGTAAAGAGCTAAC-1,2,True,3.006182,False,0.0,False,0.4933739,True,2.6220784,False,0.0,2,True,T_cell,2,734,1614.0,3.1598513
GGTACAACTGCAAC-1,0,True,2.777053,False,1.1032135,False,0.39047638,False,0.0,False,0.0,1,False,T_cell,0,910,2655.0,0.6779661
GGTACATGAAAGCA-1,3,False,0.0,True,2.8495255,False,0.48261762,False,0.0,False,0.0,1,False,B_cell,3,672,1699.0,2.1777515
GGTACATGAGCTCA-1,0,False,1.4488685,False,0.8398242,False,0.0,False,0.0,False,0.0,0,False,T_cell,0,802,1753.0,0.9127211
GGTACATGCGGTAT-1,0,True,3.26729,False,0.70474803,False,0.528561,False,0.0,False,0.0,1,False,T_cell,0,539,1373.0,1.747997
GGTACATGGTTACG-1,0,True,2.3147027,False,0.6074685,False,0.45560133,False,0.6074685,False,0.0,1,False,T_cell,0,699,1930.0,1.4507773
GGTACATGTGGGAG-1,0,True,2.6115458,False,0.51159555,False,0.38369665,False,0.0,False,0.0,1,False,T_cell,0,941,2747.0,2.3298144
GGTACTGAACTCTT-1,1,False,0.0,False,0.91679037,True,4.881476,False,0.0,False,0.0,1,False,myeloid,1,828,2050.0,2.8292682
GGTAGTACACCACA-1,2,True,2.2755864,False,0.0,True,0.84011704,False,0.560078,False,0.0,2,True,T_cell,2,800,2290.0,2.6200874
GGTAGTACACTAGC-1,1,False,0.0,False,0.8571452,True,3.4548764,False,0.0,False,0.0,1,False,myeloid,1,642,1655.0,3.021148
GGTAGTACCCTGTC-1,0,True,1.754819,False,0.0,False,0.0,False,0.0,False,0.0,1,False,T_cell,0,733,2091.0,1.9607844
GGTAGTACGCCATA-1,1,False,0.0,False,0.7107944,True,4.7562175,False,0.0,False,0.0,1,False,myeloid,1,607,1347.0,1.55902
GGTAGTACTGTCTT-1,0,True,2.3316941,True,1.0231911,False,0.0,False,0.70464134,False,0.0,2,True,T_cell,0,992,2748.0,1.2372634
GGTATCGAGACAAA-1,1,False,0.0,False,1.3069531,True,3.818127,False,0.0,False,0.0,1,False,myeloid,1,379,809.0,1.8541409
GGTATCGATGAACC-1,3,False,0.0,True,2.241309,False,0.50820863,False,0.0,False,0.0,1,False,B_cell,3,562,1508.0,2.055703
GGTCAAACCAAAGA-1,0,True,2.5568542,False,0.74589825,False,0.41148353,False,0.0,False,0.0,1,False,T_cell,0,847,2392.0,1.1287626
GGTCTAGAGAAACA-1,1,False,0.0,False,0.75297016,True,4.3807774,False,0.5550412,False,0.0,1,False,myeloid,1,787,2333.0,2.8289757
GGTCTAGATAGCGT-1,1,False,0.0,False,1.0037587,True,3.10502,False,0.0,False,0.0,1,False,myeloid,1,1461,4661.0,1.2014589
GGTGATACCGACTA-1,3,False,0.0,True,3.1835165,True,1.4489875,False,0.0,False,0.0,2,True,B_cell,3,732,1698.0,2.4734983
GGTGATACGACTAC-1,1,False,0.0,True,1.5610523,True,4.957727,False,0.0,False,0.0,2,True,myeloid,1,941,2717.0,1.4354067
GGTGATACTGTTTC-1,0,False,1.6975636,False,0.0,False,0.43959695,False,0.0,False,0.0,0,False,T_cell,0,785,2084.0,1.1996161
GGTGGAGAAACGGG-1,2,False,1.0504547,False,0.7003032,False,0.0,True,3.2737956,False,0.0,1,False,NK_or_cytotoxic_T,2,696,1397.0,1.717967
GGTGGAGAAGTAGA-1,0,True,2.8006005,False,0.6120042,False,0.0,False,0.6120042,False,0.0,1,False,T_cell,0,795,1898.0,1.6859852
GGTGGAGACAGATC-1,2,False,0.0,False,0.0,False,0.0,True,3.3256438,False,0.0,1,False,NK_or_cytotoxic_T,2,809,1440.0,2.0138888
GGTGGAGATCGATG-1,0,False,1.1366194,False,0.88125837,False,0.4195264,False,0.55936855,False,0.0,0,False,T_cell,0,828,2297.0,2.089682
GGTGGAGATCTCTA-1,1,False,0.0,False,0.8259895,True,4.6584167,False,0.0,False,0.6217998,1,False,myeloid,1,651,1836.0,2.4509804
GGTGGAGATTACTC-1,2,True,3.1502442,False,0.0,False,0.0,True,2.9964108,False,0.0,2,True,T_cell,2,882,2454.0,1.018745
GGTTTACTACGCAT-1,2,True,2.8939679,False,0.75156635,False,0.0,True,2.4639533,False,0.0,2,True,T_cell,2,972,2346.0,2.2591646
GTAACGTGACCTCC-1,1,False,0.0,False,0.88608587,True,4.33457,False,0.0,False,0.0,1,False,myeloid,1,1323,4523.0,1.7908467
GTAACGTGATCGGT-1,3,False,0.0,True,3.098176,False,0.46011427,False,0.0,False,0.0,1,False,B_cell,3,679,1887.0,2.4377317
GTAACGTGCAGCTA-1,3,False,0.0,True,3.036792,False,0.0,False,0.0,False,0.0,1,False,B_cell,3,774,2109.0,1.6121384
GTAACGTGGTTGAC-1,3,False,1.1350596,True,2.195314,False,0.41881943,False,0.0,False,0.0,1,False,B_cell,3,784,2307.0,2.080624
GTAAGCACAACGGG-1,0,True,2.2690024,False,0.5931226,False,0.0,False,0.5931226,False,0.0,1,False,T_cell,0,766,2030.0,0.83743846
GTAAGCACTCATTC-1,3,False,0.0,True,3.1922026,False,0.0,False,0.0,False,0.0,1,False,B_cell,3,520,1138.0,2.108963
GTAAGCTGGTACCA-1,1,False,1.0335144,False,0.0,True,4.387974,False,0.6890096,False,0.0,1,False,myeloid,1,671,1450.0,2.8965518
GTAATAACCTTCTA-1,1,False,0.0,False,0.89351654,True,4.1090207,False,0.57012516,False,0.57012516,1,False,myeloid,1,796,2208.0,3.5778985
GTAATAACGTTGTG-1,0,True,2.3675303,False,0.0,False,0.0,False,0.0,False,0.0,1,False,T_cell,0,644,2118.0,2.549575
GTACCCTGACAGTC-1,4,False,0.5460607,False,0.9784008,True,1.5450265,False,0.0,False,0.0,1,False,myeloid,4,1549,5050.0,1.6039604
GTACCCTGGAGCTT-1,0,True,1.9558258,False,0.75080365,False,0.0,False,0.0,False,0.0,1,False,T_cell,0,756,2350.0,1.6595745
GTACCCTGTCCTTA-1,2,False,0.98224026,False,0.6548269,False,0.49112013,True,2.2989109,False,0.0,1,False,NK_or_cytotoxic_T,2,723,1631.0,1.8393623
GTACCCTGTGAACC-1,0,True,1.8999612,False,0.73122567,False,0.0,False,0.0,False,0.0,1,False,T_cell,0,788,2511.0,2.4691358
GTACGTGAACGTTG-1,2,True,2.7385578,False,0.63620913,False,0.0,True,1.9921994,False,0.0,2,True,T_cell,2,643,1742.0,2.8128588
GTACTTTGTCGACA-1,2,True,2.1152742,False,0.742062,False,0.0,False,0.95461744,False,0.0,1,False,T_cell,2,856,2420.0,2.6033058
GTAGACTGAGATGA-1,1,False,0.0,False,1.064525,True,4.135531,False,0.578695,False,0.0,1,False,myeloid,1,825,2139.0,2.8050492
GTAGACTGTATTCC-1,0,True,2.0913503,False,0.79808897,False,0.0,False,0.5961447,False,0.0,1,False,T_cell,0,730,2008.0,1.0956175
GTAGCAACAGTCGT-1,1,False,0.0,False,0.5671746,True,4.205161,False,0.0,False,0.0,1,False,myeloid,1,831,2232.0,1.9713262
GTAGCAACCATTTC-1,3,False,0.0,True,3.0034914,False,0.0,False,0.0,False,0.0,1,False,B_cell,3,653,1657.0,3.3796017
GTAGCAACGGTAGG-1,1,False,0.0,False,0.81328,True,5.0008793,False,0.0,False,0.0,1,False,myeloid,1,429,955.0,0.41884816
GTAGCATGCACTCC-1,3,False,0.0,True,2.0493731,False,0.0,False,0.6463614,False,0.0,1,False,B_cell,3,641,1680.0,2.4404762
GTAGCATGTAAGCC-1,1,False,1.0064561,False,0.8789748,True,5.169427,False,0.0,False,0.0,1,False,myeloid,1,637,1544.0,4.1450777
GTAGCCCTGACGTT-1,0,False,1.5316917,True,1.280048,False,0.4063262,False,0.0,False,0.0,1,False,T_cell,0,812,2453.0,3.2205462
GTAGCTGAAGCTAC-1,4,False,0.5425973,False,0.36173153,True,2.3290944,True,0.72346306,False,0.0,2,True,myeloid,4,1527,5103.0,2.723888
GTAGCTGAATTCGG-1,0,False,0.8162764,False,0.54418427,False,0.0,False,0.54418427,False,0.0,0,False,T_cell,0,859,2430.0,2.2222223
GTAGGTACACGGGA-1,1,False,0.0,False,1.1945226,True,4.5290966,False,0.5013721,False,0.0,1,False,myeloid,1,972,2858.0,1.7144856
GTAGTGACCTCATT-1,0,True,2.7254028,False,0.0,False,0.416803,False,0.0,False,0.0,1,False,T_cell,0,744,2328.0,1.7611685
GTAGTGTGAGCGGA-1,2,False,0.8850057,False,0.7913822,False,0.0,True,3.5708244,False,0.0,1,False,NK_or_cytotoxic_T,2,869,2056.0,1.5564202
GTAGTGTGAGGCGA-1,1,False,1.1374016,False,1.1008028,True,4.1754394,False,0.0,False,0.0,1,False,myeloid,1,508,1148.0,2.3519163
GTAGTGTGTGGTTG-1,0,True,2.2964683,False,0.6017396,False,0.45130467,False,0.6017396,False,0.0,1,False,T_cell,0,624,1969.0,0.8633824
GTATCACTGGTAGG-1,1,False,0.80439913,False,0.7321713,True,4.249997,False,0.0,False,0.0,1,False,myeloid,1,923,2503.0,2.756692
GTATCTACAGAAGT-1,2,True,2.8905287,False,0.0,False,0.66236436,True,2.7213316,False,0.0,2,True,T_cell,2,976,2285.0,1.9693654
GTATCTACGACGAG-1,2,True,2.1223168,False,1.0248454,False,0.45451754,False,1.286486,False,0.0,1,False,T_cell,2,801,1939.0,1.7019082
GTATCTACGTTACG-1,0,False,0.0,False,0.50595856,False,0.0,False,0.50595856,False,0.0,0,False,B_cell,0,1014,2808.0,3.0270655
GTATTAGAAACAGA-1,0,True,3.232215,False,0.7540385,False,0.0,False,0.0,False,0.0,1,False,T_cell,0,1429,3490.0,1.4326648
GTATTAGAGGTCTA-1,0,True,2.7215946,False,0.0,False,0.0,False,0.0,False,0.0,1,False,T_cell,0,586,1410.0,1.4184396
GTATTCACACAGCT-1,0,True,2.8175364,False,0.62614405,False,0.7173964,False,0.0,False,0.0,1,False,T_cell,0,692,1806.0,2.9900334
GTATTCACGGGTGA-1,2,False,0.0,False,0.0,False,0.0,False,1.0593753,False,0.0,0,False,NK_or_cytotoxic_T,2,704,1741.0,2.1252153
GTCAACGACACTGA-1,0,True,2.1803842,False,0.0,False,0.0,False,0.0,False,0.0,1,False,T_cell,0,1176,3629.0,1.791127
GTCAACGAGTGTAC-1,1,False,0.0,False,0.77773666,True,4.306848,False,0.0,False,0.0,1,False,myeloid,1,806,2148.0,1.8621974
GTCAACGATCAGGT-1,2,False,1.4735477,False,0.98236513,False,0.0,False,0.0,False,0.0,0,False,T_cell,2,324,555.0,6.666667
GTCAATCTACACCA-1,2,True,2.41123,False,0.5622199,False,0.42166492,False,1.0452669,False,0.0,1,False,T_cell,2,883,2273.0,2.4197097
GTCAATCTGTAGCT-1,2,True,2.3596084,False,0.648751,False,0.5757363,True,1.5730616,False,0.0,2,True,T_cell,2,1249,3336.0,3.207434
GTCAATCTTGTGGT-1,0,True,2.1747203,False,0.0,False,0.0,False,0.0,False,0.0,1,False,T_cell,0,765,2261.0,0.66342324
GTCACCTGCCTCCA-1,0,False,0.8705548,False,0.9051411,False,0.0,False,0.0,False,0.0,0,False,B_cell,0,743,2127.0,1.0343206
GTCACCTGTCCCGT-1,0,False,2.4331806,True,1.2068417,False,0.3803755,False,0.0,False,0.0,1,False,T_cell,0,907,2796.0,2.4320457
GTCATACTAATCGC-1,3,False,0.0,True,2.518299,False,0.0,False,0.0,False,0.0,1,False,B_cell,3,666,1610.0,2.9813664
GTCATACTGCGATT-1,2,False,1.8713143,False,0.68760693,True,1.188283,True,2.2771516,False,0.0,2,True,NK_or_cytotoxic_T,2,669,1457.0,0.6863418
GTCATACTTCGCCT-1,6,False,0.0,False,0.0,False,0.0,False,0.0,True,4.872423,1,False,platelet,6,364,984.0,2.9471545
GTCATACTTTACCT-1,2,True,2.6529276,False,0.82152474,False,0.0,False,0.6176828,False,0.0,1,False,T_cell,2,794,1861.0,1.8807093
GTCATACTTTGACG-1,0,True,2.1438694,False,0.706032,True,0.7692549,False,0.51283664,False,0.0,2,True,T_cell,0,959,2738.0,1.1687363
GTCCAAGAAAAACG-1,0,False,1.3292316,False,0.7624755,False,0.42274427,False,0.0,False,0.0,0,False,T_cell,0,766,2261.0,1.3268465
GTCCACTGACCTCC-1,0,True,2.3601472,False,0.6489226,False,0.3467612,False,0.0,False,0.0,1,False,T_cell,0,937,3332.0,1.1704681
GTCCACTGGGTACT-1,4,False,0.0,False,0.83728004,True,2.2559457,False,0.57012516,False,0.3944729,1,False,myeloid,4,1398,4417.0,2.7846954
GTCCAGCTACGGGA-1,0,True,2.467549,False,0.5226294,False,0.391972,False,0.0,False,0.0,1,False,T_cell,0,942,2634.0,1.2528473
GTCCCATGTGGTGT-1,1,False,0.0,True,1.1260108,True,3.6847098,False,0.37798518,False,0.0,2,True,myeloid,1,1469,4746.0,2.528445
GTCGAATGAAGGCG-1,1,False,0.0,False,0.7818309,True,4.15868,False,0.0,False,0.0,1,False,myeloid,1,905,2120.0,2.2169812
GTCGACCTGAATGA-1,2,False,0.0,False,0.66947687,False,0.0,True,3.2885718,False,0.0,1,False,NK_or_cytotoxic_T,2,812,1550.0,2.0645163
GTCGACCTGTTCAG-1,0,False,1.427532,False,0.6217998,False,0.46634987,False,0.6217998,False,0.0,0,False,T_cell,0,572,1836.0,1.9607844
GTCGCACTTGAGAA-1,3,False,0.6208128,True,3.197041,False,0.44468844,False,0.0,False,0.0,1,False,B_cell,3,1378,4067.0,1.6474059
GTCTAACTGGTCTA-1,4,False,0.0,False,0.8517097,True,2.301759,False,0.0,False,0.4594409,1,False,myeloid,4,1058,3369.0,2.8791926
GTCTAGGAGCTTCC-1,1,False,0.0,False,0.6228787,True,4.6020226,False,0.0,False,0.0,1,False,myeloid,1,1215,3654.0,2.1072798
GTGAACACACTCTT-1,0,False,0.853891,False,0.0,False,0.0,False,0.0,False,0.0,0,False,T_cell,0,697,2218.0,1.3525699
GTGAACACAGATCC-1,2,True,3.3722022,False,0.0,True,1.4251714,False,1.0588247,False,0.0,2,True,T_cell,2,424,871.0,10.447762
GTGAACACTCAGGT-1,0,True,2.7132425,False,0.7340726,False,0.55055445,False,0.0,False,0.0,1,False,T_cell,0,531,1244.0,0.9646302
GTGACCCTTAAGCC-1,0,True,3.066617,False,0.8156798,False,0.0,False,0.6122998,False,0.0,1,False,T_cell,0,676,1896.0,1.5295359
GTGATGACAAGTGA-1,0,True,2.0883465,True,0.79110974,True,0.9107687,False,0.5824914,False,0.0,3,True,T_cell,0,1819,6333.0,2.1159008
GTGATGACCTGAGT-1,3,False,0.0,True,3.60763,False,0.0,False,0.0,False,0.0,1,False,B_cell,3,503,1096.0,2.0072992
GTGATGACGGTTTG-1,2,False,1.6092844,False,0.0,True,0.8787966,False,1.1811811,False,0.0,1,False,T_cell,2,801,2084.0,2.447217
GTGATTCTCATTTC-1,0,False,1.4041708,False,1.0064502,False,0.39708412,False,0.0,False,0.0,0,False,T_cell,0,943,2569.0,0.93421566
GTGATTCTCTCTCG-1,1,False,0.0,False,0.7213807,True,4.8597407,False,0.52657115,False,0.0,1,False,myeloid,1,874,2597.0,2.6569118
GTGATTCTGGTTCA-1,2,False,1.2862761,False,0.0,False,0.0,True,4.1310177,False,0.0,1,False,NK_or_cytotoxic_T,2,813,1657.0,1.6898009
GTGATTCTGTCGAT-1,0,True,2.589407,False,0.0,False,0.44887984,False,0.0,False,0.0,1,False,T_cell,0,694,1991.0,1.8081367
GTGATTCTTAGCGT-1,3,False,0.0,True,2.7755034,False,0.7875213,False,0.0,False,0.0,1,False,B_cell,3,494,1344.0,2.455357
GTGCCACTCAGGAG-1,0,True,2.959589,False,0.8156798,False,0.45922482,False,0.0,False,0.0,1,False,T_cell,0,660,1897.0,0.89615184
GTGGATTGCACTAG-1,4,False,0.0,False,0.56126547,True,2.0309248,False,0.0,False,0.0,1,False,myeloid,4,1467,4561.0,3.2229774
GTGGATTGCGGAGA-1,0,True,1.8165249,False,0.50913465,False,0.6174188,False,0.50913465,False,0.0,1,False,T_cell,0,976,2774.0,2.2710888
GTGGATTGTAACGC-1,0,True,2.1344838,False,0.8242172,False,0.38248745,False,0.0,False,0.0,1,False,T_cell,0,833,2765.0,1.880651
GTGTACGATCAGTG-1,0,False,1.2037479,False,0.60018784,False,0.45014086,False,0.0,False,0.0,0,False,T_cell,0,689,1979.0,1.6675088
GTGTAGTGGGTACT-1,0,True,1.8622863,True,1.522903,False,0.0,False,0.52353275,False,0.0,2,True,T_cell,0,921,2627.0,2.740769
GTGTATCTAGCCTA-1,3,False,0.0,True,2.2233143,False,0.0,False,0.0,False,0.0,1,False,B_cell,3,625,1434.0,2.4407253
GTGTATCTAGTAGA-1,2,True,2.1056147,False,0.682724,False,0.29475898,True,2.5829248,False,0.0,2,True,NK_or_cytotoxic_T,2,1428,4444.0,2.0477047
GTGTATCTGTTACG-1,3,False,0.8717205,True,2.838364,False,0.0,False,0.0,False,0.0,1,False,B_cell,3,817,2122.0,1.602262
GTGTCAGAAGCGTT-1,2,True,2.6973403,False,0.5901386,False,0.44260395,True,3.5658665,False,0.0,2,True,NK_or_cytotoxic_T,2,909,2056.0,2.0914397
GTGTCAGAATGCTG-1,0,False,1.3319145,False,0.0,False,0.6659573,False,0.0,False,0.0,0,False,T_cell,0,326,750.0,6.0
GTTAAAACCGAGAG-1,2,False,0.0,False,0.5946288,True,1.0432974,True,2.6182556,False,0.0,2,True,NK_or_cytotoxic_T,2,956,2019.0,0.842001
GTTAAAACTTCGCC-1,0,False,1.3726788,False,0.7905001,False,0.44189772,False,0.7905001,False,0.0,0,False,T_cell,0,676,2059.0,5.0509953
GTTAAATGCTCGAA-1,0,True,2.6543021,False,0.5210326,False,0.0,False,0.5210326,False,0.0,1,False,T_cell,0,765,2651.0,2.2632968
GTTAAATGTCGACA-1,3,False,0.0,True,3.1687398,False,0.45989153,False,0.61318874,False,0.0,1,False,B_cell,3,1207,3783.0,1.9561195
GTTAACCTAGCTAC-1,0,False,1.108147,False,0.54220563,True,0.8133084,False,0.0,False,0.0,1,False,T_cell,0,829,2450.0,2.6938775
GTTAACCTTGCTTT-1,5,False,0.0,True,0.64722407,True,1.908664,False,0.32361203,False,0.0,2,True,myeloid,5,1648,6102.0,1.6224189
GTTAGGTGCACTCC-1,0,False,1.052032,False,0.7013547,False,0.77946836,False,0.7013547,False,0.0,0,False,T_cell,0,554,1391.0,3.5226457
GTTAGGTGCCAGTA-1,1,False,0.0,False,0.9462297,True,5.153321,False,0.367498,True,0.734996,2,True,myeloid,1,1500,4975.0,2.6733668
GTTAGGTGCCCAAA-1,4,False,0.0,False,1.1155778,True,1.4375825,False,0.0,False,0.0,1,False,myeloid,4,953,2189.0,0.59387845
GTTAGGTGGAACTC-1,3,False,0.0,True,2.3665712,False,0.0,False,0.0,False,0.0,1,False,B_cell,3,647,1653.0,1.754386
GTTAGTCTAAGAAC-1,2,False,0.0,False,0.0,False,0.72735363,False,0.9698049,False,0.0,0,False,NK_or_cytotoxic_T,2,537,1154.0,4.3327556
GTTATAGAGGACAG-1,0,True,2.2594802,False,0.5901386,False,0.0,False,0.5901386,False,0.0,1,False,T_cell,0,786,2053.0,1.6074038
GTTATGCTTTCATC-1,0,True,1.6332157,False,0.86411184,False,0.0,False,0.0,False,0.0,1,False,T_cell,0,814,2431.0,1.8922255
GTTCAACTGGGACA-1,2,False,1.0181513,False,0.0,False,0.50907564,True,3.3098347,False,0.0,1,False,NK_or_cytotoxic_T,2,761,1503.0,2.129075
GTTCAACTTATGCG-1,0,True,2.0352588,True,1.0408735,False,0.39032754,False,0.0,False,0.0,2,True,T_cell,0,862,2657.0,2.2205493
GTTGACGAGCCCTT-1,2,True,2.6336684,False,0.94058084,False,0.0,False,1.5387211,False,0.0,1,False,T_cell,2,838,1899.0,0.94786733
GTTGACGATATCGG-1,2,False,0.8451278,False,0.56341857,False,0.4225639,True,3.9002752,False,0.0,1,False,NK_or_cytotoxic_T,2,1102,2264.0,1.9434628
GTTGAGTGGTCTTT-1,1,False,0.59328574,False,0.8949269,True,4.989967,False,0.0,False,0.0,1,False,myeloid,1,1392,4397.0,1.0689106
GTTGAGTGTGCTTT-1,0,True,2.3184,False,0.0,True,0.7769958,False,0.0,False,0.0,2,True,T_cell,0,1042,3840.0,1.953125
GTTGATCTGGGACA-1,0,False,1.2256945,False,0.0,False,0.0,False,0.0,False,0.0,0,False,T_cell,0,372,944.0,0.42372882
GTTGATCTTTTCAC-1,2,True,2.5299878,False,0.0,False,0.40559053,False,1.5566458,False,0.0,1,False,T_cell,2,971,2461.0,2.1535962
GTTGGATGTTTACC-1,4,False,0.0,False,0.68311656,True,2.1668653,False,0.0,False,0.0,1,False,myeloid,4,1364,4438.0,2.5236595
GTTGTACTATTCCT-1,1,False,0.0,False,0.8772739,True,4.6899033,False,0.0,False,0.0,1,False,myeloid,1,1137,3103.0,1.9658396
GTTGTACTTTTGGG-1,0,True,1.641556,False,0.7442829,True,0.820778,False,0.0,False,0.0,2,True,T_cell,0,847,2404.0,2.246256
GTTTAAGACCATGA-1,1,False,0.0,False,0.7210399,True,4.619562,False,0.5262654,False,0.0,1,False,myeloid,1,935,2598.0,2.2709777
GTTTAAGACTGTCC-1,2,True,2.9398806,False,0.0,False,0.0,False,0.8706664,False,0.0,1,False,T_cell,2,710,1584.0,2.209596
TAAACAACCAACCA-1,0,True,2.539934,False,0.45533907,True,0.91105497,True,0.91067815,False,0.0,3,True,T_cell,0,1070,3425.0,1.868613
TAAACAACGAATCC-1,3,False,0.0,True,2.761027,False,0.6139809,False,0.0,False,0.0,1,False,B_cell,3,914,2818.0,1.0645847
TAAAGACTCAGGAG-1,0,False,0.82568085,False,0.7479,False,0.41284043,False,0.5504539,False,0.0,0,False,T_cell,0,855,2375.0,1.5157895
TAAATCGATGAGGG-1,0,True,2.0797298,False,0.0,False,0.0,False,0.0,False,0.0,1,False,T_cell,0,759,2036.0,1.9155207
TAACAATGTGCCCT-1,3,False,0.0,True,2.986211,False,0.0,False,0.0,False,0.0,1,False,B_cell,3,654,1343.0,1.5636634
TAACACCTTCGCTC-1,1,False,0.7663953,False,0.9141361,True,3.9753056,False,0.0,False,0.0,1,False,myeloid,1,981,2755.0,1.4519056
TAACACCTTCGTAG-1,1,False,0.0,False,0.7721879,True,3.9913497,False,0.0,False,0.0,1,False,myeloid,1,1193,3283.0,1.7666768
TAACACCTTGTTTC-1,6,False,0.0,False,0.0,False,0.0,False,0.0,True,4.8815823,1,False,platelet,6,397,1004.0,1.0956175
TAACATGACACTAG-1,3,False,1.2749715,True,1.952015,True,0.68705946,False,0.45803964,False,0.0,2,True,B_cell,3,1123,3390.0,1.9469026
TAACCGGACTTACT-1,0,False,1.1969072,False,0.7979381,False,0.44700482,False,0.59600645,False,0.0,0,False,T_cell,0,616,2009.0,1.3439522
TAACGTCTCAACCA-1,1,False,0.9107681,False,0.8101119,True,4.6344633,False,0.0,False,0.0,1,False,myeloid,1,747,1931.0,2.1750388
TAACGTCTCATTGG-1,0,True,2.064449,False,0.72458357,True,0.79416823,False,0.0,False,0.0,2,True,T_cell,0,876,2567.0,2.1425788
TAACTAGAATTTCC-1,0,True,1.8909391,False,0.0,True,0.94546956,False,0.0,False,0.0,2,True,T_cell,0,949,2538.0,1.4184396
TAACTAGACTTAGG-1,0,False,1.2110924,True,1.1823518,True,0.74346393,False,0.0,False,0.0,2,True,T_cell,0,965,2921.0,2.0198562
TAACTAGATCTGGA-1,0,True,2.2531729,False,0.7510576,False,0.0,False,0.0,False,0.0,1,False,T_cell,0,789,2348.0,1.448041
TAACTCACGAGGAC-1,1,False,0.0,False,0.60863084,True,4.6636477,False,0.0,False,0.0,1,False,myeloid,1,752,1922.0,4.058273
TAACTCACGTACAC-1,3,False,0.0,True,2.334354,False,0.44679767,False,0.0,False,0.0,1,False,B_cell,3,717,2011.0,2.6355047
TAACTCACGTATCG-1,1,True,1.5609417,False,0.81439734,True,4.4447975,False,0.0,False,0.0,2,True,myeloid,1,1198,3807.0,1.9437877
TAACTCACTCTACT-1,2,True,2.003366,False,0.568154,False,0.42611545,True,3.8783875,False,0.0,2,True,NK_or_cytotoxic_T,2,952,2227.0,3.0085316
TAAGAACTGTGTCA-1,1,False,0.9572606,False,0.84370154,True,4.5776772,False,0.0,False,0.63817376,1,False,myeloid,1,625,1730.0,3.7572253
TAAGAGGACTAAGC-1,3,False,0.0,True,3.3369384,False,0.0,False,0.5949037,False,0.5949037,1,False,B_cell,3,784,2019.0,2.1297672
TAAGAGGACTTGTT-1,2,False,0.88359416,False,0.0,False,0.59276503,True,4.0581093,False,0.0,1,False,NK_or_cytotoxic_T,2,914,2061.0,1.5526444
TAAGATACCCACAA-1,0,False,1.7692735,False,0.0,False,0.55895686,False,0.9580137,False,0.0,0,False,T_cell,0,534,1199.0,5.4211845
TAAGATACGGTTCA-1,1,False,1.0287218,False,0.68581456,True,3.5729737,False,0.0,False,0.0,1,False,myeloid,1,659,1465.0,0.9556314
TAAGATTGCGTAGT-1,0,True,2.5978355,False,0.50772756,False,0.0,False,0.0,False,0.0,1,False,T_cell,0,913,2789.0,1.5776263
TAAGATTGTTGCTT-1,0,False,1.5643355,False,0.88220394,False,0.4201474,False,0.5601965,False,0.0,0,False,T_cell,0,863,2289.0,1.2669288
TAAGCGTGAGGTTC-1,1,False,0.7547923,False,0.50319487,True,4.41556,False,0.50319487,False,0.0,1,False,myeloid,1,959,2838.0,2.2903454
TAAGCGTGGACAAA-1,1,False,0.0,True,1.2015934,True,3.4416597,False,0.35801017,False,0.0,2,True,myeloid,1,1637,5192.0,2.0608628
TAAGCGTGGGAAAT-1,0,True,2.5802402,False,0.0,True,0.8332576,False,0.5555051,False,0.0,2,True,T_cell,0,796,2330.0,1.1587983
TAAGCGTGTGCTCC-1,4,False,0.0,False,0.7340726,True,3.2503543,False,0.0,False,0.0,1,False,myeloid,4,1508,4978.0,2.2298112
TAAGGCTGCCATGA-1,0,False,1.124306,False,0.74953735,False,0.41395095,False,0.5519346,False,0.0,0,False,T_cell,0,906,2361.0,2.4989412
TAAGGCTGCTGCTC-1,0,False,0.86669713,False,0.0,True,1.3000457,False,0.0,False,0.0,1,False,myeloid,0,714,2147.0,1.583605
TAAGGCTGTCTCGC-1,1,False,0.0,False,0.4557019,True,4.463622,False,0.0,False,0.0,1,False,myeloid,1,1195,3420.0,2.134503
TAAGGGCTGCTGTA-1,0,True,2.1621284,False,0.0,False,0.0,False,0.0,False,0.0,1,False,T_cell,0,867,1852.0,1.349892
TAAGGGCTTTACTC-1,0,True,2.4950767,False,0.76972723,False,0.0,False,0.0,False,0.0,1,False,T_cell,0,819,2208.0,3.2155797
TAAGTAACCGAGAG-1,3,False,0.0,True,2.0370047,False,0.6813961,False,0.0,False,0.0,1,False,B_cell,3,375,702.0,2.7065527
TAAGTAACCTCCAC-1,3,False,0.0,True,3.0396912,False,0.0,False,0.0,False,0.0,1,False,B_cell,3,656,1740.0,3.3333335
TAAGTAACCTGTAG-1,0,True,2.6798272,False,0.6434062,False,0.0,True,0.9150518,False,0.0,2,True,T_cell,0,1047,3397.0,2.7671475
TAAGTAACTTGTCT-1,0,True,2.234078,False,0.5821871,False,0.43664032,False,0.5821871,False,0.0,1,False,T_cell,0,745,2113.0,2.9342167
TAATGATGAGCGGA-1,0,True,2.2896032,False,0.0,False,0.38227502,False,0.50970006,False,0.0,1,False,T_cell,0,866,2768.0,1.5534682
TAATGCCTCATGAC-1,0,True,2.3568788,False,0.7856263,False,0.4385565,False,0.0,False,0.0,1,False,T_cell,0,1186,4189.0,0.95488185
TAATGCCTCGTCTC-1,2,False,0.0,True,0.9884745,False,0.0,True,3.350141,False,0.0,2,True,NK_or_cytotoxic_T,2,1669,4213.0,1.9700925
TAATGTGAAGATGA-1,0,True,2.9786386,False,0.71765494,False,0.0,False,0.0,False,0.0,1,False,T_cell,0,539,1314.0,1.4459665
TAATGTGACTGCAA-1,1,False,0.0,False,1.0108044,True,3.733627,False,0.533092,False,0.0,1,False,myeloid,1,942,2532.0,2.172196
TAATGTGATTACTC-1,2,True,1.9649484,False,0.96721935,False,0.0,False,0.7539958,False,0.0,1,False,T_cell,2,839,2326.0,2.8374891
TACAAATGGGTACT-1,0,True,1.8882871,False,0.53173053,False,0.3987979,False,0.0,False,0.0,1,False,T_cell,0,927,2547.0,2.1986651
TACAATGAAAACAG-1,1,False,0.0,False,0.0,True,4.8490343,False,0.59808797,False,0.0,1,False,myeloid,1,796,1995.0,1.60401
TACAATGACTTAGG-1,0,False,1.5353036,False,0.60487354,False,0.0,False,0.0,False,0.0,0,False,T_cell,0,734,1948.0,1.6940452
TACAATGATGCTAG-1,2,True,2.3935008,False,0.0,False,0.4051019,True,1.666976,False,0.0,2,True,T_cell,2,831,2466.0,3.2846715
TACACACTCACACA-1,0,True,1.7175019,False,0.0,True,0.85875094,False,0.0,False,0.47811788,2,True,T_cell,0,967,3128.0,2.3017902
TACACACTCTTACT-1,0,False,1.6109765,False,0.0,False,0.0,False,0.0,False,0.0,0,False,T_cell,0,620,1246.0,3.210273
TACATAGAACGCAT-1,2,True,2.4880466,False,0.9813692,True,0.8522309,True,1.3355774,False,0.0,3,True,T_cell,2,814,2223.0,3.5537562
TACATCACACGGGA-1,0,False,0.9848853,False,0.6565902,False,0.6476554,False,0.0,False,0.0,0,False,T_cell,0,605,1622.0,1.6646115
TACATCACCTGTTT-1,4,False,0.0,False,0.58369046,False,0.80274975,False,0.58369046,False,0.0,0,False,myeloid,4,1391,4202.0,3.6887195
TACATCACGCTAAC-1,3,False,0.94204456,True,3.4147458,False,0.0,False,0.0,False,0.0,1,False,B_cell,3,655,1795.0,1.7827299
TACATCACTGAACC-1,4,False,0.0,False,0.9286947,True,1.5257301,False,0.3849884,False,0.0,1,False,myeloid,4,1512,4605.0,1.2812161
TACCATTGAGGTTC-1,0,False,1.3217863,False,0.0,False,0.5047795,False,0.0,False,0.0,0,False,T_cell,0,625,1535.0,1.4983714
TACCATTGCGGGAA-1,1,False,0.0,False,0.9139098,True,2.2970467,False,0.0,False,0.0,1,False,myeloid,1,719,2071.0,3.0902946
TACCATTGGGGATG-1,1,False,1.0411233,False,0.0,True,3.8669221,False,0.0,False,0.0,1,False,myeloid,1,547,1425.0,2.3157895
TACCATTGTGAGGG-1,1,False,0.8301376,False,0.7511847,True,3.7634902,False,0.0,False,0.0,1,False,myeloid,1,864,2349.0,3.7037036
TACCGGCTGTTGGT-1,0,True,2.409768,False,0.69831705,False,0.3794689,False,0.0,False,0.0,1,False,T_cell,0,902,2809.0,2.776789
TACGAGTGATCTCT-1,0,True,1.5506874,False,0.51689583,False,0.38767186,True,1.0337917,False,0.0,2,True,T_cell,0,853,2692.0,1.857355
TACGAGTGATGCTG-1,1,False,0.0,False,0.89278597,True,3.3569527,False,0.43721113,False,0.0,1,False,myeloid,1,1143,3689.0,2.0059636
TACGAGTGCGGAGA-1,0,True,2.7918108,False,0.0,False,0.0,False,0.0,False,0.0,1,False,T_cell,0,990,2265.0,1.7218543
TACGAGTGGTTGGT-1,0,False,1.3371209,False,0.9815113,True,0.85241497,False,0.0,False,0.0,1,False,T_cell,0,858,2222.0,1.8451846
TACGATCTAGTGTC-1,0,False,1.0420464,False,0.0,False,0.0,False,0.9043369,False,0.0,0,False,T_cell,0,604,1422.0,2.7426162
TACGATCTCACTGA-1,1,False,0.0,False,0.6990471,True,3.1349351,True,0.81210494,False,0.0,2,True,myeloid,1,1291,4206.0,2.3537803
TACGATCTTACGAC-1,2,True,1.9360327,False,0.64534426,False,0.0,False,1.4263618,False,0.0,1,False,T_cell,2,701,1686.0,2.787663
TACGCAGACGTCTC-1,3,False,0.0,True,2.022715,False,0.0,False,0.0,False,0.0,1,False,B_cell,3,340,720.0,10.416666
TACGCAGAGAATCC-1,2,False,0.87152594,False,0.7815466,False,0.0,True,3.5863776,False,0.0,1,False,NK_or_cytotoxic_T,2,859,2121.0,0.80150867
TACGCCACATTCCT-1,0,True,2.1102257,True,1.204329,True,1.3548701,False,0.0,False,0.0,3,True,T_cell,0,768,1967.0,0.6100661
TACGCCACTCCCAC-1,4,False,0.0,False,0.9639404,True,1.6174722,False,0.71597874,False,0.35395855,1,False,myeloid,4,1621,5289.0,3.157497
TACGCCACTCCGAA-1,3,False,0.0,True,3.1008282,False,0.0,False,0.0,False,0.0,1,False,B_cell,3,715,1857.0,2.1001616
TACGCGCTCTTCTA-1,2,True,2.3654833,False,0.89295435,False,0.0,False,0.6840346,False,0.0,1,False,T_cell,2,642,1474.0,5.3595657
TACGGAACGCGTTA-1,3,False,0.0,True,2.7134342,False,0.52760273,False,0.70347035,False,0.0,1,False,B_cell,3,594,1380.0,2.246377
TACGGCCTGGGACA-1,2,False,1.5045173,False,0.0,True,1.0022652,True,3.9435256,False,0.0,2,True,NK_or_cytotoxic_T,2,783,1557.0,1.734104
TACGGCCTGTCCTC-1,0,False,1.1877364,False,0.0,False,0.0,False,0.0,False,0.0,0,False,T_cell,0,419,1025.0,5.4634147
TACGTACTACGGAG-1,0,True,2.2070749,False,0.6331301,True,0.92283124,True,0.8762354,False,0.35420626,3,True,T_cell,0,1608,5282.0,1.4956455
TACGTACTCAGTTG-1,0,True,2.9181337,False,0.6796379,False,0.0,False,0.0,False,0.0,1,False,T_cell,0,927,2993.0,1.6371534
TACGTACTCCCGTT-1,3,False,0.0,True,2.1216364,True,1.3642013,False,0.0,False,0.0,2,True,B_cell,3,740,1937.0,1.9101703
TACGTTACAGAAGT-1,0,True,2.4745646,False,0.7630061,True,0.99536014,False,0.0,False,0.0,2,True,T_cell,0,805,2256.0,1.4184396
TACGTTACCAAGCT-1,1,False,0.0,False,0.84871405,True,4.9850945,False,0.0,False,0.0,1,False,myeloid,1,705,1701.0,2.5279248
TACTAAGAAAGGTA-1,3,False,0.0,True,2.970191,False,0.6022191,False,0.0,False,0.0,1,False,B_cell,3,491,988.0,1.417004
TACTAAGAATCACG-1,0,True,2.7328079,False,0.74034727,False,0.5552604,False,0.0,False,0.0,1,False,T_cell,0,514,1219.0,3.1173093
TACTAAGATGATGC-1,1,False,0.0,False,0.0,True,4.568208,False,0.0,False,0.0,1,False,myeloid,1,768,1864.0,2.3068671
TACTAAGATTGCGA-1,0,False,1.0899948,False,0.5313133,False,0.0,False,0.0,False,0.0,0,False,T_cell,0,880,2551.0,1.4896119
TACTACACGAGAGC-1,0,True,2.1905692,False,0.0,False,0.35215062,False,0.0,False,0.0,1,False,T_cell,0,993,3236.0,0.92707044
TACTACACTTACCT-1,0,False,0.0,True,1.9942722,False,0.0,False,0.8875293,False,0.0,1,False,B_cell,0,356,750.0,3.733333
TACTACTGAACCTG-1,1,False,0.0,False,0.82632303,True,4.154108,False,0.0,False,0.0,1,False,myeloid,1,748,1831.0,1.693064
TACTACTGATGTCG-1,2,True,3.2430038,False,0.0,False,0.0,True,2.096226,False,0.0,2,True,T_cell,2,993,2304.0,1.5625
TACTACTGATTCTC-1,0,False,1.1199708,False,0.0,False,0.4119911,False,0.0,False,0.0,0,False,T_cell,0,801,2383.0,1.3008813
TACTACTGTATGGC-1,0,True,1.795862,False,0.8156263,False,0.0,False,0.5026464,False,0.0,1,False,T_cell,0,843,2843.0,2.8491032
TACTCAACGGTCTA-1,1,False,0.0,False,0.8885233,True,4.5602913,False,0.0,False,0.0,1,False,myeloid,1,1194,3741.0,1.3900027
TACTCAACTGCTAG-1,3,False,0.8491167,True,2.9019423,True,0.8491167,False,0.0,False,0.0,2,True,B_cell,3,794,2242.0,2.9438002
TACTCCCTCAGTTG-1,0,True,2.5091183,False,0.0,False,0.50168914,False,0.0,False,0.66891885,1,False,T_cell,0,606,1556.0,1.1568123
TACTCTGAATCGAC-1,2,False,0.0,False,0.8018862,True,1.0511341,True,3.2052193,False,0.0,2,True,NK_or_cytotoxic_T,2,810,1986.0,1.8126888
TACTCTGACGAGTT-1,0,True,2.556499,False,0.53403944,False,0.0,False,0.0,False,0.0,1,False,T_cell,0,882,2524.0,1.8621236
TACTCTGATTGACG-1,3,False,0.0,True,3.1428216,True,1.0213505,False,0.68090034,False,0.0,2,True,B_cell,3,682,1492.0,1.5415549
TACTGGGATCGATG-1,0,True,2.4123855,False,0.7267019,True,0.866351,False,0.0,False,0.0,2,True,T_cell,0,1126,3823.0,1.569448
TACTGTTGAAAGCA-1,0,True,2.832685,True,1.524409,False,0.44898456,False,0.0,False,0.0,2,True,T_cell,0,792,1991.0,1.8081367
TACTGTTGAGGCGA-1,2,False,0.0,False,0.0,False,0.48224014,True,4.0614243,False,0.0,1,False,NK_or_cytotoxic_T,2,829,1701.0,2.7630806
TACTGTTGCTGAAC-1,3,False,0.0,True,2.271383,False,0.63277614,False,0.35809478,False,0.35809478,1,False,B_cell,3,1657,5201.0,3.1916938
TACTTGACTCCTCG-1,2,True,2.5439775,False,0.0,True,0.9632255,False,1.0656854,False,0.0,2,True,T_cell,2,786,1705.0,1.6422286
TACTTGACTGGTGT-1,3,False,0.0,True,2.538679,False,0.49551997,False,0.0,False,0.0,1,False,B_cell,3,610,1599.0,1.9387116
TACTTTCTTTTGGG-1,2,True,3.1326308,False,0.66213626,False,0.0,False,0.8694987,False,0.0,1,False,T_cell,2,664,1591.0,4.1483345
TAGAAACTAATCGC-1,0,True,2.0095744,False,0.57012516,True,0.8551877,False,0.57012516,False,0.0,2,True,T_cell,0,790,2208.0,1.2228261
TAGAAACTGCTTCC-1,1,False,0.0,False,0.76972723,True,4.219184,True,1.3399762,False,0.0,2,True,myeloid,1,852,2211.0,2.351877
TAGAAACTGGGATG-1,2,False,1.3732473,False,0.0,False,0.0,True,3.4123378,False,0.0,1,False,NK_or_cytotoxic_T,2,678,1371.0,1.3129103
TAGAATTGCGACAT-1,0,False,1.2623701,False,0.0,False,0.47715682,False,0.0,False,0.0,0,False,T_cell,0,589,1742.0,2.1239955
TAGAATTGTATCGG-1,0,True,2.4653463,False,0.47078317,False,0.0,False,0.0,False,0.0,1,False,T_cell,0,930,3222.0,2.048417
TAGACGTGCTTGAG-1,0,True,2.10095,False,0.5992056,False,0.0,False,0.0,False,0.0,1,False,T_cell,0,690,1986.0,3.3736155
TAGACGTGTCGCTC-1,0,True,2.531282,False,0.7216083,True,0.7901628,False,0.52677524,False,0.0,2,True,T_cell,0,840,2593.0,1.0026996
TAGAGCACCTTACT-1,3,False,0.0,True,1.5901935,False,0.0,False,0.0,False,0.0,1,False,B_cell,3,647,1444.0,2.0083103
TAGATTGACTTGTT-1,3,False,0.9926621,True,1.7494137,False,0.0,False,0.0,False,0.0,1,False,B_cell,3,622,1594.0,3.4504392
TAGATTGAGGCATT-1,2,False,0.0,False,0.0,False,0.6472279,False,1.3787959,False,0.0,0,False,NK_or_cytotoxic_T,2,427,813.0,2.2140222
TAGCATCTCAGCTA-1,2,False,0.96473175,False,0.6431545,False,0.0,True,3.299927,False,0.0,1,False,NK_or_cytotoxic_T,2,856,1700.0,1.2352941
TAGCATCTCCCTCA-1,0,True,2.6014452,False,0.0,False,0.0,False,0.0,False,0.0,1,False,T_cell,0,522,1138.0,2.636204
TAGCATCTGCTGTA-1,4,False,0.0,False,0.829343,True,2.003817,False,0.0,False,0.0,1,False,myeloid,4,1262,3628.0,2.232635
TAGCATCTGGGACA-1,0,True,1.7643762,False,0.78932834,False,0.0,False,0.0,False,0.0,1,False,T_cell,0,722,2069.0,2.029966
TAGCATCTTGTCGA-1,0,True,1.9027799,False,0.63426,False,0.0,False,0.0,False,0.0,1,False,T_cell,0,641,1753.0,1.4831717
TAGCCCACAAAAGC-1,0,True,2.3502,False,0.6637695,False,0.49782708,False,0.0,False,0.0,1,False,T_cell,0,997,3164.0,1.3274336
TAGCCCACAGCCAT-1,2,True,2.6075432,False,0.5635388,False,0.0,False,1.0468144,False,0.0,1,False,T_cell,2,983,2261.0,2.211411
TAGCCCACAGCTAC-1,2,False,0.0,False,0.0,False,0.0,True,3.0292523,False,0.0,1,False,NK_or_cytotoxic_T,2,1099,2171.0,2.9018884
TAGCCCACCCACAA-1,0,True,2.1013892,False,0.5993457,False,0.0,False,0.0,False,0.0,1,False,T_cell,0,607,1986.0,2.2155085
TAGCCCTGCGGAGA-1,2,True,2.2637944,False,0.0,False,0.0,False,0.79300666,False,0.0,1,False,T_cell,2,704,2044.0,4.892368
TAGCCGCTTACGAC-1,0,True,2.5192997,False,0.69977903,True,1.1413363,False,0.5072606,False,0.0,2,True,T_cell,0,947,2796.0,1.2517883
TAGCCGCTTACTTC-1,2,True,2.293902,False,0.55877894,False,0.4190842,True,2.7637444,False,0.0,2,True,NK_or_cytotoxic_T,2,886,2301.0,1.7383747
TAGCCGCTTTCCAT-1,1,False,0.0,False,0.6489226,True,3.2849414,False,0.0,False,0.0,1,False,myeloid,1,1062,3331.0,2.2515762
TAGCTACTGAATAG-1,3,False,0.0,True,2.1934972,False,0.48928413,False,0.0,False,0.0,1,False,B_cell,3,659,1645.0,1.1550152
TAGCTACTGTAGCT-1,0,True,2.4803696,False,0.8080196,True,0.8876104,False,0.0,False,0.0,2,True,T_cell,0,995,2915.0,1.2692968
TAGCTACTTTTGCT-1,2,True,3.1672575,True,1.5532359,False,0.0,False,0.77661794,False,0.0,2,True,T_cell,2,492,1079.0,2.6876738
TAGGACTGTGCTGA-1,0,False,0.96247464,False,0.0,False,0.6355894,False,0.0,False,0.0,0,False,T_cell,0,754,1709.0,2.9842014
TAGGAGCTAAGGCG-1,3,False,0.0,True,2.2640681,False,0.0,False,0.0,False,0.0,1,False,B_cell,3,676,2038.0,3.091266
TAGGAGCTGAGGGT-1,0,True,2.5862346,False,0.8434059,True,0.7897037,False,0.0,False,0.0,2,True,T_cell,0,837,2596.0,1.8489984
TAGGAGCTTGCATG-1,3,False,0.0,True,3.7132006,False,0.56578594,False,0.0,False,0.0,1,False,B_cell,3,532,1163.0,0.7738607
TAGGCAACCGTCTC-1,3,False,0.0,True,2.3740907,False,0.48350132,False,0.0,False,0.0,1,False,B_cell,3,598,1691.0,1.7149616
TAGGCATGCTCTCG-1,5,False,0.0,False,0.6697563,False,0.5023172,False,0.0,False,0.0,0,False,B_cell,5,1274,3106.0,1.3522215
TAGGCATGGCGAGA-1,2,False,0.820778,False,0.7442829,True,0.820778,False,1.3365138,False,0.0,1,False,NK_or_cytotoxic_T,2,921,2403.0,1.2068248
TAGGCTGATGCCTC-1,1,False,0.0,False,0.0,True,3.321889,False,0.6534251,False,0.0,1,False,myeloid,1,700,1640.0,1.4634147
TAGGGACTGAACTC-1,2,False,0.91360223,False,0.0,False,0.0,True,3.6308591,False,0.0,1,False,NK_or_cytotoxic_T,2,828,1919.0,2.7618551
TAGGTCGACACTGA-1,0,True,2.3927655,False,0.0,False,0.4049393,False,0.5399191,False,0.0,1,False,T_cell,0,828,2469.0,2.1871204
TAGGTCGAGGATCT-1,3,False,0.0,True,2.435846,False,0.0,False,0.0,False,0.0,1,False,B_cell,3,543,1221.0,2.047502
TAGGTGACACACTG-1,0,False,1.3884088,False,0.59850645,True,0.8977597,False,0.0,False,0.0,1,False,T_cell,0,815,1991.0,3.6664991
TAGGTGACACGTTG-1,3,False,0.0,True,2.2372546,False,0.46000284,False,0.0,False,0.0,1,False,B_cell,3,709,1889.0,3.8644786
TAGGTGTGTTCTGT-1,0,False,1.2663516,False,0.63866735,False,0.0,False,0.0,False,0.0,0,False,T_cell,0,842,1726.0,3.012746
TAGGTTCTGAAGGC-1,0,True,2.6416793,False,0.7497059,True,0.8092484,False,0.0,False,0.0,2,True,T_cell,0,1200,3539.0,1.8931901
TAGGTTCTTCTTAC-1,4,False,0.0,False,0.77568907,True,2.5209928,False,0.46891248,False,0.0,1,False,myeloid,4,1126,3246.0,2.4645717
TAGGTTCTTGCTGA-1,1,False,0.64435744,False,0.8144773,True,4.862219,False,0.0,False,0.0,1,False,myeloid,1,1327,3808.0,1.8119749
TAGTAAACCTCGCT-1,0,False,1.3666418,False,0.82234615,False,0.52577907,False,0.0,False,0.0,0,False,T_cell,0,849,2781.0,1.9057893
TAGTAAACGTCACA-1,0,False,0.62265664,False,0.41510445,False,0.31132832,False,0.41510445,False,0.0,0,False,T_cell,0,1160,4046.0,2.125556
TAGTAATGAGATCC-1,0,False,0.0,False,0.624895,False,0.4686712,False,0.0,False,0.0,0,False,B_cell,0,707,1814.0,0.82690185
TAGTACCTAAGAAC-1,1,False,0.0,False,0.6492661,True,4.6531444,False,0.0,False,0.0,1,False,myeloid,1,675,1663.0,1.8641009
TAGTATGATCTTAC-1,3,False,0.0,True,2.3573167,False,0.46623456,False,0.0,False,0.0,1,False,B_cell,3,709,1833.0,3.055101
TAGTATGATTCTCA-1,0,True,1.3809929,False,0.8528068,False,0.34524822,False,0.0,False,0.0,1,False,T_cell,0,990,3358.0,2.0250149
TAGTCTTGGCTGTA-1,0,False,0.0,False,0.0,False,0.0,False,0.0,False,0.0,0,False,T_cell,0,270,652.0,0.0
TAGTCTTGGGACTT-1,0,True,2.451389,False,0.0,False,0.0,True,2.4513893,False,0.0,2,True,NK_or_cytotoxic_T,0,445,945.0,1.6931217
TAGTCTTGTGGAAA-1,2,True,1.7107468,True,1.1404979,False,0.4276867,True,2.6951447,False,0.0,3,True,NK_or_cytotoxic_T,2,892,2207.0,3.5342093
TAGTGGTGAAGTGA-1,2,False,0.0,False,0.7988443,False,0.0,True,2.7404957,False,0.0,1,False,NK_or_cytotoxic_T,2,1040,2006.0,3.5892322
TAGTTAGAACCACA-1,2,False,0.0,False,0.6371895,False,0.0,True,2.8221436,False,0.0,1,False,NK_or_cytotoxic_T,2,832,1737.0,1.5544041
TAGTTAGATGAACC-1,0,False,0.8537061,False,0.7685051,True,0.8537061,False,0.56913745,False,0.0,1,False,T_cell,0,815,2217.0,1.5336039
TATAAGACAACAGA-1,2,True,3.0728593,False,0.8048072,False,0.6036054,True,2.7524953,False,0.0,2,True,T_cell,2,437,982.0,4.887984
TATAAGACAGCTCA-1,4,False,0.0,False,0.58739156,False,0.84988683,False,0.4091528,False,0.0,0,False,myeloid,4,1401,4150.0,2.192771
TATAAGTGACACCA-1,4,False,0.0,False,0.80713505,True,1.5665895,False,0.0,False,0.0,1,False,myeloid,4,1341,3900.0,4.307692
TATAAGTGTATCGG-1,1,False,0.0,False,0.807603,True,4.798278,False,0.0,False,0.0,1,False,myeloid,1,480,973.0,1.6443988
TATAAGTGTGGTGT-1,4,False,0.5551743,False,0.73761415,True,1.0434543,False,0.0,False,0.0,1,False,myeloid,4,1517,4913.0,2.4424994
TATACAGAACCCTC-1,2,False,1.2046685,False,0.6007509,False,0.0,False,1.5739988,False,0.0,0,False,NK_or_cytotoxic_T,2,704,1976.0,2.3785424
TATACAGAAGAACA-1,0,False,1.2837689,False,0.0,True,0.974157,False,0.0,False,0.0,1,False,T_cell,0,622,1662.0,1.5643803
TATACAGATCCAGA-1,0,True,2.4778132,False,0.76407045,True,0.84766084,False,0.5651072,False,0.0,2,True,T_cell,0,823,2249.0,1.8230325
TATACCACCTGATG-1,3,False,0.0,True,3.159306,False,0.4509865,False,0.0,False,0.0,1,False,B_cell,3,731,1972.0,3.397566
TATACGCTACCAAC-1,0,True,2.5216513,False,0.9026627,False,0.43363655,False,0.0,False,0.0,1,False,T_cell,0,781,2144.0,1.4925373
TATAGATGGACGGA-1,0,True,2.5459924,False,0.0,False,0.4391007,False,0.58546764,False,0.0,1,False,T_cell,0,849,2088.0,1.4367816
TATAGATGTTCCGC-1,4,False,0.0,False,0.62303317,True,2.9670742,False,0.8273262,False,0.0,1,False,myeloid,4,1209,3650.0,3.1506848
TATCACTGACTGTG-1,1,False,0.0,False,0.0,True,4.8622923,False,0.0,False,0.0,1,False,myeloid,1,511,1289.0,5.508146
TATCCAACCAGCTA-1,1,False,0.0,False,0.0,True,4.9057803,False,0.77773666,False,0.0,1,False,myeloid,1,472,1074.0,1.4897579
TATCCAACTCTCTA-1,2,True,2.5380454,False,0.0,False,0.4509865,False,0.8037275,False,0.6013154,1,False,T_cell,2,838,1973.0,2.7369487
TATCGACTACTAGC-1,2,False,0.0,False,0.6832475,False,0.0,True,3.6281605,False,0.0,1,False,NK_or_cytotoxic_T,2,643,1478.0,2.503383
TATCGACTCGATAC-1,4,False,0.71450967,False,0.6648641,True,1.905369,False,0.0,False,0.0,1,False,myeloid,4,1101,3151.0,2.6023486
TATCGTACAGATGA-1,2,True,2.2042372,False,0.57286334,False,0.42964748,True,1.4694916,False,0.0,2,True,T_cell,2,879,2185.0,2.5171626
TATCGTACATTCCT-1,1,False,0.0,False,0.0,True,3.7208223,False,0.55620265,False,0.0,1,False,myeloid,1,895,2324.0,2.4096384
TATCTCGAGAGATA-1,0,False,1.4465811,False,0.0,False,0.0,False,0.0,False,0.0,0,False,T_cell,0,408,1174.0,1.362862
TATCTGACAGGTTC-1,2,False,1.8197956,False,0.8168068,False,0.46000284,False,1.5404646,False,0.0,0,False,T_cell,2,832,1888.0,2.4894068
TATCTGACTGTTTC-1,2,True,2.4589477,False,0.8360568,False,0.3901046,False,0.8360568,False,0.0,1,False,T_cell,2,845,2662.0,1.2772352
TATCTTCTAAACAG-1,0,True,1.9182632,False,0.0,False,0.36341164,False,0.0,False,0.0,1,False,T_cell,0,928,3051.0,2.0648968
TATGAATGGAGGAC-1,2,True,2.5724125,False,0.5933957,False,0.0,True,2.8825972,False,0.0,2,True,NK_or_cytotoxic_T,2,920,2033.0,1.0329562
TATGAATGTTTGCT-1,4,False,0.0,False,0.0,True,1.404617,False,0.0,False,0.0,1,False,myeloid,4,1269,3725.0,2.577181
TATGCGGATAACCG-1,0,False,1.8110573,False,0.9150435,False,0.0,False,0.0,False,0.0,0,False,T_cell,0,652,1373.0,3.350328
TATGGGTGCATCAG-1,2,False,0.0,False,0.63120496,True,0.6703438,True,3.561436,False,0.0,2,True,NK_or_cytotoxic_T,2,1463,3551.0,1.1827654
TATGGGTGCTAGCA-1,3,False,0.0,True,1.6767436,False,0.0,False,0.0,False,0.0,1,False,B_cell,3,840,2023.0,2.3232822
TATGGTCTCTACCC-1,0,True,2.1410441,False,0.6120042,False,0.45900315,False,0.0,False,0.0,1,False,T_cell,0,706,1898.0,2.4762907
TATGTCACGGAACG-1,3,False,0.0,True,3.2709007,False,0.48649898,False,0.0,False,0.46212313,1,False,B_cell,3,956,3336.0,2.5479617
TATGTCACTAACCG-1,1,False,0.0,False,0.8431697,True,2.3467846,False,0.4525318,False,0.0,1,False,myeloid,1,1219,3467.0,1.817133
TATGTCACTTCTCA-1,3,False,0.0,True,2.0808802,False,0.0,False,0.0,False,0.0,1,False,B_cell,3,612,1388.0,2.9538906
TATGTGCTCCGATA-1,1,False,0.0,False,0.8970908,True,4.459403,False,0.0,False,0.0,1,False,myeloid,1,970,2912.0,1.6483518
TATGTGCTGGATTC-1,0,True,2.1685655,False,0.7603635,False,0.42130667,False,0.0,False,0.0,1,False,T_cell,0,789,2276.0,0.83479786
TATTGCTGAAGAAC-1,1,False,0.0,False,0.0,True,4.1109667,False,0.0,False,0.0,1,False,myeloid,1,382,805.0,3.8509316
TATTGCTGCCGTTC-1,0,False,0.0,False,0.0,False,0.0,False,0.0,False,0.0,0,False,T_cell,0,533,1289.0,4.88751
TATTGCTGTCTGGA-1,0,True,2.3776557,False,0.7855542,False,0.0,False,0.0,False,0.0,1,False,T_cell,0,627,2093.0,2.1022456
TATTGCTGTGCACA-1,2,False,0.0,False,0.0,False,0.0,False,1.3188844,False,0.0,0,False,NK_or_cytotoxic_T,2,388,780.0,3.0769231
TATTTCCTATTGGC-1,1,False,0.0,False,0.6535999,True,3.9827147,False,0.6535999,False,0.0,1,False,myeloid,1,655,1638.0,1.892552
TATTTCCTGGAGGT-1,2,False,0.0,False,0.5632984,False,0.6643074,True,2.4446406,False,0.0,1,False,NK_or_cytotoxic_T,2,1103,2265.0,1.8101546
TATTTCCTGGTGTT-1,0,False,0.85500216,True,1.553509,False,0.42750108,False,0.5700015,False,0.0,1,False,B_cell,0,782,2209.0,0.905387
TCAACACTGTTTGG-1,2,False,0.0,False,0.70283383,False,0.0,True,3.9811695,False,0.0,1,False,NK_or_cytotoxic_T,2,1231,2765.0,2.4231465
TCAAGGACAGCGTT-1,0,True,2.526327,False,0.0,False,0.0,False,0.0,False,0.0,1,False,T_cell,0,617,1738.0,1.4959724
TCAAGGACATTCTC-1,2,True,2.5397277,False,0.74034727,False,0.0,True,1.9869082,False,0.0,2,True,T_cell,2,589,1218.0,1.8062398
TCAAGGACGGTGTT-1,1,False,0.0,False,0.5877248,True,4.2145677,True,1.1754496,False,0.0,2,True,myeloid,1,758,2074.0,1.0125362
TCAATCACACTCTT-1,2,False,1.4914285,False,0.77970564,False,0.0,False,1.6036193,False,0.5793378,0,False,NK_or_cytotoxic_T,2,882,2134.0,2.764761
TCAATCACAGTCGT-1,4,False,0.0,False,0.72297734,True,2.5805066,False,0.52800363,False,0.0,1,False,myeloid,4,909,2583.0,3.2133176
TCACAACTATGTGC-1,0,False,1.425735,False,0.62072575,True,0.9310886,False,0.0,False,0.0,1,False,T_cell,0,661,1839.0,1.9575857
TCACAACTTTGCTT-1,1,False,1.0815598,False,0.93235517,True,4.9086704,False,0.0,False,0.0,1,False,myeloid,1,558,1300.0,3.3846154
TCACATACACTTTC-1,0,True,2.5922668,False,0.93465316,False,0.0,True,1.0564181,False,0.0,2,True,T_cell,0,947,2580.0,1.5891473
TCACATACAGGGTG-1,0,True,2.7443004,False,0.7440352,False,0.5580264,False,0.0,False,0.0,1,False,T_cell,0,491,1203.0,1.6625104
TCACCCGAGACGGA-1,1,False,0.0,False,0.7833285,True,3.9091864,False,0.6978662,False,0.40510485,1,False,myeloid,1,1386,4220.0,2.156398
TCACCGTGCTCGCT-1,4,False,0.0,True,1.2129071,True,1.4575187,False,0.6743645,False,0.0,2,True,myeloid,4,1481,4576.0,3.4965034
TCACCTCTACGACT-1,2,True,2.3408122,False,0.0,True,0.8697799,False,1.1741161,False,0.0,2,True,T_cell,2,823,2131.0,3.613327
TCACCTCTTCCAAG-1,4,False,0.0,False,0.9128932,True,2.9895709,False,0.5098888,False,0.5098888,1,False,myeloid,4,1064,2765.0,2.567812
TCACGAGAGGAGGT-1,3,False,0.0,True,2.8308096,False,0.0,False,0.0,False,0.0,1,False,B_cell,3,681,1644.0,1.946472
TCACTATGGGGCAA-1,2,True,2.3934746,False,0.0,False,0.51979476,False,1.1223354,False,0.0,1,False,T_cell,2,652,1431.0,1.8867924
TCACTATGGTTGTG-1,3,False,0.0,True,1.7289866,False,0.0,False,0.0,False,0.0,1,False,B_cell,3,363,808.0,0.6188119
TCAGACGACGCTAA-1,0,True,2.3973181,False,0.5579561,False,0.0,False,0.5579561,False,0.0,1,False,T_cell,0,824,2309.0,1.255955
TCAGACGACGTTAG-1,2,False,0.0,False,0.59216905,True,1.577107,True,2.2356892,False,0.0,2,True,NK_or_cytotoxic_T,2,933,2038.0,1.9136409
TCAGAGACTCCAGA-1,0,True,2.0553455,False,0.0,False,0.0,False,0.0,False,0.0,1,False,T_cell,0,611,2093.0,1.4811275
TCAGCAGACTCCAC-1,0,False,0.78334355,False,0.5222291,False,0.39167178,False,0.0,False,0.0,0,False,T_cell,0,886,2640.0,1.0984849
TCAGCGCTCTAGTG-1,2,True,2.1980777,False,0.63024807,False,0.0,False,1.0522937,False,0.0,1,False,T_cell,2,806,1781.0,2.695115
TCAGCGCTGGATCT-1,3,False,0.0,True,3.0059426,False,0.54491043,False,0.0,False,0.0,1,False,B_cell,3,531,1276.0,2.0376177
TCAGCGCTGGTATC-1,2,True,2.7618306,False,0.0,False,0.0,True,1.7829591,False,0.0,2,True,T_cell,2,864,2363.0,3.0046551
TCAGGATGAAGTAG-1,0,True,2.6099167,False,0.65729904,False,0.0,False,0.0,False,0.0,1,False,T_cell,0,648,1623.0,1.2322859
TCAGGATGCCTTTA-1,4,False,0.0,False,0.87528557,True,1.7233739,False,0.6675293,False,0.47868687,1,False,myeloid,4,1142,3122.0,2.5944908
TCAGTGGAAGATCC-1,2,True,2.7428043,False,0.8510716,False,0.0,False,1.293121,False,0.0,1,False,T_cell,2,736,1688.0,1.8957347
TCAGTTACCTACGA-1,1,False,0.0,False,0.72389406,True,5.1939583,False,0.0,False,0.0,1,False,myeloid,1,955,2574.0,2.6806526
TCAGTTACTAGAAG-1,0,False,0.0,False,0.7655406,False,0.57415545,False,0.0,False,0.0,0,False,B_cell,0,826,2239.0,1.2505583
TCATCAACCCGATA-1,0,True,2.867687,False,0.0,False,0.0,False,0.0,False,0.0,1,False,T_cell,0,725,2340.0,2.2222223
TCATCAACTGTTCT-1,1,False,0.0,False,0.5940115,True,3.4630988,False,0.0,False,0.414811,1,False,myeloid,1,1174,4052.0,2.739388
TCATCATGCAGTTG-1,0,True,3.3857949,False,0.56876814,False,0.4265761,False,0.56876814,False,0.0,1,False,T_cell,0,841,2220.0,1.3513514
TCATCCCTTACTGG-1,0,True,2.7311804,False,0.6956236,False,0.37767094,False,0.9053242,False,0.0,1,False,T_cell,0,1006,2834.0,1.3761468
TCATTCGATACAGC-1,4,False,0.0,False,0.6707835,True,2.3107598,False,0.0,False,0.0,1,False,myeloid,4,1418,4631.0,2.979918
TCCACGTGGAAACA-1,0,True,1.8787518,False,0.779988,True,1.0631548,False,0.0,False,0.0,2,True,T_cell,0,955,3201.0,1.5932521
TCCACTCTACACTG-1,0,True,2.2616343,False,1.007471,True,0.8862202,False,0.5908135,False,0.0,2,True,T_cell,0,829,2049.0,0.6832601
TCCACTCTGAGCTT-1,1,False,0.0,False,1.0450463,True,4.1474676,False,0.47370133,False,0.0,1,False,myeloid,1,1038,3186.0,2.5109856
TCCACTCTTACTTC-1,3,False,0.0,True,2.2126293,False,0.50893086,False,0.0,False,0.0,1,False,B_cell,3,632,1502.0,0.73235685
TCCATAACAAAGTG-1,0,False,1.3362837,True,1.1355724,False,0.0,False,0.0,False,0.0,1,False,T_cell,0,750,2226.0,2.2461815
TCCATAACCGTAGT-1,3,False,0.0,True,3.6230998,False,0.0,False,0.0,False,0.0,1,False,B_cell,3,846,2093.0,1.0033444
TCCATAACGATGAA-1,0,True,2.0691454,False,0.5308969,True,0.7963453,False,0.0,False,0.0,2,True,T_cell,0,1033,2555.0,1.6046968
TCCATAACTACGCA-1,0,False,0.8053596,False,0.73288274,True,0.95234185,True,1.0738128,False,0.5369064,2,True,NK_or_cytotoxic_T,0,859,2497.0,1.7621145
TCCATCCTCCCTAC-1,2,False,1.6266507,False,0.0,False,0.0,True,2.3175917,False,0.59586835,1,False,NK_or_cytotoxic_T,2,890,2010.0,2.1393034
TCCCACGATCATTC-1,0,False,0.78364366,False,0.7167597,True,0.78364366,False,0.0,False,0.5224291,1,False,T_cell,0,893,2636.0,1.0622154
TCCCATCTCAAAGA-1,1,False,0.7065273,True,1.2492224,True,5.149399,False,0.0,False,0.0,2,True,myeloid,1,1030,3217.0,1.9894311
TCCCGAACACAGTC-1,2,False,0.0,False,0.9713578,False,0.47961915,True,3.0971675,False,0.0,1,False,NK_or_cytotoxic_T,2,913,1722.0,3.5423927
TCCCGAACTTCGCC-1,4,False,0.0,False,0.5852695,True,0.9885198,True,0.8146851,False,0.0,2,True,myeloid,4,1385,4180.0,2.4162679
TCCCGATGAGATCC-1,0,False,1.4437715,False,0.8365178,False,0.62738836,False,0.0,False,0.0,0,False,T_cell,0,750,1773.0,2.0868585
TCCCGATGCCTGAA-1,1,False,0.0,False,0.8637309,True,4.2203255,False,0.0,False,0.0,1,False,myeloid,1,416,810.0,2.0987654
TCCCGATGCTGTGA-1,2,True,2.3338337,False,0.6134857,False,0.46011427,False,0.0,False,0.0,1,False,T_cell,2,740,1888.0,5.243644
TCCCTACTCAACTG-1,3,False,0.0,True,2.6637695,False,0.0,False,0.0,False,0.0,1,False,B_cell,3,703,1717.0,1.456028
TCCGAAGACAATCG-1,1,False,0.0,False,0.0,True,4.760747,False,0.76972723,False,0.0,1,False,myeloid,1,522,1103.0,1.631913
TCCGAAGACGTTAG-1,0,False,1.0385195,False,0.50064737,False,0.0,False,0.0,False,0.0,0,False,T_cell,0,856,2866.0,1.7445918
TCCGGACTGAGGTG-1,0,True,2.1271648,False,0.5488701,False,0.5596108,False,0.0,False,0.0,1,False,T_cell,0,914,2387.0,0.8797654
TCCGGACTGTACGT-1,2,True,1.8172061,False,0.9337237,False,0.45430154,True,1.9043416,False,0.6057354,2,True,NK_or_cytotoxic_T,2,742,1942.0,2.6261587
TCCTAAACATCGAC-1,0,False,0.0,False,0.0,False,0.0,False,0.0,False,0.0,0,False,T_cell,0,381,893.0,0.7838746
TCCTAAACCGAGAG-1,0,True,2.5418236,False,0.46325144,False,0.0,False,0.46325144,False,0.0,1,False,T_cell,0,1079,3321.0,2.649804
TCCTAAACCGCATA-1,2,False,0.0,False,0.0,False,0.0,True,3.9277391,False,0.0,1,False,NK_or_cytotoxic_T,2,671,1386.0,2.1645021
TCCTAATGGTTTGG-1,2,True,2.6069405,False,0.71420234,False,0.3901046,True,1.9477968,False,0.0,2,True,T_cell,2,1101,2660.0,1.6917294
TCCTACCTGTCGTA-1,0,True,1.9009707,False,0.8541229,False,0.40180042,False,0.0,False,0.0,1,False,T_cell,0,858,2508.0,1.0366826
TCCTATGAAAAGCA-1,2,True,2.9640489,False,0.87857366,False,0.50294733,False,1.3608145,False,0.0,1,False,T_cell,2,663,1545.0,2.2006474
TCGAATCTCTGGTA-1,2,True,2.8069115,False,1.0591916,False,0.0,False,1.4820237,False,0.0,1,False,T_cell,2,581,1305.0,2.3754787
TCGACCTGCCGATA-1,4,False,0.8615559,False,0.5743706,True,2.8597627,False,0.0,False,0.0,1,False,myeloid,4,845,2173.0,1.4726186
TCGACGCTTCTATC-1,1,False,0.7983797,False,0.85010207,True,4.5162525,False,0.0,False,0.53225315,1,False,myeloid,1,881,2541.0,1.0232192
TCGACGCTTTGACG-1,0,False,1.7468153,False,0.5717392,False,0.57852393,False,0.0,False,0.0,0,False,T_cell,0,823,2196.0,3.187614
TCGAGAACGACAGG-1,0,False,0.0,False,0.0,False,0.0,False,0.0,False,0.0,0,False,T_cell,0,835,2496.0,4.3269234
TCGAGAACGTTAGC-1,0,True,2.6550171,False,0.4584075,False,0.3438056,False,0.0,False,0.0,1,False,T_cell,0,1290,3384.0,1.5957447
TCGAGCCTATCAGC-1,3,False,0.0,True,2.8086295,True,1.1787857,False,0.0,False,0.0,2,True,B_cell,3,598,1489.0,2.2162526
TCGAGCCTGCGAGA-1,2,True,1.8692052,False,0.46961197,False,0.58239365,False,1.0398816,False,0.0,1,False,T_cell,2,1130,3237.0,2.4405313
TCGAGCCTTGTGAC-1,0,True,1.8680558,False,0.84210896,False,0.39401305,False,0.0,False,0.0,1,False,T_cell,0,793,2608.0,3.3358893
TCGATACTATTCCT-1,0,True,2.0927277,False,0.0,False,0.0,False,0.7343113,False,0.0,1,False,T_cell,0,838,2486.0,1.367659
TCGATACTTGCACA-1,0,True,2.175056,False,1.0439715,False,0.0,False,0.0,False,0.0,1,False,T_cell,0,765,1825.0,2.1369863
TCGATTTGATGCCA-1,1,False,0.0,False,0.5817965,True,4.8940525,True,1.364197,False,0.0,2,True,myeloid,1,768,2116.0,1.1814746
TCGATTTGCACTCC-1,0,False,1.5213099,False,0.7318163,True,1.3527821,False,0.0,False,0.0,1,False,T_cell,0,815,2506.0,1.0774142
TCGATTTGCAGCTA-1,2,False,0.0,False,0.0,False,0.0,True,3.3129501,False,0.0,1,False,NK_or_cytotoxic_T,2,810,1686.0,2.3724792
TCGATTTGCCTACC-1,1,False,0.0,False,0.56126547,True,4.242544,False,0.56126547,False,0.0,1,False,myeloid,1,912,2281.0,2.8057868
TCGATTTGTCGTGA-1,3,False,0.7692549,True,2.8771987,False,0.38462746,False,0.0,False,0.0,1,False,B_cell,3,818,2737.0,1.8633541
TCGCACACCATCAG-1,1,False,0.0,False,1.0515765,True,4.3456173,False,0.0,False,0.0,1,False,myeloid,1,468,891.0,7.631874
TCGCAGCTAGATCC-1,2,True,1.7520556,False,0.5840186,False,0.0,False,1.070714,False,0.0,1,False,T_cell,2,790,2098.0,2.383222
TCGCCATGAGACTC-1,0,False,1.4198815,False,0.61722964,False,0.0,False,0.0,False,0.0,0,False,T_cell,0,665,1864.0,1.7703863
TCGCCATGTGGTCA-1,3,False,0.0,True,3.6969771,False,0.49782708,False,0.0,False,0.0,1,False,B_cell,3,703,1582.0,1.7699115
TCGGACCTAACAGA-1,0,True,2.5589213,False,0.8971976,True,0.74519086,False,0.0,False,0.0,2,True,T_cell,0,875,2910.0,1.1340207
TCGGACCTATAAGG-1,3,False,0.0,True,3.9618578,False,0.52936316,False,0.0,False,0.0,1,False,B_cell,3,657,1368.0,1.1695907
TCGGACCTGTACAC-1,0,True,2.0726533,True,1.1067321,False,0.0,False,0.0,False,0.34153962,2,True,T_cell,0,1567,5600.0,1.4285715
TCGGTAGAGTAGGG-1,0,True,3.1906362,False,0.78397274,False,0.0,False,0.0,False,0.0,1,False,T_cell,0,688,2104.0,1.5209125
TCGGTAGATCCCAC-1,3,False,0.0,True,3.2756996,False,0.0,False,0.0,False,0.0,1,False,B_cell,3,749,2177.0,1.7455213
TCGTAGGATCGACA-1,0,True,1.7783353,False,0.0,False,0.0,False,0.0,False,0.0,1,False,T_cell,0,1076,2905.0,3.1325302
TCGTGAGAACTGTG-1,3,False,0.0,True,3.37387,False,0.70017177,False,0.9335624,False,0.0,1,False,B_cell,3,326,649.0,7.241911
TCGTTATGGACAAA-1,0,False,1.3498759,False,0.7757818,True,0.8636413,False,0.0,False,0.0,1,False,T_cell,0,782,2162.0,1.2488437
TCTAACACCAGTTG-1,2,False,0.0,False,0.0,False,0.58079547,False,1.5713333,False,0.0,0,False,NK_or_cytotoxic_T,2,543,1090.0,3.6697247
TCTAACACGAGCAG-1,5,False,0.0,False,0.9967673,True,1.4869813,True,0.9485163,False,0.0,2,True,myeloid,5,1100,3182.0,1.6027656
TCTAACTGAACCAC-1,0,True,2.2716775,False,0.0,True,0.9870919,False,0.5588967,False,0.0,2,True,T_cell,0,841,2303.0,2.648719
TCTAAGCTAATGCC-1,0,True,2.1929693,False,0.85351,False,0.6401325,False,0.0,False,0.0,1,False,T_cell,0,809,2515.0,1.2723658
TCTAAGCTTAGTCG-1,2,True,2.1916428,False,0.6281875,False,0.4711406,False,1.5909419,False,0.0,1,False,T_cell,2,789,1791.0,1.7867112
TCTAAGCTTCTAGG-1,4,False,0.0,False,0.6129662,True,1.9697144,False,0.0,False,0.0,1,False,myeloid,4,1263,3782.0,1.6922263
TCTAAGCTTGTTCT-1,1,False,0.0,False,0.5904083,True,4.728168,False,0.0,False,0.5904083,1,False,myeloid,1,758,2052.0,2.4853802
TCTAAGCTTTCGCC-1,3,False,0.0,True,3.1875563,False,0.0,False,0.0,False,0.0,1,False,B_cell,3,368,686.0,0.8746356
TCTACAACGACTAC-1,1,False,0.0,False,0.5299628,True,4.5169125,False,0.0,False,0.0,1,False,myeloid,1,1022,2564.0,2.2620904
TCTAGACTTAGAAG-1,1,False,0.0,False,1.0429251,True,4.806278,False,0.0,False,0.0,1,False,myeloid,1,730,1834.0,3.7077427
TCTAGTTGCACCAA-1,4,False,0.0,False,0.46446204,True,3.184132,False,0.0,False,0.0,1,False,myeloid,4,1101,3303.0,1.3321223
TCTATGTGAAGAGT-1,1,False,0.0,False,0.0,True,3.5930367,False,0.0,False,0.0,1,False,myeloid,1,478,1131.0,1.6799294
TCTATGTGAGTCTG-1,2,False,1.221836,False,0.0,False,0.0,False,1.0308093,False,0.0,0,False,T_cell,2,488,951.0,2.9442692
TCTCAAACCTAAGC-1,3,False,0.0,False,1.5647833,False,0.0,False,0.0,False,0.0,0,False,B_cell,3,618,1479.0,1.6903313
TCTCTAGAATTTCC-1,0,True,3.1263804,False,0.5138924,False,0.5304108,False,0.5138924,False,0.0,1,False,T_cell,0,940,2723.0,1.2118987
TCTGATACACGTGT-1,0,True,2.3238878,False,0.76728857,False,0.42602348,False,0.0,False,0.0,1,False,T_cell,0,771,2225.0,2.0674157
TCTGATACTCGCCT-1,0,True,1.6262885,False,0.86145586,False,0.0,False,0.0,False,0.0,1,False,T_cell,0,784,2451.0,3.3455734
TCTTACGAACCTGA-1,1,False,0.0,False,0.0,True,4.658409,False,0.5767773,False,0.0,1,False,myeloid,1,847,2156.0,2.5046382
TCTTCAGAGCTACA-1,1,False,0.0,False,0.9551375,True,2.973126,False,0.44141823,False,0.0,1,False,myeloid,1,1303,3625.0,1.9586208
TCTTGATGCGGAGA-1,2,True,2.708827,False,0.0,False,0.4215753,False,1.4614685,False,0.0,1,False,T_cell,2,821,2273.0,2.199736
TGAAATTGGTGAGG-1,1,False,0.0,False,0.7664804,True,4.371165,False,0.64763874,False,0.46122503,1,False,myeloid,1,1111,3348.0,2.4790921
TGAACCGAAAACGA-1,0,True,2.0197735,False,0.0,False,0.0,False,0.5733647,False,0.0,1,False,T_cell,0,752,2185.0,2.6086955
TGAACCGACTACTT-1,4,False,0.0,False,0.8083324,True,1.5606122,False,0.0,False,0.0,1,False,myeloid,4,1128,2913.0,1.4418126
TGAACCGATTCGGA-1,4,False,0.75042886,False,0.9013952,True,1.4789481,False,0.6919396,False,0.0,1,False,myeloid,4,958,2871.0,2.020202
TGAAGCACTCACGA-1,2,False,1.2187269,False,0.0,False,0.0,True,2.1873236,False,0.0,1,False,NK_or_cytotoxic_T,2,742,1917.0,2.5560772
TGAAGCTGAACGAA-1,0,False,1.0966614,False,0.5353091,True,0.80296355,False,0.5353091,False,0.0,1,False,T_cell,0,782,2514.0,2.108194
TGAAGCTGAGACTC-1,0,False,1.4288199,False,0.0,False,0.0,False,0.0,False,0.0,0,False,T_cell,0,279,609.0,6.0755334
TGAAGCTGCATGGT-1,3,False,0.0,True,1.9352669,False,0.0,False,0.0,False,0.0,1,False,B_cell,3,824,2029.0,1.9221292
TGAAGCTGCGTAAC-1,0,True,1.7216011,False,0.897768,False,0.0,False,0.0,False,0.0,1,False,T_cell,0,751,2178.0,2.3875115
TGAATAACCACTTT-1,0,True,2.7716079,False,0.0,False,0.39531124,False,0.0,False,0.0,1,False,T_cell,0,872,2591.0,1.7367812
TGAATAACTCCCAC-1,2,False,1.16829,False,1.7769402,True,0.86785,True,2.0211182,False,0.0,2,True,NK_or_cytotoxic_T,2,939,2142.0,4.528478
TGACACGACCTTAT-1,3,False,0.0,True,2.2986412,False,0.6641021,False,0.0,False,0.0,1,False,B_cell,3,606,1510.0,1.9205298
TGACCAGACAACCA-1,0,False,1.5728207,False,0.626928,False,0.47019595,False,0.0,False,0.0,0,False,T_cell,0,698,1800.0,1.1111112
TGACCAGAGGATTC-1,0,False,1.4047201,False,0.6081943,False,0.0,False,0.0,False,0.0,0,False,T_cell,0,705,1923.0,2.4440978
TGACCGCTAAAAGC-1,0,True,2.2497125,True,1.1641121,False,0.36530745,False,0.0,False,0.0,2,True,T_cell,0,963,3021.0,1.4233698
TGACCGCTCTGCAA-1,0,False,1.4042318,False,0.6079037,False,0.0,False,0.0,False,0.0,0,False,T_cell,0,607,1926.0,1.6095533
TGACGATGCAAAGA-1,1,False,0.0,False,0.6546512,True,4.877882,False,0.0,False,0.0,1,False,myeloid,1,621,1634.0,1.7135862
TGACGCCTGTACCA-1,0,True,2.1323376,True,1.1495147,False,0.47994992,False,0.35945448,False,0.0,2,True,T_cell,0,1650,5159.0,2.9656909
TGACGCCTTTACTC-1,0,True,2.050861,False,0.71990675,False,0.53993005,False,0.0,False,0.0,1,False,T_cell,0,1093,2613.0,0.8802143
TGACTGGAAGAGAT-1,1,False,0.0,False,0.6904199,True,4.668651,False,0.0,False,0.0,1,False,myeloid,1,545,1442.0,2.21914
TGACTGGACCGTAA-1,0,True,2.042117,False,1.1806533,False,0.0,False,0.6807057,False,0.0,1,False,T_cell,0,670,1494.0,0.46854085
TGACTGGACGCAAT-1,0,True,3.0395794,False,1.0566322,False,0.8461507,False,0.0,False,0.0,1,False,T_cell,0,617,1756.0,1.6514806
TGACTGGAGGACAG-1,3,False,0.92902756,True,2.9645324,False,0.6175014,False,0.0,False,0.0,1,False,B_cell,3,723,1852.0,2.1598272
TGACTGGATTCTCA-1,0,True,2.4837112,False,0.59223706,False,0.0,False,0.41329277,False,0.0,1,False,T_cell,0,1194,4076.0,1.9627085
TGACTTACACACCA-1,0,True,2.126976,True,1.6942092,True,0.6943119,False,0.0,False,0.0,3,True,T_cell,0,1019,3324.0,0.9025271
TGACTTACAGTCTG-1,1,False,0.6145833,False,0.5880586,True,5.1531057,False,0.0,False,0.4097222,1,False,myeloid,1,1291,4136.0,1.910058
TGACTTTGCGCATA-1,0,True,2.4384687,False,0.7511847,False,0.0,False,0.0,False,0.0,1,False,T_cell,0,758,2348.0,1.362862
TGACTTTGTTTGTC-1,0,True,1.9786577,False,0.5603151,True,0.8404726,False,0.0,False,0.0,2,True,T_cell,0,855,2289.0,1.5727391
TGAGACACAAGGTA-1,0,True,1.3345559,False,0.7245261,False,0.27023253,False,0.6410394,False,0.0,1,False,T_cell,0,1549,5138.0,1.3234721
TGAGACACTCAAGC-1,2,False,1.4319261,False,0.0,False,0.4683211,True,2.0003407,False,0.0,1,False,NK_or_cytotoxic_T,2,743,1816.0,3.9647574
TGAGACACTGTGCA-1,0,False,1.3202722,False,0.0,False,0.0,False,0.0,False,0.0,0,False,T_cell,0,411,769.0,6.5019503
TGAGCTGAATGCTG-1,4,False,0.0,False,0.78714466,True,2.4336476,False,0.70156544,False,0.0,1,False,myeloid,4,1372,4165.0,2.0408163
TGAGCTGACTGGAT-1,1,False,0.0,False,0.5795954,True,5.123587,False,0.0,True,1.3595834,2,True,myeloid,1,802,2132.0,3.283302
TGAGCTGAGCGAGA-1,0,False,0.0,False,0.0,False,0.0,False,0.0,False,0.0,0,False,T_cell,0,280,664.0,5.421687
TGAGCTGATGCTAG-1,1,False,0.0,False,0.92686456,True,3.7816188,False,0.0,False,0.0,1,False,myeloid,1,337,661.0,3.3282905
TGAGGACTCTCATT-1,1,False,0.0,False,0.9516022,True,4.9095025,False,0.0,False,0.43866986,1,False,myeloid,1,1121,3669.0,4.0337963
TGAGGACTTCATTC-1,0,True,1.9081801,False,0.4814732,False,0.3611049,False,0.0,False,0.0,1,False,T_cell,0,1028,3089.0,1.8452574
TGAGGTACGAACCT-1,4,False,0.0,False,0.96038795,True,1.9953816,False,0.37760437,False,0.0,1,False,myeloid,4,1524,4755.0,2.8601472
TGAGTCGAGTTACG-1,3,False,0.0,True,2.4027243,True,1.0564821,False,0.0,False,0.0,2,True,B_cell,3,645,1377.0,2.4691358
TGAGTGACTGAGCT-1,0,True,2.213024,False,0.5412228,False,0.4059171,False,0.0,False,0.0,1,False,T_cell,0,847,2457.0,1.9129019
TGATAAACGAATCC-1,0,True,2.19085,False,0.5345676,False,0.40092567,False,0.0,False,0.0,1,False,T_cell,0,866,2519.0,2.1437078
TGATAAACTCCGTC-1,2,False,0.8821881,False,0.0,False,0.44109404,True,3.5200741,False,0.0,1,False,NK_or_cytotoxic_T,2,941,2068.0,1.7891682
TGATAAACTTTCAC-1,0,True,2.7582846,False,0.6083397,False,0.6085311,False,0.6083397,False,0.0,1,False,T_cell,0,751,1922.0,1.8210196
TGATACCTCACTAG-1,1,False,0.0,False,0.0,True,4.7949424,False,0.0,False,0.0,1,False,myeloid,1,583,1506.0,1.3280213
TGATACCTGTTGGT-1,0,True,2.8123515,False,0.0,False,0.0,False,0.56913745,False,0.0,1,False,T_cell,0,796,2216.0,1.534296
TGATACCTTATGCG-1,0,True,1.9876864,False,0.76194596,False,0.42238376,False,0.0,False,0.0,1,False,T_cell,0,793,2264.0,2.3409894
TGATACCTTGAAGA-1,0,True,2.019401,False,0.88129205,False,0.36272225,False,0.0,False,0.0,1,False,T_cell,0,975,3063.0,1.2732614
TGATATGAACCTTT-1,0,True,2.4673762,False,0.6831492,False,0.0,False,0.0,False,0.0,1,False,T_cell,0,936,2958.0,1.7241379
TGATCACTAGCATC-1,2,False,0.0,False,0.0,False,0.0,True,2.092852,False,0.0,1,False,NK_or_cytotoxic_T,2,524,1110.0,4.5945945
TGATCACTCTCGCT-1,0,False,1.4247115,False,0.0,False,0.46508557,False,0.0,False,0.0,0,False,T_cell,0,659,1843.0,2.4416711
TGATCACTTCTACT-1,3,False,0.9509049,True,2.4382553,False,0.47545245,False,0.0,False,0.0,1,False,B_cell,3,607,1756.0,2.6765375
TGATCGGACTGACA-1,4,False,0.0,True,0.9884745,True,1.1625078,False,0.0,False,0.0,2,True,myeloid,4,1433,4211.0,3.6333413
TGATCGGAGGAGCA-1,3,False,0.0,True,3.2436564,False,0.0,False,0.0,False,0.0,1,False,B_cell,3,562,1352.0,1.2573965
TGATCGGATATGCG-1,4,False,0.0,False,0.6739852,True,1.3233057,False,0.0,False,0.0,1,False,myeloid,4,696,1526.0,3.6697247
TGATTAGACATTGG-1,0,True,1.6852267,False,0.7603635,False,0.42130667,False,0.0,False,0.0,1,False,T_cell,0,927,2278.0,1.3169447
TGATTAGATGACTG-1,3,False,0.0,True,3.2554317,False,0.5634839,False,0.0,False,0.0,1,False,B_cell,3,517,1175.0,2.9787235
TGATTAGATGCTAG-1,0,False,0.8489344,False,0.5659563,False,0.4244672,False,0.0,False,0.0,0,False,T_cell,0,719,2242.0,1.8287244
TGATTCACTATGCG-1,0,True,2.4640582,False,0.61156154,False,0.45867112,False,0.0,False,0.0,1,False,T_cell,0,599,1901.0,2.3145714
TGATTCACTGTCAG-1,3,False,0.0,True,2.8731833,False,0.47826084,False,0.0,False,0.0,1,False,B_cell,3,639,1733.0,1.5002885
TGATTCTGCCGAAT-1,0,True,1.9046707,False,0.9469249,False,0.5021076,False,0.4804034,False,0.0,1,False,T_cell,0,977,3102.0,1.8052869
TGATTCTGCTCTTA-1,0,True,2.51085,True,1.0096976,True,0.9922929,False,0.0,False,0.0,3,True,T_cell,0,1019,2820.0,1.3829787
TGCAAGTGAGAACA-1,0,True,2.0691242,False,0.7903534,False,0.0,False,0.0,False,0.0,1,False,T_cell,0,816,2063.0,2.908386
TGCAAGTGGGTAGG-1,1,False,0.0,False,0.6426519,True,4.3516164,False,0.0,False,0.6426519,1,False,myeloid,1,672,1705.0,1.8181818
TGCAATCTTCAGGT-1,5,False,0.0,False,0.7292975,True,1.5074784,False,0.31635338,False,0.475697,1,False,myeloid,5,1903,6317.0,1.693842
TGCACAGACGACAT-1,2,False,0.81118107,False,0.5407874,False,0.40559053,True,2.8831918,False,0.0,1,False,NK_or_cytotoxic_T,2,1162,2463.0,2.8014617
TGCCAAGAGCAGTT-1,4,False,0.0,False,0.9663805,True,2.0970173,False,0.68740714,False,0.0,1,False,myeloid,4,964,2914.0,1.6129031
TGCCAAGATCTCTA-1,0,True,2.1908574,False,0.79025555,False,0.50273705,False,0.0,False,0.0,1,False,T_cell,0,936,3094.0,1.7453136
TGCCACTGAACGTC-1,0,False,1.0724671,False,0.5208338,False,0.0,False,0.0,False,0.0,0,False,T_cell,0,947,2656.0,0.75301206
TGCCACTGCGATAC-1,2,False,1.2109364,False,0.6045869,False,0.0,False,1.4295526,False,0.0,0,False,NK_or_cytotoxic_T,2,989,1949.0,1.2827091
TGCCAGCTTGGCAT-1,0,False,1.3453691,False,0.9871058,False,0.0,False,0.0,False,0.0,0,False,T_cell,0,790,2184.0,1.3736264
TGCCCAACAGCAAA-1,0,False,0.761311,False,0.70009345,False,0.3806555,False,0.0,False,0.0,0,False,T_cell,0,902,2794.0,1.2168933
TGCCCAACCGCATA-1,4,False,0.7600524,False,0.69915146,True,2.5607038,False,0.0,False,0.5067016,1,False,myeloid,4,982,2799.0,3.251161
TGCCGACTCTCCCA-1,3,False,0.0,True,2.712552,False,0.4585606,False,0.0,False,0.0,1,False,B_cell,3,673,1904.0,2.2058823
TGCGAAACAGTCAC-1,3,False,0.0,True,2.2718792,True,1.3956735,False,0.0,False,0.0,2,True,B_cell,3,856,2339.0,2.4796922
TGCGAAACGTTGCA-1,3,False,0.0,True,3.1909215,False,0.52164036,False,0.0,False,0.0,1,False,B_cell,3,629,1420.0,3.2394364
TGCGATGAACGGTT-1,0,True,2.1740913,False,0.62257,False,0.46692747,False,0.0,False,0.0,1,False,T_cell,0,692,1829.0,2.2963367
TGCGATGACCTCGT-1,0,False,0.8527834,False,0.5685223,True,1.0022631,False,0.0,False,0.0,1,False,myeloid,0,843,2220.0,2.027027
TGCGATGACTAGTG-1,3,False,0.0,True,2.8213782,False,0.52086926,False,0.50255513,False,0.0,1,False,B_cell,3,940,2846.0,1.8973999
TGCGATGACTGCTC-1,3,False,0.8358796,True,2.9853623,True,1.4024389,False,0.0,False,0.0,2,True,B_cell,3,795,2314.0,1.9446846
TGCGATGACTTGCC-1,3,False,0.0,True,2.434163,True,1.05846,False,0.0,False,0.0,2,True,B_cell,3,780,1951.0,1.2813941
TGCGATGAGTGCTA-1,1,False,0.0,False,0.81264347,True,4.457796,False,0.6095063,False,0.0,1,False,myeloid,1,821,1915.0,2.3498695
TGCGCACTCTTGAG-1,1,False,0.0,False,0.78282833,True,4.6722417,False,0.0,False,0.0,1,False,myeloid,1,471,1059.0,1.7941455
TGCGTAGAATAAGG-1,1,False,0.0,False,0.66267943,True,4.467905,False,0.0,False,0.0,1,False,myeloid,1,702,1588.0,2.833753
TGCGTAGACGGGAA-1,3,False,0.0,True,2.9774165,False,0.0,False,0.0,False,0.0,1,False,B_cell,3,631,1553.0,2.189311
TGCGTAGATGGTCA-1,4,False,0.0,False,0.70506835,True,2.5682101,False,0.0,False,0.0,1,False,myeloid,4,1557,5486.0,2.770689
TGCTAGGAAACCGT-1,2,True,2.8179078,False,0.0,False,0.0,False,0.0,False,0.0,1,False,T_cell,2,868,2223.0,2.4291499
TGCTAGGATAGTCG-1,0,False,0.7261958,False,0.8818996,True,0.8683737,False,0.0,False,0.0,1,False,B_cell,0,901,3056.0,1.7342932
TGCTATACGGTTCA-1,1,False,0.0,False,0.581147,True,2.6536827,False,0.0,False,0.0,1,False,myeloid,1,798,2123.0,2.5435705
TGCTATACTGCTGA-1,2,False,0.79185146,False,0.72286296,False,0.39592573,True,2.4515495,False,0.0,1,False,NK_or_cytotoxic_T,2,1020,2583.0,2.942315
TGCTGAGAGAGCAG-1,2,False,0.8975503,False,0.59836686,False,0.44877514,True,4.459934,False,0.0,1,False,NK_or_cytotoxic_T,2,885,1992.0,3.4136546
TGCTGAGATTATCC-1,0,False,1.0561626,True,1.0222402,False,0.38334006,False,0.0,False,0.0,1,False,T_cell,0,881,2754.0,1.416122
TGGAAAGACTCTCG-1,3,False,0.0,True,3.0032446,False,0.4572394,False,0.0,False,0.0,1,False,B_cell,3,719,1918.0,2.4504693
TGGAAAGAGCGATT-1,0,True,1.9670664,False,0.49947494,True,0.7492124,False,0.49947494,False,0.0,2,True,T_cell,0,1043,2879.0,1.1462313
TGGAAAGAGGTCAT-1,4,False,0.0,False,0.7535252,True,1.1586828,False,0.45047003,False,0.0,1,False,myeloid,4,1238,3494.0,3.5489411
TGGAAAGATATGGC-1,0,False,1.2879558,False,0.0,True,0.9780466,False,0.0,False,0.0,1,False,T_cell,0,565,1647.0,2.428658
TGGAACACAAACAG-1,2,False,1.028127,False,0.0,False,0.0,True,4.2183566,False,0.0,1,False,NK_or_cytotoxic_T,2,776,1467.0,2.9993184
TGGAACACGCTAAC-1,2,True,2.2622232,False,0.0,False,0.0,False,0.8573312,False,0.8573312,1,False,T_cell,2,696,1655.0,2.4773414
TGGAAGCTCAGATC-1,0,True,2.1254826,False,0.8099544,False,0.4552755,False,0.0,False,0.0,1,False,T_cell,0,725,1931.0,1.3464526
TGGACCCTACACTG-1,1,False,0.0,False,0.91120666,True,4.534453,False,0.0,False,0.0,1,False,myeloid,1,365,696.0,1.8678161
TGGACCCTCATGGT-1,2,False,0.9149178,False,0.60994524,False,0.6098405,False,0.8131207,False,0.0,0,False,T_cell,2,811,1912.0,2.3535564
TGGACCCTGGTACT-1,1,False,0.0,False,0.0,True,3.1453118,False,0.4341315,False,0.0,1,False,myeloid,1,1212,3734.0,3.133369
TGGACTGAGTATGC-1,0,True,2.376764,False,0.4672128,False,0.0,False,0.0,False,0.0,1,False,T_cell,0,1178,3267.0,1.7141107
TGGAGACTATCAGC-1,1,False,0.0,False,0.7713653,True,4.332191,False,0.0,False,0.0,1,False,myeloid,1,1132,3293.0,1.4880049
TGGAGACTGAAACA-1,0,False,0.0,False,0.0,False,0.0,False,0.0,False,0.0,0,False,T_cell,0,273,625.0,8.8
TGGAGACTTCAAGC-1,0,True,2.411915,False,0.7971853,False,0.0,False,0.0,False,0.0,1,False,T_cell,0,661,2015.0,0.9925558
TGGAGACTTGACCA-1,2,True,2.7700906,False,0.9048485,False,0.0,False,1.6045501,False,0.0,1,False,T_cell,2,831,2131.0,1.2670108
TGGAGGGACGGAGA-1,1,False,0.0,False,0.0,True,3.432334,False,0.0,False,0.0,1,False,myeloid,1,786,2106.0,2.374169
TGGAGGGAGCTATG-1,0,False,1.1370103,False,0.75800693,False,0.56850517,False,0.9714495,False,0.0,0,False,T_cell,0,471,1147.0,1.3949434
TGGATCGATAAAGG-1,0,False,1.0867028,False,0.5293422,False,0.39700663,False,0.0,False,0.5293422,0,False,T_cell,0,835,2568.0,0.9735202
TGGATGTGACCTAG-1,3,False,0.0,True,3.1271024,False,0.6459503,False,0.0,False,0.0,1,False,B_cell,3,564,1634.0,2.2031822
TGGATGTGATGTCG-1,2,True,2.589778,False,0.722406,False,0.3956182,True,2.4923067,False,0.0,2,True,T_cell,2,913,2588.0,6.4528594
TGGATGTGTGAAGA-1,3,False,0.7842446,True,2.765997,False,0.5379052,False,0.5228298,False,0.0,1,False,B_cell,3,929,2635.0,1.8975332
TGGATTCTCATACG-1,2,True,2.10427,False,0.8610784,False,0.0,False,1.5578561,False,0.0,1,False,T_cell,2,958,2451.0,2.5703795
TGGCAATGCTTGTT-1,3,False,0.0,True,2.454922,False,0.47937143,False,0.0,False,0.0,1,False,B_cell,3,706,1726.0,2.5492468
TGGCAATGGAGGGT-1,2,True,2.0682821,False,0.5887946,False,0.6859988,False,0.79006016,False,0.0,1,False,T_cell,2,737,2063.0,5.962191
TGGCACCTTCACGA-1,0,False,1.3202722,False,0.0,False,0.0,False,0.8801815,False,0.0,0,False,T_cell,0,388,768.0,2.6041665
TGGCACCTTCAGTG-1,1,False,0.9387467,False,0.6258311,True,4.166236,False,0.0,False,0.0,1,False,myeloid,1,842,1808.0,1.9358407
TGGGTATGAAGAGT-1,0,True,1.9009101,False,0.66817683,False,0.0,False,0.0,False,0.0,1,False,T_cell,0,965,3115.0,1.41252
TGGGTATGCACAAC-1,0,True,2.0369384,False,0.66956997,False,0.3603641,False,0.0,False,0.0,1,False,T_cell,0,1088,3100.0,1.4193549
TGGGTATGGTACGT-1,3,False,0.0,True,2.4954638,False,0.0,False,0.0,False,0.0,1,False,B_cell,3,511,1137.0,1.8469658
TGGGTATGTTTGGG-1,1,False,0.0,False,0.8752526,True,3.282796,False,0.0,False,0.5541163,1,False,myeloid,1,794,2341.0,1.9649721
TGGTAGACATGCCA-1,0,False,1.023841,False,0.0,False,0.3689742,False,0.49196562,False,0.0,0,False,T_cell,0,900,2963.0,1.5524806
TGGTAGACCCTCAC-1,2,False,0.0,False,0.0,False,0.46996057,True,3.413538,False,0.0,1,False,NK_or_cytotoxic_T,2,865,1802.0,2.8301888
TGGTAGACCTGATG-1,0,False,1.2744277,False,0.64365816,False,0.4827436,False,0.0,False,0.0,0,False,T_cell,0,789,1696.0,1.120283
TGGTAGTGCACTGA-1,1,False,0.0,False,0.0,True,2.4639611,False,0.0,False,0.0,1,False,myeloid,1,504,1111.0,1.170117
TGGTATCTAAACAG-1,0,True,2.7291467,False,0.0,False,0.0,False,0.0,False,0.0,1,False,T_cell,0,701,2095.0,1.8138425
TGGTATCTCTTCCG-1,0,True,1.6149002,True,1.2727308,False,0.40372506,False,0.0,False,0.0,2,True,T_cell,0,817,2483.0,2.053967
TGGTCAGACCCAAA-1,0,False,0.0,False,0.0,False,0.45408583,False,0.0,False,0.0,0,False,myeloid,0,796,1948.0,1.9507186
TGGTCAGACCGTTC-1,2,False,0.0,False,0.0,False,0.0,True,3.0225186,False,0.0,1,False,NK_or_cytotoxic_T,2,542,996.0,10.140562
TGGTTACTGACGTT-1,1,False,0.0,False,0.5125496,True,4.3293567,False,0.0,False,0.0,1,False,myeloid,1,972,2738.0,0.58436817
TGGTTACTGTTCTT-1,0,False,1.0796906,False,0.0,False,0.39386097,False,0.525148,False,0.0,0,False,T_cell,0,906,2611.0,2.1447723
TGTAACCTAGAGGC-1,0,True,1.818925,False,0.5098888,True,0.9094625,False,0.0,False,0.0,2,True,T_cell,0,871,2765.0,1.6636528
TGTAACCTTGCCTC-1,1,False,0.0,True,1.6499,True,3.0668306,False,0.0,False,0.0,2,True,myeloid,1,922,2337.0,2.9952931
TGTAATGACACAAC-1,2,False,0.0,False,0.0,False,0.0,True,2.5475101,False,0.0,1,False,NK_or_cytotoxic_T,2,724,1462.0,1.4363885
TGTAATGAGGTAAA-1,2,False,1.1149403,False,0.0,False,0.0,True,3.0453,False,0.0,1,False,NK_or_cytotoxic_T,2,628,1205.0,1.4107884
TGTACTTGCTCTAT-1,4,False,0.0,False,0.9085282,True,1.6214697,False,0.5414954,False,0.5414954,1,False,myeloid,4,1479,4907.0,1.6710821
TGTAGGTGCGAGAG-1,3,False,0.0,True,1.9456537,True,1.1389703,False,0.0,False,0.0,2,True,B_cell,3,533,1144.0,3.1468532
TGTAGGTGCTATGG-1,0,True,2.147798,False,0.58166647,False,0.0,False,0.0,False,0.0,1,False,T_cell,0,1101,4234.0,2.4799244
TGTAGGTGCTCTAT-1,5,False,0.0,False,0.31752247,True,1.8305802,True,0.63504493,False,0.0,2,True,myeloid,5,1913,6287.0,2.7198982
TGTAGGTGTGCTGA-1,0,True,2.3663607,False,0.7275927,False,0.3991114,False,0.0,False,0.0,1,False,T_cell,0,855,2544.0,2.0833335
TGTAGTCTTCCAGA-1,0,False,0.88128716,False,0.78867143,False,0.64255214,False,0.0,False,0.0,0,False,T_cell,0,1266,4154.0,1.3962445
TGTAGTCTTGCACA-1,2,False,0.8609892,False,0.0,False,0.6734331,False,0.98812103,False,0.0,0,False,NK_or_cytotoxic_T,2,884,2177.0,3.4910426
TGTATCTGTTAGGC-1,0,True,2.7230723,False,0.59780943,False,0.0,False,0.0,False,0.0,1,False,T_cell,0,817,1996.0,1.3527055
TGTATGCTCATGGT-1,3,False,0.0,True,3.0944908,False,0.6689274,False,0.0,False,0.0,1,False,B_cell,3,619,1479.0,3.245436
TGTATGCTGTAGGG-1,0,False,1.3457963,False,1.0247359,False,0.0,False,0.0,False,0.0,0,False,T_cell,0,591,1455.0,2.1305842
TGTATGCTTTCATC-1,0,True,2.1097813,False,0.0,True,0.9030341,False,0.0,False,0.0,2,True,T_cell,0,685,1968.0,2.1849594
TGTCAGGAATACCG-1,0,True,2.5291562,False,0.70293975,True,0.76511663,False,0.0,False,0.0,2,True,T_cell,0,887,2767.0,3.1803396
TGTCAGGAGATGAA-1,4,False,0.0,False,0.5918294,True,2.4112952,False,0.0,True,1.4177177,2,True,myeloid,4,1336,4083.0,1.9838353
TGTCTAACCCCTTG-1,0,True,2.1044705,True,1.2006569,False,0.0,False,0.0,False,0.0,2,True,T_cell,0,656,1978.0,2.7805865
TGTGACGATTCTCA-1,2,True,2.4254775,False,0.0,False,0.3604873,False,1.1992707,False,0.0,1,False,T_cell,2,1227,3098.0,1.5493867
TGTGAGACTGTCAG-1,4,False,0.0,False,0.8353667,True,3.1424806,False,0.5195461,False,0.0,1,False,myeloid,4,980,2666.0,1.5753938
TGTGAGACTTGAGC-1,0,False,0.8134726,False,0.7388861,True,0.9609009,False,0.0,False,0.0,1,False,myeloid,0,817,2447.0,2.3702493
TGTGAGTGACCACA-1,0,False,1.4966487,False,0.6634056,False,0.49755418,False,0.0,False,0.0,0,False,T_cell,0,582,1583.0,3.1585596
TGTGAGTGAGTGCT-1,4,False,0.0,False,0.70553195,True,2.9634407,True,0.8225371,False,0.0,2,True,myeloid,4,1370,4110.0,2.0437956
TGTGAGTGGAGATA-1,2,True,2.751513,False,0.0,False,0.0,False,1.9828796,False,0.0,1,False,T_cell,2,460,969.0,0.7223942
TGTGATCTCTCTAT-1,3,False,0.0,True,2.5988503,False,0.0,False,0.0,False,0.0,1,False,B_cell,3,638,1690.0,2.95858
TGTGATCTGACACT-1,2,False,0.0,False,0.0,False,0.5764805,False,0.0,False,0.0,0,False,myeloid,2,471,1108.0,3.8808663
TGTGGATGGCCAAT-1,3,False,0.0,True,2.661107,False,0.45408583,False,0.0,False,0.0,1,False,B_cell,3,650,1945.0,2.6735218
TGTTAAGACAAAGA-1,1,False,0.0,False,1.0673776,True,4.118408,False,0.0,False,0.0,1,False,myeloid,1,414,848.0,1.7688679
TGTTAAGATAAGGA-1,1,False,0.0,False,0.5744966,True,4.7095327,False,0.5744966,False,0.0,1,False,myeloid,1,907,2173.0,3.3133917
TGTTAAGATTGGCA-1,1,False,0.0,False,0.0,True,4.739198,False,0.0,False,0.0,1,False,myeloid,1,308,598.0,6.688963
TGTTACACCGCATA-1,4,False,0.0,False,0.64215034,True,2.7337894,False,0.0,False,0.0,1,False,myeloid,4,1147,3410.0,1.8475072
TGTTACACGACTAC-1,4,False,0.90580785,False,0.0,True,2.671722,False,0.0,False,0.0,1,False,myeloid,4,732,1953.0,3.0721967
TGTTACTGGCTACA-1,2,True,2.5214643,False,0.0,False,0.40372506,False,1.0751424,False,0.0,1,False,T_cell,2,992,2483.0,3.0205398
TGTTACTGTAGTCG-1,2,False,0.94704723,False,0.83634484,False,0.47352362,True,2.2701805,False,0.0,1,False,NK_or_cytotoxic_T,2,801,1772.0,3.442438
TTAACCACCGTAAC-1,0,False,1.1576644,False,0.57211334,False,0.429085,False,0.57211334,False,0.0,0,False,T_cell,0,822,2192.0,2.7372262
TTAACCACTAAGGA-1,2,True,2.7481656,False,0.0,False,0.0,False,1.3114266,False,0.0,1,False,T_cell,2,529,1198.0,1.9198663
TTAACCACTCAGAC-1,2,True,2.1745734,False,0.62272424,False,0.46704316,False,0.82699144,False,0.0,1,False,T_cell,2,737,1828.0,2.9540482
TTACACACGTGTTG-1,0,True,2.1583645,False,0.0,False,0.0,False,0.0,False,0.0,1,False,T_cell,0,806,2613.0,1.5690777
TTACACACTCCTAT-1,0,True,2.3245306,False,0.8541229,False,0.64059216,False,0.0,False,0.0,1,False,T_cell,0,816,2508.0,2.1929824
TTACCATGAATCGC-1,1,False,0.81777024,False,0.0,True,4.5578938,False,0.742062,False,0.0,1,False,myeloid,1,889,2421.0,3.3044198
TTACCATGGTTGAC-1,0,True,1.6686599,False,0.5875914,False,0.0,False,0.0,False,0.0,1,False,T_cell,0,1305,4142.0,1.0140029
TTACCATGTGTCTT-1,0,False,1.1465057,False,0.9781196,False,0.0,True,2.797697,False,0.0,1,False,NK_or_cytotoxic_T,0,588,1123.0,3.2947462
TTACCATGTTGTGG-1,3,False,0.0,True,3.3425047,False,0.65847975,False,0.0,False,0.0,1,False,B_cell,3,657,1548.0,1.4211887
TTACGACTGAGAGC-1,0,True,2.7097998,False,0.0,False,0.3492027,False,0.65264,False,0.0,1,False,T_cell,0,1154,3288.0,1.7335767
TTACGACTTGACAC-1,1,False,0.0,False,0.61141413,True,4.8304043,False,0.0,False,0.0,1,False,myeloid,1,713,1902.0,2.208202
TTACGTACGTTCAG-1,6,False,0.0,False,0.0,False,0.6130897,False,0.0,True,5.009275,1,False,platelet,6,326,947.0,2.745512
TTACTCGAACGTTG-1,7,True,0.96126455,True,0.89344066,True,0.25164384,False,0.2788373,False,0.0,3,True,T_cell,7,3315,15301.0,1.7645905
TTACTCGAAGAATG-1,1,False,0.0,True,1.3614552,True,4.6932783,False,0.0,False,0.0,2,True,myeloid,1,1129,3863.0,2.5886617
TTACTCGACGCAAT-1,5,False,0.0,False,0.6469283,True,2.4567,False,0.3648761,False,0.0,1,False,myeloid,5,1603,5031.0,2.4845955
TTACTCGAGGGTGA-1,0,True,1.8869647,False,0.72666323,True,0.94348234,False,0.0,False,0.0,2,True,T_cell,0,879,2549.0,2.1184778
TTACTCGATCTACT-1,2,False,0.0,False,0.93819547,False,0.54491043,True,2.61336,False,0.0,1,False,NK_or_cytotoxic_T,2,1156,2551.0,1.7248139
TTAGAATGTGGTGT-1,0,False,1.2626344,False,0.0,True,0.9545584,False,0.63637227,False,0.0,1,False,T_cell,0,642,1740.0,1.7241379
TTAGAATGTGTAGC-1,0,False,1.4151033,False,0.94340223,False,0.0,False,0.0,False,0.0,0,False,T_cell,0,285,627.0,3.3492823
TTAGACCTCCTACC-1,0,True,2.5207272,False,0.0,False,0.0,False,0.5380851,False,0.0,1,False,T_cell,0,825,2485.0,4.3460765
TTAGACCTCCTTTA-1,1,False,0.0,False,1.0398421,True,4.692165,False,0.0,False,0.0,1,False,myeloid,1,823,2311.0,1.5144958
TTAGCTACAACCGT-1,0,True,2.9448786,False,0.9089729,True,1.4640441,False,0.0,False,0.0,2,True,T_cell,0,719,2101.0,2.094241
TTAGCTACTGTCCC-1,1,False,0.0,False,0.82308763,True,2.8651404,True,0.8728403,False,0.0,2,True,myeloid,1,1253,3703.0,1.8633541
TTAGCTACTTTCGT-1,0,True,2.4785008,False,0.49564263,True,0.8867638,False,0.0,False,0.0,2,True,T_cell,0,971,2921.0,4.313591
TTAGGGACGCGAAG-1,2,True,2.012698,True,1.4657614,False,0.0,False,0.98479795,False,0.0,2,True,T_cell,2,853,2200.0,2.3636363
TTAGGGTGCTGGAT-1,3,False,0.7536958,True,2.9280386,False,0.3768479,False,0.5024639,False,0.0,1,False,B_cell,3,916,2846.0,1.6865777
TTAGGGTGTCCTGC-1,1,False,0.0,False,0.706032,True,3.2105498,False,0.0,False,0.0,1,False,myeloid,1,1053,2734.0,3.1089978
TTAGGTCTACTTTC-1,1,False,0.0,False,0.0,True,4.61289,False,0.0,False,0.0,1,False,myeloid,1,515,1106.0,3.4358046
TTAGTCACCAGTTG-1,0,True,2.6365094,False,0.0,False,0.3889943,False,0.0,False,0.0,1,False,T_cell,0,1017,2674.0,1.5706805
TTAGTCTGAAAGCA-1,3,False,0.0,True,2.7041998,False,0.0,False,0.0,False,0.0,1,False,B_cell,3,953,2747.0,3.021478
TTAGTCTGCCAACA-1,2,False,0.0,True,1.2750343,False,0.0,True,2.9717968,False,0.0,2,True,NK_or_cytotoxic_T,2,832,1735.0,2.4207494
TTAGTCTGTGCACA-1,0,True,1.9340053,False,0.0,False,0.7328182,False,0.0,False,0.0,1,False,T_cell,0,645,1692.0,4.0189123
TTATCCGACTAGTG-1,3,False,0.0,True,2.528451,False,0.4585606,False,0.0,False,0.61141413,1,False,B_cell,3,667,1903.0,2.4697845
TTATCCGAGAAAGT-1,1,False,0.6066583,True,1.3112686,True,3.4031453,False,0.0,False,0.40443885,2,True,myeloid,1,1326,4231.0,3.1907349
TTATGAGAGATAAG-1,0,True,2.80214,False,0.72263443,True,1.0839516,False,0.72263443,False,0.0,2,True,T_cell,0,547,1293.0,2.7842228
TTATGCACGTCACA-1,3,False,0.0,True,2.4289384,False,0.0,False,0.66213626,False,0.0,1,False,B_cell,3,636,1590.0,1.8238994
TTATGGCTTATGGC-1,5,False,0.48203033,False,0.58977944,True,1.3058383,False,0.0,False,0.0,1,False,myeloid,5,1783,6165.0,2.2060015
TTATTCCTATGCTG-1,1,False,0.0,False,0.8021922,True,3.9304225,False,0.5999068,False,0.0,1,False,myeloid,1,1211,3963.0,2.1953065
TTATTCCTGGACAG-1,3,False,0.0,True,2.9078927,False,0.4013227,False,0.0,False,0.0,1,False,B_cell,3,788,2514.0,1.3126491
TTATTCCTGGTACT-1,3,False,0.0,True,2.2161026,False,0.4030007,False,0.0,False,0.0,1,False,B_cell,3,807,2496.0,2.4439101
TTATTCCTTCGTGA-1,0,True,2.3385522,False,0.47211874,False,0.35408905,False,0.47211874,False,0.0,1,False,T_cell,0,1104,3207.0,2.4633615
TTCAAAGATAAAGG-1,2,False,1.1197834,False,0.8696283,False,0.0,False,0.7465223,False,0.0,0,False,T_cell,2,884,2385.0,2.3899372
TTCAACACAACAGA-1,0,True,1.9277139,False,0.0,False,0.5557188,False,0.0,False,0.0,1,False,T_cell,0,848,2430.0,1.1934156
TTCAACACCCCAAA-1,1,False,0.0,False,0.0,True,4.921661,False,0.0,False,0.0,1,False,myeloid,1,788,2094.0,2.3877745
TTCAACACGGACGA-1,4,False,0.0,False,0.72263443,True,1.6180902,False,0.0,False,0.0,1,False,myeloid,4,1013,2584.0,2.012384
TTCAAGCTAAGAAC-1,1,False,0.0,False,1.1049123,True,3.3122263,False,0.52202916,True,1.0440583,2,True,myeloid,1,1003,2641.0,2.6126466
TTCAAGCTAGATGA-1,0,True,1.7592995,False,0.0,True,1.0362179,False,0.0,False,0.0,2,True,T_cell,0,916,2974.0,2.3537323
TTCAAGCTGTTGAC-1,0,True,2.5630283,False,0.87105656,False,0.0,False,0.5504539,False,0.0,1,False,T_cell,0,818,2375.0,1.9789474
TTCAAGCTTCCAAG-1,0,False,1.3375401,False,0.8916935,False,0.0,False,0.0,False,0.0,0,False,T_cell,0,406,740.0,5.54054
TTCAAGCTTGATGC-1,0,True,2.2558608,False,0.744159,True,0.9684243,False,0.0,False,0.0,2,True,T_cell,0,828,2404.0,1.6222961
TTCAAGCTTTCGCC-1,0,True,1.9676535,False,0.8121142,False,0.37474117,False,0.0,False,0.0,1,False,T_cell,0,882,2878.0,2.8144543
TTCACAACCCGTTC-1,1,False,0.0,False,0.5337232,True,3.8809428,False,0.5337232,False,0.0,1,False,myeloid,1,959,2526.0,0.9501188
TTCACAACGTCTGA-1,4,False,0.0,False,1.1397021,True,1.5443205,False,0.0,False,0.0,1,False,myeloid,4,395,678.0,0.58997047
TTCAGACTACCCAA-1,0,False,1.9727007,False,0.8718387,False,0.0,False,0.0,False,0.0,0,False,T_cell,0,368,789.0,3.6755388
TTCAGACTCTCGAA-1,0,True,1.9888227,False,0.76234305,False,0.4226541,False,0.0,False,0.0,1,False,T_cell,0,787,2264.0,0.9717314
TTCAGTACCGACTA-1,0,True,2.4716582,False,0.9126677,False,0.5268871,False,0.50970006,False,0.0,1,False,T_cell,0,929,2769.0,1.7334778
TTCAGTACTCAAGC-1,0,True,2.2888598,False,0.7863916,False,0.26759118,False,0.0,False,0.0,1,False,T_cell,0,1379,5220.0,2.2605364
TTCAGTACTCCTAT-1,1,False,0.0,False,0.6190474,True,4.698821,False,0.0,False,0.0,1,False,myeloid,1,711,1850.0,2.8648648
TTCAGTTGCCAAGT-1,0,True,1.7909266,False,0.59697556,True,1.5883762,False,0.59697556,False,0.0,2,True,T_cell,0,733,2003.0,2.3964052
TTCAGTTGTCCTTA-1,5,False,0.0,False,1.0902272,True,2.3840165,False,0.0,False,0.0,1,False,myeloid,5,752,1975.0,0.8607595
TTCAGTTGTCTAGG-1,0,True,2.887319,False,0.0,False,0.0,False,0.79006016,False,0.0,1,False,T_cell,0,464,1031.0,1.1639185
TTCAGTTGTCTCGC-1,3,False,0.9256181,True,1.7672884,False,0.0,True,1.2341576,False,0.0,2,True,B_cell,3,626,1865.0,1.7694371
TTCATCGAGGTGGA-1,1,False,0.0,False,1.0289745,True,4.109911,False,0.6096525,False,0.0,1,False,myeloid,1,735,1914.0,1.4629049
TTCATGTGTGGTGT-1,0,False,1.195327,False,0.6766523,True,1.09516,False,0.4867378,False,0.0,1,False,T_cell,0,946,3025.0,1.8512396
TTCATTCTATGTCG-1,1,False,0.0,True,1.2415242,True,3.615479,False,0.52353275,False,0.0,2,True,myeloid,1,876,2625.0,1.4476191
TTCATTCTTCTCTA-1,0,False,1.6326681,False,0.0,False,0.44950923,False,0.0,False,0.0,0,False,T_cell,0,647,1986.0,3.8267877
TTCCAAACCTATGG-1,1,False,0.0,False,0.7834,True,4.4035077,False,0.0,False,0.0,1,False,myeloid,1,536,1057.0,1.229896
TTCCAAACCTCCCA-1,3,False,0.0,True,3.3599012,False,0.0,False,0.0,False,0.0,1,False,B_cell,3,954,2726.0,1.3206162
TTCCAAACTCCCAC-1,2,False,0.0,False,0.8706664,False,0.0,True,2.9885747,False,0.0,1,False,NK_or_cytotoxic_T,2,486,793.0,1.6393442
TTCCAAACTTGACG-1,2,False,1.4778439,False,0.0,False,0.0,True,3.0336223,False,0.0,1,False,NK_or_cytotoxic_T,2,712,1647.0,2.9751062
TTCCATGACGAGAG-1,1,False,0.0,False,1.0413625,True,4.357994,False,0.6205727,False,0.0,1,False,myeloid,1,786,1840.0,3.2608695
TTCCATGACTGTCC-1,0,True,2.3553658,False,0.0,True,1.1776829,False,0.0,False,0.0,2,True,T_cell,0,438,1050.0,2.9523811
TTCCCACTTGAGGG-1,2,False,0.0,False,0.8838321,False,0.0,True,3.642207,False,0.0,1,False,NK_or_cytotoxic_T,2,807,1520.0,2.3026316
TTCCCACTTGTCTT-1,1,False,0.0,False,0.9984667,True,3.6578856,False,0.4756168,False,0.0,1,False,myeloid,1,1016,3163.0,1.8020866
TTCCTAGAAAGTGA-1,0,True,2.5102887,False,0.8771741,True,1.1598486,False,0.0,False,0.0,2,True,T_cell,0,551,1552.0,0.38659793
TTCCTAGACTAGTG-1,4,False,0.90817165,False,0.0,True,1.5897447,False,0.0,False,0.0,1,False,myeloid,4,841,1943.0,1.2352033
TTCGAGGACTCTAT-1,0,True,2.9377294,True,1.0237627,False,0.6198258,False,0.0,False,0.0,2,True,T_cell,0,929,2746.0,2.2942462
TTCGAGGAGGGCAA-1,0,False,1.2430037,False,0.8286692,False,0.0,False,0.0,False,0.0,0,False,T_cell,0,757,1816.0,1.6519824
TTCGAGGATAGAAG-1,4,False,0.0,False,0.70464134,False,0.6195755,False,0.51159555,False,0.0,0,False,B_cell,4,971,2749.0,2.6918879
TTCGATTGAGCATC-1,0,False,0.0,True,1.4236777,False,0.0,False,0.0,False,0.0,1,False,B_cell,0,708,1910.0,1.5183246
TTCGGAGAATGCCA-1,1,False,0.0,True,1.4945457,True,5.287367,False,0.0,False,0.0,2,True,myeloid,1,567,1191.0,2.854744
TTCGGAGATGTGCA-1,0,True,3.060533,False,0.0,False,0.5573776,False,0.54618055,False,0.0,1,False,T_cell,0,881,2412.0,1.1608624
TTCGTATGAAAAGC-1,2,True,1.7959383,True,1.1972922,False,0.6006133,True,2.903428,False,0.0,3,True,NK_or_cytotoxic_T,2,801,1991.0,1.6072326
TTCGTATGGATAGA-1,2,True,2.533952,False,0.6000473,False,0.45003545,False,1.4681253,False,0.0,1,False,T_cell,2,873,1983.0,1.3111447
TTCGTATGGTCTGA-1,0,True,2.2890182,False,0.8867036,True,0.84621114,False,0.0,False,0.0,2,True,T_cell,0,805,2258.0,2.8786535
TTCGTATGTCCTTA-1,1,False,0.0,True,1.2401102,True,4.1442566,False,0.0,False,0.0,2,True,myeloid,1,1359,4348.0,2.0009198
TTCTACGAACGTAC-1,0,True,2.4908423,False,0.0,False,0.40292042,False,0.5372273,False,0.0,1,False,T_cell,0,866,2494.0,1.3231757
TTCTACGAGTTGGT-1,0,True,1.8738716,False,0.7220638,False,0.54154783,False,0.0,False,0.0,1,False,T_cell,0,945,2589.0,1.2359984
TTCTAGTGACACGT-1,0,True,2.0593815,True,1.2847323,False,0.36543465,False,0.0,False,0.0,2,True,T_cell,0,1068,3018.0,1.0271703
TTCTAGTGCATGAC-1,1,False,0.0,False,0.0,True,4.076001,False,0.0,False,0.0,1,False,myeloid,1,819,2073.0,3.5697057
TTCTAGTGGAGAGC-1,2,False,0.0,False,0.6630423,False,0.65285355,True,3.2766633,False,0.0,1,False,NK_or_cytotoxic_T,2,815,1586.0,2.8373265
TTCTAGTGGTCACA-1,4,False,0.75547945,True,1.3204598,True,2.6332338,False,0.0,False,0.0,2,True,myeloid,4,1058,2832.0,1.4830508
TTCTCAGAAGAGAT-1,0,True,2.5034232,False,0.5727382,False,0.579347,False,0.0,False,0.0,1,False,T_cell,0,845,2189.0,1.6902695
TTCTCAGAAGCATC-1,3,False,0.8051993,True,2.8153558,True,1.3547723,False,0.0,False,0.0,2,True,B_cell,3,881,2497.0,2.1225471
TTCTCAGATGGAGG-1,0,True,2.3315082,False,1.0554209,False,0.39144698,False,0.5219293,False,0.0,1,False,T_cell,0,1051,2643.0,0.71888006
TTCTGATGGAGACG-1,2,False,0.0,False,0.5436329,False,0.0,True,3.4970403,False,0.0,1,False,NK_or_cytotoxic_T,2,1179,2434.0,1.8898932
TTCTTACTCTGGAT-1,4,False,0.0,False,0.63637227,True,1.40707,False,0.63637227,False,0.0,1,False,myeloid,4,718,1741.0,2.240092
TTGAACCTCCTTGC-1,3,False,0.0,True,2.841339,False,0.47666827,False,0.6355577,False,0.0,1,False,B_cell,3,657,1746.0,1.489118
TTGAATGAACTACG-1,4,False,0.0,False,0.75905174,True,1.3706565,False,0.0,False,0.0,1,False,myeloid,4,882,2289.0,2.402796
TTGAATGACTTACT-1,0,True,1.7504815,False,0.0,False,0.43762037,False,0.0,False,0.0,1,False,T_cell,0,709,2102.0,1.6650809
TTGAATGATCTCAT-1,3,False,0.0,True,3.2418785,True,1.206179,False,0.0,False,0.0,2,True,B_cell,3,754,2015.0,1.7369727
TTGACACTCTGTAG-1,0,True,2.612444,False,0.60544777,False,0.0,False,0.60544777,False,0.0,1,False,T_cell,0,735,1943.0,1.3381369
TTGACACTGATAAG-1,3,False,0.0,True,2.7162874,True,1.0764824,False,0.0,False,0.0,2,True,B_cell,3,603,1315.0,2.661597
TTGAGGACAGAACA-1,1,False,0.0,False,0.8038814,True,4.606813,True,1.1760068,False,0.0,2,True,myeloid,1,944,2956.0,2.909337
TTGAGGACTACGCA-1,5,False,0.47327217,False,0.47465682,False,1.1986086,False,0.0,False,0.0,0,False,myeloid,5,1794,6344.0,2.4432535
TTGAGGTGGACGGA-1,0,True,2.0900505,False,0.0,False,0.44679767,False,0.59573025,False,0.0,1,False,T_cell,0,712,2011.0,1.0442566
TTGCATTGAGCTAC-1,2,True,3.3690667,False,0.9257629,False,0.0,False,1.4225407,False,0.0,1,False,T_cell,2,721,1991.0,1.7579106
TTGCATTGCTAAGC-1,1,False,0.7033687,False,0.8633505,True,4.6037498,False,0.46891248,False,0.0,1,False,myeloid,1,1097,3248.0,4.9876847
TTGCATTGTGACTG-1,0,False,0.8147891,False,0.73985934,False,0.40739456,False,0.0,False,0.0,0,False,T_cell,0,813,2441.0,1.7206063
TTGCTAACACCAAC-1,2,True,2.6239562,False,0.8120084,False,0.0,False,1.0281441,False,0.0,1,False,T_cell,2,788,1921.0,2.134305
TTGCTAACACGCTA-1,4,False,0.0,False,0.5288264,True,3.1207874,False,0.0,False,0.0,1,False,myeloid,4,917,2576.0,1.9798137
TTGCTAACCACTCC-1,0,True,1.817638,False,0.0,False,0.0,False,0.0,False,0.0,1,False,T_cell,0,656,1943.0,2.2645392
TTGCTATGGTACGT-1,1,False,0.0,False,0.0,True,4.4807034,True,1.1484809,False,0.0,2,True,myeloid,1,1104,3109.0,2.0585396
TTGCTATGGTAGGG-1,4,False,0.0,False,0.45686734,True,0.82463944,False,0.45686734,False,0.0,1,False,myeloid,4,1268,3406.0,2.4075162
TTGGAGACCAATCG-1,0,True,2.2330651,False,1.10372,False,0.0,False,0.0,False,0.4080758,1,False,T_cell,0,1239,4166.0,1.1761882
TTGGAGACGCTATG-1,1,False,0.0,False,0.51984257,True,5.311779,False,0.0,False,0.0,1,False,myeloid,1,862,2662.0,2.4042075
TTGGAGACTATGGC-1,3,False,0.0,True,2.9200575,False,0.6263528,False,0.0,False,0.0,1,False,B_cell,3,739,1779.0,2.866779
TTGGGAACTGAACC-1,0,True,2.7781138,False,0.83697957,False,0.39069983,False,0.0,False,0.0,1,False,T_cell,0,858,2652.0,2.111614
TTGGTACTACTGGT-1,1,False,0.0,False,0.93067324,True,2.238859,False,0.0,False,0.0,1,False,myeloid,1,1066,3268.0,2.8457773
TTGGTACTCTTAGG-1,0,False,1.0293176,False,0.0,False,0.5146588,False,0.0,False,0.0,0,False,T_cell,0,752,2928.0,1.7418033
TTGGTACTGAATCC-1,3,False,0.92743254,True,3.1877398,False,0.46371627,False,0.6182884,False,0.0,1,False,B_cell,3,615,1855.0,2.5336926
TTGGTACTGGATTC-1,3,False,0.0,True,3.1957989,False,0.46056065,False,0.0,False,0.0,1,False,B_cell,3,721,1883.0,1.9118428
TTGTACACGTTGTG-1,3,False,0.0,True,4.2133374,False,0.0,False,0.0,False,0.0,1,False,B_cell,3,571,1537.0,3.7735848
TTGTACACTTGCAG-1,0,True,2.4737544,False,0.56389976,False,0.0,False,0.0,False,0.0,1,False,T_cell,0,861,2260.0,1.3716815
TTGTAGCTAGCTCA-1,0,True,1.60402,False,0.53467333,False,0.401005,False,0.53467333,False,0.0,1,False,T_cell,0,933,2519.0,2.2231045
TTGTAGCTCTCTTA-1,3,False,0.86900663,True,2.4243164,True,0.86900663,False,0.0,False,0.0,2,True,B_cell,3,807,2136.0,2.6217227
TTGTCATGGACGGA-1,2,False,0.0,False,0.0,True,0.8609892,True,3.839006,False,0.0,2,True,NK_or_cytotoxic_T,2,1082,2178.0,1.8365473
TTTAGAGATCCTCG-1,3,False,0.0,True,2.9754639,False,0.41377962,False,0.0,False,0.0,1,False,B_cell,3,820,2362.0,1.354784
TTTAGCTGATACCG-1,0,True,1.8222384,False,0.0,True,0.7663953,False,0.0,False,0.0,2,True,T_cell,0,887,2756.0,2.2859216
TTTAGCTGGATACC-1,1,False,0.0,False,0.8607015,True,3.8438272,False,0.0,False,0.0,1,False,myeloid,1,850,2454.0,1.1002445
TTTAGCTGTACTCT-1,5,False,0.0,True,1.6004157,True,2.598807,False,0.0,False,0.0,2,True,myeloid,5,1567,5678.0,2.1134202
TTTAGGCTCCTTTA-1,1,False,0.0,False,0.0,True,4.7448153,False,0.0,False,0.0,1,False,myeloid,1,803,1984.0,2.3185484
TTTATCCTGTTGTG-1,4,False,0.0,False,0.8934603,True,2.8268104,False,0.4377403,False,0.0,1,False,myeloid,4,1156,3680.0,1.3043478
TTTCACGAGGTTCA-1,0,True,2.0793028,False,0.9186244,False,0.44422877,False,0.0,False,0.0,1,False,T_cell,0,721,2037.0,1.3254787
TTTCAGTGGAAGGC-1,2,True,2.3860068,False,0.0,False,0.7889511,False,0.834793,False,0.0,1,False,T_cell,2,692,1781.0,1.5160022
TTTCAGTGTCACGA-1,3,False,0.0,True,3.066675,False,0.0,False,0.0,False,0.0,1,False,B_cell,3,700,1634.0,3.4271724
TTTCAGTGTCTATC-1,1,False,0.0,False,0.8190745,True,4.300799,False,0.0,False,0.0,1,False,myeloid,1,458,937.0,2.4546423
TTTCAGTGTGCAGT-1,3,False,0.0,True,3.3120017,False,0.5370676,False,0.71609014,False,0.0,1,False,B_cell,3,637,1322.0,1.8910742
TTTCCAGAGGTGAG-1,0,True,2.5030038,False,0.572613,False,0.42945975,False,0.0,False,0.0,1,False,T_cell,0,873,2187.0,0.68587106
TTTCGAACACCTGA-1,5,False,0.0,False,0.9387226,False,0.29425332,False,0.0,False,0.39233777,0,False,B_cell,5,1544,4460.0,1.3004484
TTTCGAACTCTCAT-1,1,False,0.0,False,0.63809156,True,4.680068,False,0.4528895,False,0.0,1,False,myeloid,1,1155,3461.0,2.109217
TTTCTACTGAGGCA-1,3,False,0.0,True,1.647184,False,0.0,False,0.0,False,0.0,1,False,B_cell,3,1227,3447.0,0.9283435
TTTCTACTTCCTCG-1,3,False,0.0,True,2.9872925,False,0.4842621,False,0.0,False,0.0,1,False,B_cell,3,622,1684.0,2.1971495
TTTGCATGAGAGGC-1,3,False,0.0,True,3.731585,False,0.0,False,0.0,False,0.0,1,False,B_cell,3,454,1024.0,2.0507812
TTTGCATGCCTCAC-1,0,True,2.4051998,False,0.5994858,True,0.8992287,False,0.0,False,0.0,2,True,T_cell,0,724,1985.0,0.80604535
