cell,cluster,doublet_score,predicted_doublet
AAACATACAACCAC-1,0,0.05785123966942148,False
AAACATTGAGCTAC-1,3,0.11942959001782533,False
AAACATTGATCAGC-1,0,0.06884480746791133,False
AAACCGTGCTTCCG-1,1,0.051823416506717866,False
AAACCGTGTATGCG-1,2,0.12977099236641218,False
AAACGCACTGGTAC-1,0,0.04423243712055507,False
AAACGCTGACCAGT-1,2,0.04201680672268908,False
AAACGCTGGTTCTT-1,0,0.031161473087818706,False
AAACGCTGTAGCCA-1,2,0.036126056879323604,False
AAACGCTGTTTCTG-1,4,0.024420788979336257,False
AAACTTGAAAAACG-1,3,0.04201680672268908,False
AAACTTGATCCAGA-1,0,0.07790549169859513,False
AAAGAGACGAGATA-1,0,0.06487695749440714,False
AAAGAGACGCGAGA-1,1,0.03437967115097159,False
AAAGAGACGGACTT-1,2,0.022142429682824656,False
AAAGAGACGGCATT-1,0,0.03272727272727273,False
AAAGATCTGGGCAA-1,1,0.01637612255678817,False
AAAGCAGAAGCCAT-1,2,0.04911955514365154,False
AAAGCAGATATCGG-1,1,0.04659498207885305,False
AAAGCCTGTATGCG-1,0,0.08885754583921016,False
AAAGGCCTGTCTAG-1,3,0.05785123966942148,False
AAAGTTTGATCACG-1,3,0.04911955514365154,False
AAAGTTTGGGGTGA-1,3,0.03437967115097159,False
AAAGTTTGTAGAGA-1,0,0.05785123966942148,False
AAAGTTTGTAGCGT-1,1,0.01637612255678817,False
AAATCAACAATGCC-1,3,0.05472636815920398,False
AAATCAACACCAGT-1,0,0.029675638371290544,False
AAATCAACCAGGAG-1,0,0.04423243712055507,False
AAATCAACCCTATT-1,4,0.24503311258278151,False
AAATCAACGGAAGC-1,0,0.04201680672268908,False
AAATCAACTCGCAA-1,0,0.018141836173721827,False
AAATCATGACCACA-1,4,0.0731707317073171,False
AAATCCCTCCACAA-1,0,0.06487695749440714,False
AAATCCCTGCTATG-1,3,0.02005730659025788,False
AAATGTTGAACGAA-1,1,0.029675638371290544,False
AAATGTTGCCACAA-1,0,0.015544041450777207,False
AAATGTTGTGGCAT-1,1,0.03437967115097159,False
AAATTCGAAGGTTC-1,0,0.05785123966942148,False
AAATTCGAATCACG-1,1,0.014743263853584135,False
AAATTCGAGCTGAT-1,4,0.02005730659025788,False
AAATTCGAGGAGTG-1,0,0.05785123966942148,False
AAATTCGATTCTCA-1,2,0.04201680672268908,False
AAATTGACACGACT-1,2,0.15555555555555556,False
AAATTGACTCGCTC-1,0,0.11942959001782533,False
AACAAACTCATTTC-1,0,0.04201680672268908,False
AACAAACTTTCGTT-1,0,0.02005730659025788,False
AACAATACGACGAG-1,0,0.03272727272727273,False
AACACGTGCAGAGG-1,0,0.06122448979591838,False
AACACGTGGAAAGT-1,0,0.09523809523809527,False
AACACGTGGAACCT-1,1,0.024420788979336257,False
AACACGTGGCTACA-1,0,0.06884480746791133,False
AACACGTGTACGAC-1,4,0.013228809407153359,False
AACAGCACAAGAGT-1,1,0.04911955514365154,False
AACATTGATGGGAG-1,4,0.04659498207885305,False
AACCAGTGATACCG-1,4,0.03272727272727273,False
AACCCAGATCGCTC-1,0,0.04201680672268908,False
AACCGATGCTCCCA-1,0,0.06487695749440714,False
AACCGATGGTCATG-1,3,0.015544041450777207,False
AACCGATGTTCTAC-1,1,0.02692055154300722,False
AACCGCCTAGCGTT-1,0,0.10236220472440943,False
AACCGCCTCTACGA-1,1,0.03797468354430379,False
AACCTACTGTGAGG-1,1,0.06487695749440714,False
AACCTACTGTGTTG-1,0,0.07790549169859513,False
AACCTTACGAGACG-1,0,0.018141836173721827,False
AACCTTACGCGAGA-1,2,0.024420788979336257,False
AACCTTACTAACGC-1,4,0.01724137931034483,False
AACCTTTGGACGGA-1,0,0.05472636815920398,False
AACCTTTGTACGCA-1,4,0.013972055888223553,False
AACGCAACAAGTAG-1,0,0.08310991957104558,False
AACGCATGACCCAA-1,0,0.04911955514365154,False
AACGCATGCCTTCG-1,0,0.06884480746791133,False
AACGCATGTACTTC-1,0,0.06884480746791133,False
AACGCCCTCGGGAA-1,0,0.08310991957104558,False
AACGCCCTCGTACA-1,2,0.010507080858839652,False
AACGCCCTGCTTAG-1,3,0.028263795423956937,False
AACGCCCTGGCATT-1,0,0.051823416506717866,False
AACGTCGAGTATCG-1,2,0.024420788979336257,False
AACGTGTGAAAGCA-1,0,0.06122448979591838,False
AACGTGTGGCGGAA-1,3,0.17191283292978196,False
AACGTGTGTCCAAG-1,0,0.04201680672268908,False
AACGTGTGTGCTTT-1,0,0.12977099236641218,False
AACTACCTTAGAGA-1,0,0.029675638371290544,False
AACTCACTCAAGCT-1,1,0.04659498207885305,False
AACTCACTTGGAGG-1,1,0.04659498207885305,False
AACTCGGAAAGTGA-1,2,0.06487695749440714,False
AACTCGGAAGGTCT-1,1,0.036126056879323604,False
AACTCTTGCAGGAG-1,0,0.11942959001782533,False
AACTGTCTCCCTTG-1,1,0.02692055154300722,False
AACTTGCTACGCTA-1,3,0.33333333333333315,True
AACTTGCTGGGACA-1,0,0.03797468354430379,False
AAGAACGAGTGTTG-1,0,0.023255813953488372,False
AAGAAGACGTAGGG-1,3,0.023255813953488372,False
AAGACAGAAGTCTG-1,3,0.019079685746352413,False
AAGACAGAGGATCT-1,0,0.10236220472440943,False
AAGACAGATTACCT-1,1,0.029675638371290544,False
AAGAGATGGGTAGG-1,3,0.031161473087818706,False
AAGATGGAAAACAG-1,3,0.025641025641025644,False
AAGATGGAGAACTC-1,1,0.04423243712055507,False
AAGATGGAGATAAG-1,1,0.05472636815920398,False
AAGATTACAACCTG-1,0,0.029675638371290544,False
AAGATTACAGATCC-1,1,0.018141836173721827,False
AAGATTACCCGTTC-1,1,0.03272727272727273,False
AAGATTACCGCCTT-1,5,0.08310991957104558,False
AAGATTACCTCAAG-1,2,0.009883198562443848,False
AAGATTACTCCTCG-1,1,0.021077283372365346,False
AAGCAAGAGCGAGA-1,0,0.10236220472440943,False
AAGCAAGAGCTTAG-1,2,0.024420788979336257,False
AAGCAAGAGGTGTT-1,2,0.051823416506717866,False
AAGCACTGAGCAAA-1,3,0.06487695749440714,False
AAGCACTGCATACG-1,0,0.0731707317073171,False
AAGCACTGGTTCTT-1,3,0.21533923303834804,False
AAGCCAACGTGTTG-1,0,0.03272727272727273,False
AAGCCATGAACTGC-1,5,0.07790549169859513,False
AAGCCATGACACGT-1,1,0.024420788979336257,False
AAGCCATGCGTGAT-1,0,0.05785123966942148,False
AAGCCATGTCTCGC-1,2,0.039934800325998374,False
AAGCCTGACATGCA-1,0,0.08310991957104558,False
AAGCCTGACCGAAT-1,1,0.08310991957104558,False
AAGCGACTCCTCAC-1,4,0.03272727272727273,False
AAGCGACTGTGTCA-1,0,0.03797468354430379,False
AAGCGACTTACAGC-1,3,0.013972055888223553,False
AAGCGACTTTGACG-1,4,0.014743263853584135,False
AAGCGTACGTCTTT-1,0,0.02005730659025788,False
AAGGCTTGCGAACT-1,2,0.01724137931034483,False
AAGGTCACGGTTAC-1,1,0.029675638371290544,False
AAGGTCACTGTTTC-1,3,0.015544041450777207,False
AAGGTCACTTCCCG-1,2,0.14168377823408632,False
AAGGTCTGACAGTC-1,0,0.10236220472440943,False
AAGGTCTGCAGATC-1,0,0.028263795423956937,False
AAGGTCTGGTATGC-1,1,0.05472636815920398,False
AAGTAACTCTGAAC-1,1,0.039934800325998374,False
AAGTAACTGAGATA-1,3,0.011152416356877323,False
AAGTAGGATACAGC-1,2,0.011820330969267141,False
AAGTATACCGAACT-1,0,0.09523809523809527,False
AAGTCCGACTTGTT-1,0,0.04659498207885305,False
AAGTCCGATAGAAG-1,0,0.031161473087818706,False
AAGTCTCTAGTCGT-1,0,0.05785123966942148,False
AAGTCTCTCGGAGA-1,2,0.03797468354430379,False
AAGTGGCTTGGAGG-1,3,0.018141836173721827,False
AAGTTCCTCATTCT-1,4,0.09523809523809527,False
AAGTTCCTTCTTAC-1,0,0.03272727272727273,False
AATAAGCTCGAATC-1,0,0.05785123966942148,False
AATAAGCTCGTTGA-1,0,0.051823416506717866,False
AATACCCTGGACGA-1,3,0.01724137931034483,False
AATACCCTGGCATT-1,0,0.039934800325998374,False
AATACTGAAAGGGC-1,2,0.24503311258278151,False
AATACTGAATTGGC-1,2,0.051823416506717866,False
AATAGGGAACCCTC-1,3,0.04659498207885305,False
AATAGGGAGAATGA-1,2,0.025641025641025644,False
AATCAAACTATCGG-1,2,0.15555555555555556,False
AATCCGGAATGCTG-1,3,0.022142429682824656,False
AATCCTACCGGTAT-1,0,0.036126056879323604,False
AATCCTTGACGGGA-1,1,0.02005730659025788,False
AATCCTTGGTGAGG-1,2,0.024420788979336257,False
AATCGGTGGAACTC-1,2,0.14168377823408632,False
AATCGGTGTGCTTT-1,0,0.05472636815920398,False
AATCTAGAAAAGTG-1,0,0.05472636815920398,False
AATCTAGAATCGGT-1,0,0.06884480746791133,False
AATCTCACAGCCTA-1,1,0.03272727272727273,False
AATCTCACTCTAGG-1,0,0.03437967115097159,False
AATCTCTGAACAGA-1,0,0.04911955514365154,False
AATCTCTGCTTTAC-1,2,0.029675638371290544,False
AATGATACACCAAC-1,2,0.024420788979336257,False
AATGATACGGTCAT-1,1,0.022142429682824656,False
AATGCGTGACACCA-1,3,0.12977099236641218,False
AATGCGTGGACGGA-1,5,0.21533923303834804,False
AATGCGTGGCTATG-1,3,0.015544041450777207,False
AATGGAGAATCGTG-1,1,0.013972055888223553,False
AATGGAGATCCTTA-1,2,0.10236220472440943,False
AATGGCTGACACCA-1,3,0.08310991957104558,False
AATGGCTGCGTGAT-1,0,0.08310991957104558,False
AATGGCTGTAAAGG-1,0,0.018141836173721827,False
AATGGCTGTACTCT-1,2,0.02692055154300722,False
AATGGCTGTGAAGA-1,0,0.09523809523809527,False
AATGTAACGGTGGA-1,0,0.05472636815920398,False
AATGTAACGTTTGG-1,2,0.06884480746791133,False
AATGTCCTCTTCTA-1,0,0.11036789297658862,False
AATGTTGACAGTCA-1,0,0.039934800325998374,False
AATGTTGAGTTGAC-1,1,0.024420788979336257,False
AATGTTGATCTACT-1,0,0.06487695749440714,False
AATTACGAATTCCT-1,5,0.11036789297658862,False
AATTACGACTTCTA-1,0,0.04911955514365154,False
AATTACGAGTAGCT-1,2,0.023255813953488372,False
AATTACGAGTGAGG-1,0,0.06122448979591838,False
AATTACGATTGGCA-1,3,0.031161473087818706,False
AATTCCTGCTCAGA-1,3,0.011152416356877323,False
AATTGATGTCGCAA-1,4,0.031161473087818706,False
AATTGTGACTTGGA-1,3,0.031161473087818706,False
ACAAAGGAGGGTGA-1,0,0.04201680672268908,False
ACAAATTGATTCTC-1,4,0.029675638371290544,False
ACAAATTGCTCAGA-1,1,0.013972055888223553,False
ACAAATTGTTGCGA-1,2,0.06122448979591838,False
ACAACCGAGGGATG-1,2,0.02692055154300722,False
ACAACCGAGTTACG-1,0,0.05785123966942148,False
ACAAGAGAAGTCGT-1,1,0.04423243712055507,False
ACAAGAGACTTATC-1,0,0.04201680672268908,False
ACAAGAGAGTTGAC-1,3,0.022142429682824656,False
ACAATCCTAACCGT-1,0,0.0731707317073171,False
ACAATCCTTAGCGT-1,3,0.01637612255678817,False
ACAATTGACTGACA-1,2,0.04423243712055507,False
ACAATTGATGACTG-1,2,0.02692055154300722,False
ACACAGACACCTGA-1,1,0.04911955514365154,False
ACACAGACCATACG-1,2,0.05785123966942148,False
ACACCAGAGGGCAA-1,0,0.036126056879323604,False
ACACCCTGGTGTTG-1,2,0.028263795423956937,False
ACACGAACAGTTCG-1,0,0.039934800325998374,False
ACACGATGACGCAT-1,2,0.05785123966942148,False
ACACGATGATGTGC-1,1,0.029675638371290544,False
ACACGATGTCGTAG-1,2,0.08310991957104558,False
ACACGATGTGGTCA-1,2,0.025641025641025644,False
ACAGACACGGCATT-1,0,0.051823416506717866,False
ACAGACACGTTGTG-1,0,0.06487695749440714,False
ACAGCAACACCTAG-1,1,0.06487695749440714,False
ACAGCAACCTCAAG-1,4,0.05785123966942148,False
ACAGGTACCCCACT-1,0,0.06122448979591838,False
ACAGGTACGCTGTA-1,2,0.06884480746791133,False
ACAGGTACTGGTGT-1,2,0.013228809407153359,False
ACAGTCGACCCAAA-1,0,0.025641025641025644,False
ACAGTCGACCGATA-1,2,0.028263795423956937,False
ACAGTGACTCACCC-1,0,0.11036789297658862,False
ACAGTGACTCTATC-1,2,0.04659498207885305,False
ACAGTGTGGTCACA-1,0,0.022142429682824656,False
ACAGTGTGTTGCGA-1,1,0.018141836173721827,False
ACATCACTCTACTT-1,1,0.031161473087818706,False
ACATGGTGAAGCCT-1,0,0.04201680672268908,False
ACATGGTGCAACCA-1,3,0.24503311258278151,False
ACATGGTGCGAGTT-1,0,0.08310991957104558,False
ACATGGTGCGTTGA-1,2,0.025641025641025644,False
ACATTCTGGCATAC-1,0,0.04201680672268908,False
ACATTCTGGGAACG-1,1,0.4031413612565445,True
ACCAACGACATGCA-1,0,0.04659498207885305,False
ACCACAGAAAGTAG-1,0,0.039934800325998374,False
ACCACAGAGTTGGT-1,0,0.06487695749440714,False
ACCACCTGTGTGCA-1,0,0.04201680672268908,False
ACCACGCTACAGCT-1,0,0.08310991957104558,False
ACCACGCTACCCAA-1,2,0.07790549169859513,False
ACCACGCTGCGAGA-1,0,0.08885754583921016,False
ACCACGCTGCTGTA-1,0,0.08885754583921016,False
ACCAGCCTGACAGG-1,0,0.051823416506717866,False
ACCAGTGAACGGTT-1,3,0.013972055888223553,False
ACCAGTGAATACCG-1,4,0.04659498207885305,False
ACCAGTGAGGGATG-1,0,0.02692055154300722,False
ACCAGTGATGACTG-1,1,0.025641025641025644,False
ACCATTACCTTCTA-1,0,0.09523809523809527,False
ACCATTACGAGATA-1,0,0.023255813953488372,False
ACCATTTGTCATTC-1,0,0.06487695749440714,False
ACCCAAGAACTGTG-1,2,0.04423243712055507,False
ACCCAAGAATTCCT-1,4,0.02692055154300722,False
ACCCAAGAGGACAG-1,0,0.05785123966942148,False
ACCCAAGATTCACT-1,3,0.039934800325998374,False
ACCCACTGCGCCTT-1,1,0.03272727272727273,False
ACCCACTGGACAGG-1,0,0.05785123966942148,False
ACCCACTGGTTCAG-1,6,0.07790549169859513,False
ACCCACTGTCGTAG-1,1,0.04423243712055507,False
ACCCAGCTCAGAAA-1,0,0.039934800325998374,False
ACCCAGCTGTTAGC-1,1,0.2830188679245281,True
ACCCAGCTTGCTTT-1,0,0.03437967115097159,False
ACCCGTTGATGACC-1,3,0.023255813953488372,False
ACCCGTTGCTGCAA-1,0,0.06487695749440714,False
ACCCGTTGCTTCTA-1,5,0.33333333333333315,True
ACCCTCGACCTATT-1,0,0.051823416506717866,False
ACCCTCGACGGTAT-1,3,0.03797468354430379,False
ACCCTCGATAAGGA-1,1,0.15555555555555556,False
ACCCTCGATCAAGC-1,1,0.014743263853584135,False
ACCGTGCTACCAGT-1,0,0.024420788979336257,False
ACCGTGCTGGAACG-1,3,0.018141836173721827,False
ACCTATTGCTGAGT-1,3,0.018141836173721827,False
ACCTATTGTGCCCT-1,4,0.03797468354430379,False
ACCTCCGAGTCCTC-1,0,0.0731707317073171,False
ACCTCCGATATGCG-1,0,0.03797468354430379,False
ACCTCCGATGCTGA-1,0,0.022142429682824656,False
ACCTCGTGAACCAC-1,2,0.07790549169859513,False
ACCTGAGATATCGG-1,1,0.04911955514365154,False
ACCTGGCTAAGTAG-1,2,0.008130081300813009,False
ACCTGGCTGTCTTT-1,1,0.05472636815920398,False
ACCTTTGACTCCCA-1,1,0.024420788979336257,False
ACCTTTGAGGAACG-1,1,0.02692055154300722,False
ACCTTTGAGGAAGC-1,4,0.06122448979591838,False
ACGAACACCTTGTT-1,2,0.03797468354430379,False
ACGAACTGGCTATG-1,6,0.09523809523809527,False
ACGAAGCTCTCCAC-1,0,0.051823416506717866,False
ACGAAGCTCTGAGT-1,3,0.031161473087818706,False
ACGACCCTATCTCT-1,4,0.029675638371290544,False
ACGACCCTGATGAA-1,2,0.07790549169859513,False
ACGACCCTTGACAC-1,3,0.03437967115097159,False
ACGACCCTTGACCA-1,0,0.036126056879323604,False
ACGAGGGACAGGAG-1,5,0.08310991957104558,False
ACGAGGGACGAACT-1,0,0.03797468354430379,False
ACGAGGGATGTAGC-1,0,0.12977099236641218,False
ACGAGTACCCTAAG-1,3,0.011152416356877323,False
ACGAGTACGAATCC-1,3,0.33333333333333315,True
ACGATCGAGGACTT-1,2,0.04423243712055507,False
ACGATCGAGTCACA-1,1,0.02005730659025788,False
ACGATGACAATGCC-1,0,0.05785123966942148,False
ACGATGACTGGTCA-1,0,0.06884480746791133,False
ACGATTCTACGGGA-1,2,0.01724137931034483,False
ACGCAATGGTTCAG-1,2,0.04423243712055507,False
ACGCACCTGTTAGC-1,3,0.014743263853584135,False
ACGCCACTGAACTC-1,1,0.08310991957104558,False
ACGCCGGAAACCAC-1,1,0.03437967115097159,False
ACGCCGGAAAGCCT-1,0,0.06884480746791133,False
ACGCCGGAAATGCC-1,0,0.029675638371290544,False
ACGCCTTGCTCCCA-1,4,0.01724137931034483,False
ACGCGGTGGCGAGA-1,0,0.051823416506717866,False
ACGCGGTGTGTGGT-1,3,0.04659498207885305,False
ACGCGGTGTTTGCT-1,2,0.022142429682824656,False
ACGCTCACAGTACC-1,0,0.05472636815920398,False
ACGCTCACCCTTGC-1,0,0.04911955514365154,False
ACGCTGCTGTTCTT-1,2,0.03272727272727273,False
ACGGAACTCAGATC-1,2,0.021077283372365346,False
ACGGAACTGTCGTA-1,4,0.04659498207885305,False
ACGGAGGACTCTTA-1,1,0.025641025641025644,False
ACGGATTGGGAGGT-1,3,0.009883198562443848,False
ACGGATTGGTTAGC-1,0,0.05785123966942148,False
ACGGCTCTGAGCAG-1,0,0.11036789297658862,False
ACGGCTCTTGCACA-1,0,0.12977099236641218,False
ACGGTAACCGCTAA-1,0,0.06487695749440714,False
ACGGTAACCTTCGC-1,2,0.04659498207885305,False
ACGGTAACGGTGGA-1,0,0.02692055154300722,False
ACGGTAACTCGCAA-1,2,0.06122448979591838,False
ACGGTATGAGTCGT-1,1,0.015544041450777207,False
ACGGTATGGGTATC-1,3,0.010507080858839652,False
ACGGTATGGTTGTG-1,3,0.028263795423956937,False
ACGGTCCTAACGGG-1,0,0.09523809523809527,False
ACGGTCCTCGGGAA-1,0,0.07790549169859513,False
ACGTAGACAACCAC-1,0,0.024420788979336257,False
ACGTAGACTACAGC-1,3,0.013972055888223553,False
ACGTCAGAAACGAA-1,0,0.06884480746791133,False
ACGTCAGAGAGCTT-1,1,0.02692055154300722,False
ACGTCAGAGGGATG-1,0,0.0731707317073171,False
ACGTCCTGATAAGG-1,1,0.04659498207885305,False
ACGTCCTGTGAACC-1,1,0.03437967115097159,False
ACGTCGCTCCTGAA-1,7,0.031161473087818706,False
ACGTCGCTCTATTC-1,1,0.5064935064935057,True
ACGTCGCTTCTCAT-1,3,0.03437967115097159,False
ACGTGATGCCATGA-1,5,0.08885754583921016,False
ACGTGATGGGTCTA-1,0,0.04423243712055507,False
ACGTGATGTAACCG-1,4,0.024420788979336257,False
ACGTGATGTGACAC-1,2,0.014743263853584135,False
ACGTGCCTCCGTAA-1,0,0.06884480746791133,False
ACGTGCCTTCTATC-1,2,0.021077283372365346,False
ACGTTACTTTCCAT-1,0,0.10236220472440943,False
ACGTTGGAAAAGCA-1,0,0.0731707317073171,False
ACGTTGGAAACCTG-1,2,0.04423243712055507,False
ACGTTGGACCGTAA-1,1,0.02692055154300722,False
ACGTTGGAGCCAAT-1,2,0.04201680672268908,False
ACGTTGGATATGGC-1,3,0.11942959001782533,False
ACGTTGGATCAGGT-1,1,0.04423243712055507,False
ACGTTTACATCAGC-1,0,0.04911955514365154,False
ACTAAAACCCACAA-1,0,0.03797468354430379,False
ACTAAAACTCGACA-1,1,0.031161473087818706,False
ACTACGGAATTTCC-1,0,0.05785123966942148,False
ACTACGGACCTATT-1,0,0.05472636815920398,False
ACTACGGATCGCTC-1,0,0.0731707317073171,False
ACTACTACTAAGGA-1,0,0.03797468354430379,False
ACTAGGTGGAACCT-1,0,0.10236220472440943,False
ACTAGGTGGAACTC-1,0,0.06884480746791133,False
ACTATCACCTTGGA-1,2,0.029675638371290544,False
ACTATCACTGCCAA-1,0,0.02692055154300722,False
ACTCAGGACTGAAC-1,0,0.03797468354430379,False
ACTCAGGATCTATC-1,3,0.02692055154300722,False
ACTCAGGATTCGTT-1,1,0.14168377823408632,False
ACTCCTCTCAACTG-1,0,0.08310991957104558,False
ACTCGCACGAAAGT-1,1,0.025641025641025644,False
ACTCGCACTACGAC-1,1,0.04423243712055507,False
ACTCTCCTGACACT-1,0,0.03797468354430379,False
ACTCTCCTGCATAC-1,0,0.09523809523809527,False
ACTCTCCTGTTTGG-1,0,0.051823416506717866,False
ACTGAGACAACCAC-1,2,0.039934800325998374,False
ACTGAGACCCATAG-1,4,0.039934800325998374,False
ACTGAGACGTTGGT-1,3,0.24503311258278151,False
ACTGCCACACACGT-1,0,0.03437967115097159,False
ACTGCCACTCCGTC-1,2,0.051823416506717866,False
ACTGGCCTTCAGTG-1,2,0.012512030798845043,False
ACTGTGGACGTGTA-1,2,0.24503311258278151,False
ACTGTGGATCTAGG-1,3,0.33333333333333315,True
ACTGTTACCCACAA-1,1,0.018141836173721827,False
ACTGTTACTGCAGT-1,0,0.06122448979591838,False
ACTTAAGAACCACA-1,0,0.06487695749440714,False
ACTTAAGACCACAA-1,0,0.05785123966942148,False
ACTTAAGATTACTC-1,5,0.11942959001782533,False
ACTTAGCTGCGTAT-1,4,0.015544041450777207,False
ACTTAGCTGGGAGT-1,0,0.05785123966942148,False
ACTTCAACAAGCAA-1,7,0.029675638371290544,False
ACTTCAACGTAGGG-1,2,0.021077283372365346,False
ACTTCCCTTTCCGC-1,0,0.039934800325998374,False
ACTTCTGACATGCA-1,3,0.06487695749440714,False
ACTTGACTCCACAA-1,3,0.01637612255678817,False
ACTTGGGAGAAAGT-1,1,0.04659498207885305,False
ACTTGGGAGGTTTG-1,0,0.08310991957104558,False
ACTTGGGATGTGAC-1,4,0.11942959001782533,False
ACTTGGGATTGACG-1,1,0.031161473087818706,False
ACTTGTACCCGAAT-1,0,0.03437967115097159,False
ACTTGTACCTGTCC-1,0,0.022142429682824656,False
ACTTTGTGCGATAC-1,0,0.036126056879323604,False
ACTTTGTGGAAAGT-1,0,0.04423243712055507,False
ACTTTGTGGATAGA-1,1,0.06884480746791133,False
AGAAACGAAAGTAG-1,3,0.036126056879323604,False
AGAAAGTGCGCAAT-1,0,0.05785123966942148,False
AGAAAGTGGGGATG-1,1,0.019079685746352413,False
AGAACAGAAATGCC-1,2,0.08310991957104558,False
AGAACAGACGACTA-1,3,0.028263795423956937,False
AGAACAGAGACAAA-1,0,0.11036789297658862,False
AGAACGCTTTGCTT-1,0,0.028263795423956937,False
AGAAGATGTGACTG-1,0,0.08310991957104558,False
AGAATGGAAGAAGT-1,2,0.04201680672268908,False
AGAATTTGTAACCG-1,0,0.06122448979591838,False
AGAATTTGTAGAGA-1,0,0.028263795423956937,False
AGACACACTGTAGC-1,0,0.028263795423956937,False
AGACACTGTCAAGC-1,1,0.013228809407153359,False
AGACCTGAAGTAGA-1,1,0.03437967115097159,False
AGACCTGACCAACA-1,0,0.04911955514365154,False
AGACCTGAGGAAGC-1,2,0.06884480746791133,False
AGACGTACAGAGGC-1,0,0.04201680672268908,False
AGACGTACCCCTAC-1,3,0.018141836173721827,False
AGACGTACCTCTTA-1,1,0.04659498207885305,False
AGACGTACTCGTGA-1,4,0.022142429682824656,False
AGACTGACCATCAG-1,2,0.019079685746352413,False
AGACTGACCCTTTA-1,0,0.06884480746791133,False
AGACTTCTCATGCA-1,3,0.013972055888223553,False
AGAGATGACAGTCA-1,3,0.011820330969267141,False
AGAGATGACTGAAC-1,0,0.022142429682824656,False
AGAGATGAGGTTTG-1,1,0.031161473087818706,False
AGAGATGATCTCGC-1,3,0.06122448979591838,False
AGAGATGATTGTGG-1,0,0.06487695749440714,False
AGAGCGGAGGCAAG-1,1,0.07790549169859513,False
AGAGGTCTACAGCT-1,7,0.04911955514365154,False
AGAGTCTGGTCGTA-1,4,0.025641025641025644,False
AGAGTGCTCAGCTA-1,0,0.0731707317073171,False
AGAGTGCTCGAATC-1,0,0.10236220472440943,False
AGAGTGCTGTCATG-1,0,0.05472636815920398,False
AGAGTGCTGTCCTC-1,2,0.11036789297658862,False
AGAGTGCTGTGTTG-1,3,0.022142429682824656,False
AGATATACCCGTAA-1,2,0.039934800325998374,False
AGATATACGATGAA-1,0,0.09523809523809527,False
AGATATACTGTTCT-1,3,0.02692055154300722,False
AGATATTGCCTACC-1,2,0.08885754583921016,False
AGATATTGGCCAAT-1,1,0.028263795423956937,False
AGATCGTGTCTGGA-1,1,0.02692055154300722,False
AGATCGTGTTTGTC-1,3,0.02005730659025788,False
AGATCTCTATCACG-1,3,0.05472636815920398,False
AGATTAACGTTCTT-1,4,0.028263795423956937,False
AGATTCCTATCGTG-1,0,0.08885754583921016,False
AGATTCCTCACTTT-1,1,0.023255813953488372,False
AGATTCCTGACGAG-1,1,0.02692055154300722,False
AGATTCCTGTTCAG-1,2,0.019079685746352413,False
AGCAAAGATATGCG-1,0,0.06122448979591838,False
AGCACAACAGTCTG-1,0,0.1914893617021276,False
AGCACTGAGGGAGT-1,0,0.0731707317073171,False
AGCACTGATATGCG-1,0,0.051823416506717866,False
AGCACTGATGCTTT-1,5,0.07790549169859513,False
AGCACTGATTGCGA-1,0,0.0731707317073171,False
AGCATCGAAGATCC-1,0,0.03797468354430379,False
AGCATCGAAGGGTG-1,3,0.028263795423956937,False
AGCATCGAGCTTCC-1,1,0.023255813953488372,False
AGCATCGAGTGAGG-1,0,0.11942959001782533,False
AGCATCGATAACCG-1,1,0.031161473087818706,False
AGCATGACGATGAA-1,2,0.10236220472440943,False
AGCCAATGGGGAGT-1,4,0.019079685746352413,False
AGCCAATGTATCTC-1,0,0.06884480746791133,False
AGCCACCTGGATCT-1,2,0.04659498207885305,False
AGCCGGTGCCAATG-1,0,0.0731707317073171,False
AGCCGGTGTGTTTC-1,0,0.05785123966942148,False
AGCCGTCTCAATCG-1,0,0.10236220472440943,False
AGCCGTCTGAGAGC-1,0,0.06122448979591838,False
AGCCTCACGTTCGA-1,0,0.036126056879323604,False
AGCCTCACTGTCAG-1,4,0.05472636815920398,False
AGCCTCTGCAGTTG-1,3,0.019079685746352413,False
AGCCTCTGCCAATG-1,2,0.04911955514365154,False
AGCGAACTGGATCT-1,0,0.03797468354430379,False
AGCGAACTTACTGG-1,0,0.03272727272727273,False
AGCGATACGGAGCA-1,0,0.04201680672268908,False
AGCGATTGAGATCC-1,2,0.02005730659025788,False
AGCGCCGAATCTCT-1,0,0.0731707317073171,False
AGCGCCGACAGAGG-1,0,0.10236220472440943,False
AGCGCTCTACCTTT-1,0,0.05472636815920398,False
AGCGGCACCGGGAA-1,0,0.023255813953488372,False
AGCGGCTGATGTGC-1,0,0.09523809523809527,False
AGCGGGCTTGCCAA-1,0,0.04659498207885305,False
AGCGTAACATGCTG-1,0,0.04423243712055507,False
AGCGTAACTGAGAA-1,1,0.02692055154300722,False
AGCTCGCTACTGGT-1,0,0.03797468354430379,False
AGCTCGCTCTGCTC-1,0,0.04911955514365154,False
AGCTGAACCATACG-1,4,0.036126056879323604,False
AGCTGAACCTCTCG-1,0,0.04659498207885305,False
AGCTGCCTTGGGAG-1,1,0.04423243712055507,False
AGCTGCCTTTCATC-1,0,0.11036789297658862,False
AGCTGCCTTTCTGT-1,0,0.10236220472440943,False
AGCTGTGATCCAAG-1,0,0.02692055154300722,False
AGCTTTACAAGTAG-1,0,0.036126056879323604,False
AGCTTTACACCAAC-1,2,0.10236220472440943,False
AGCTTTACTCTCAT-1,3,0.09523809523809527,False
AGGAAATGAGGAGC-1,0,0.05472636815920398,False
AGGAACCTCTTAGG-1,4,0.03437967115097159,False
AGGAACCTTGCCTC-1,2,0.02692055154300722,False
AGGAATGATAACGC-1,0,0.06884480746791133,False
AGGAATGATTTGTC-1,0,0.08310991957104558,False
AGGAGTCTGGTTTG-1,0,0.06487695749440714,False
AGGAGTCTTGTCAG-1,0,0.04659498207885305,False
AGGATAGACATTTC-1,0,0.0731707317073171,False
AGGATAGAGGATTC-1,2,0.029675638371290544,False
AGGATGCTACTAGC-1,3,0.012512030798845043,False
AGGATGCTTTAGGC-1,2,0.014743263853584135,False
AGGCAACTGAAGGC-1,0,0.06122448979591838,False
AGGCAGGAGTACCA-1,2,0.05472636815920398,False
AGGCCTCTAGTCGT-1,0,0.03797468354430379,False
AGGCCTCTCGGAGA-1,0,0.10236220472440943,False
AGGCCTCTCGTAAC-1,0,0.025641025641025644,False
AGGGACGACGTTGA-1,0,0.08310991957104558,False
AGGGACGAGTCAAC-1,2,0.010507080858839652,False
AGGGACGAGTTGTG-1,0,0.04201680672268908,False
AGGGACGATAGAGA-1,2,0.11942959001782533,False
AGGGACGATGCATG-1,2,0.02692055154300722,False
AGGGAGTGAGCCTA-1,0,0.051823416506717866,False
AGGGCCACCATACG-1,0,0.06487695749440714,False
AGGGCGCTAACCAC-1,1,0.33333333333333315,True
AGGGCGCTATGGTC-1,0,0.15555555555555556,False
AGGGTGGACAGTCA-1,3,0.02692055154300722,False
AGGGTGGACTCAAG-1,1,0.039934800325998374,False
AGGGTGGAGTTGCA-1,2,0.039934800325998374,False
AGGGTTTGTTCATC-1,1,0.03797468354430379,False
AGGTCATGAGTGTC-1,3,0.06884480746791133,False
AGGTCATGCTTATC-1,2,0.04659498207885305,False
AGGTCTGATTCTCA-1,4,0.031161473087818706,False
AGGTGGGAAGAATG-1,0,0.04659498207885305,False
AGGTGGGAAGTTCG-1,0,0.06122448979591838,False
AGGTGTTGGTTACG-1,3,0.039934800325998374,False
AGGTTCGAACCTCC-1,1,0.029675638371290544,False
AGGTTCGAACGTAC-1,1,0.025641025641025644,False
AGGTTCGAGGGTGA-1,0,0.06884480746791133,False
AGTAAGGAGTTTGG-1,0,0.09523809523809527,False
AGTAAGGATTCTTG-1,0,0.06122448979591838,False
AGTAATACATCACG-1,2,0.04201680672268908,False
AGTAATACCGAACT-1,3,0.02005730659025788,False
AGTAATTGTCCCAC-1,0,0.10236220472440943,False
AGTACGTGAGGGTG-1,0,0.05785123966942148,False
AGTACGTGCTGCAA-1,0,0.04659498207885305,False
AGTACGTGCTTGGA-1,0,0.04201680672268908,False
AGTACTCTACGTGT-1,3,0.025641025641025644,False
AGTACTCTCAACCA-1,2,0.018141836173721827,False
AGTACTCTCGGTAT-1,0,0.08310991957104558,False
AGTAGGCTTGCCTC-1,4,0.05785123966942148,False
AGTATAACTTGTCT-1,4,0.025641025641025644,False
AGTATCCTAGAACA-1,0,0.04423243712055507,False
AGTCACGATGAGCT-1,2,0.11036789297658862,False
AGTCAGACGAATAG-1,0,0.09523809523809527,False
AGTCAGACGCTTAG-1,0,0.09523809523809527,False
AGTCAGACTAGAGA-1,2,0.11942959001782533,False
AGTCAGACTGCACA-1,0,0.06884480746791133,False
AGTCCAGATATCTC-1,0,0.06122448979591838,False
AGTCCAGATTTCAC-1,0,0.12977099236641218,False
AGTCGAACCAACCA-1,0,0.05472636815920398,False
AGTCGCCTCCGTAA-1,0,0.06487695749440714,False
AGTCTACTAGGGTG-1,1,0.024420788979336257,False
AGTCTACTTGCATG-1,4,0.039934800325998374,False
AGTCTTACACCACA-1,0,0.05472636815920398,False
AGTCTTACTTCGCC-1,2,0.05785123966942148,False
AGTCTTACTTCGGA-1,6,0.051823416506717866,False
AGTGACTGCAACTG-1,4,0.025641025641025644,False
AGTGTTCTAACCTG-1,0,0.07790549169859513,False
AGTGTTCTATAAGG-1,0,0.11942959001782533,False
AGTGTTCTCACTTT-1,1,0.019079685746352413,False
AGTTAAACCACTTT-1,0,0.0731707317073171,False
AGTTATGAACAGTC-1,1,0.018141836173721827,False
AGTTATGACTGAGT-1,0,0.06487695749440714,False
AGTTATGAGTTCAG-1,0,0.039934800325998374,False
AGTTCTACCAGCTA-1,1,0.02005730659025788,False
AGTTCTTGAAGCCT-1,2,0.05472636815920398,False
AGTTGTCTACTACG-1,0,0.028263795423956937,False
AGTTTAGATGGTCA-1,0,0.11942959001782533,False
AGTTTCACGGTCTA-1,2,0.02005730659025788,False
AGTTTGCTACAGTC-1,0,0.03272727272727273,False
AGTTTGCTACTGGT-1,2,0.04659498207885305,False
AGTTTGCTCCAAGT-1,0,0.06122448979591838,False
ATAAACACAGTGCT-1,3,0.018141836173721827,False
ATAAACACCACCAA-1,0,0.039934800325998374,False
ATAACAACATGCTG-1,1,0.025641025641025644,False
ATAACAACGTCTAG-1,0,0.08885754583921016,False
ATAACAACTTTGTC-1,0,0.05785123966942148,False
ATAACATGTACTCT-1,0,0.11942959001782533,False
ATAACCCTGTTGGT-1,0,0.11036789297658862,False
ATAACCCTTGGTAC-1,0,0.04423243712055507,False
ATAAGTACGAATGA-1,3,0.018141836173721827,False
ATAAGTTGGTACGT-1,4,0.05785123966942148,False
ATAAGTTGTCTAGG-1,0,0.03797468354430379,False
ATAATCGAGCTGAT-1,3,0.011820330969267141,False
ATAATCGATGGTTG-1,0,0.02692055154300722,False
ATAATGACCTACTT-1,0,0.03272727272727273,False
ATAATGACTCGTGA-1,1,0.05472636815920398,False
ATACAATGTTAGGC-1,0,0.06884480746791133,False
ATACCACTCGTACA-1,1,0.022142429682824656,False
ATACCACTCTAAGC-1,5,0.0731707317073171,False
ATACCACTGCCAAT-1,2,0.04423243712055507,False
ATACCGGAATGCTG-1,5,0.06487695749440714,False
ATACCGGACATTTC-1,1,0.02005730659025788,False
ATACCGGACTTCGC-1,0,0.07790549169859513,False
ATACCGGAGGTGTT-1,1,0.011820330969267141,False
ATACCGGATCTCGC-1,0,0.06487695749440714,False
ATACCTACGCATCA-1,0,0.05785123966942148,False
ATACCTTGGGGCAA-1,0,0.06487695749440714,False
ATACGGACAGACTC-1,1,0.03272727272727273,False
ATACGGACCTACTT-1,1,0.02005730659025788,False
ATACGGACGAGGTG-1,3,0.013972055888223553,False
ATACGGACTATGCG-1,3,0.05785123966942148,False
ATACGGACTCTGGA-1,1,0.024420788979336257,False
ATACGTCTTAACGC-1,1,0.029675638371290544,False
ATACTCTGCTTCGC-1,1,0.04659498207885305,False
ATACTCTGGTATGC-1,2,0.09523809523809527,False
ATAGATACCATGGT-1,0,0.02692055154300722,False
ATAGATACGACGAG-1,0,0.024420788979336257,False
ATAGATTGGTGTAC-1,3,0.036126056879323604,False
ATAGCCGAACGGAG-1,0,0.0731707317073171,False
ATAGCGTGCAGATC-1,0,0.05472636815920398,False
ATAGCGTGCCCTTG-1,1,0.029675638371290544,False
ATAGCGTGGTATCG-1,1,0.036126056879323604,False
ATAGCGTGTCTCTA-1,0,0.04659498207885305,False
ATAGCTCTCTGATG-1,0,0.051823416506717866,False
ATAGCTCTGAGGTG-1,0,0.04201680672268908,False
ATAGGAGAAACAGA-1,1,0.051823416506717866,False
ATAGGCTGTCAGAC-1,0,0.05472636815920398,False
ATAGTCCTAGTGTC-1,1,0.022142429682824656,False
ATAGTCCTTGCATG-1,2,0.06884480746791133,False
ATAGTCCTTGTCGA-1,0,0.025641025641025644,False
ATAGTTGACAACTG-1,0,0.03797468354430379,False
ATAGTTGACCCTCA-1,4,0.022142429682824656,False
ATAGTTGAGACGTT-1,0,0.06884480746791133,False
ATAGTTGATAAGCC-1,0,0.07790549169859513,False
ATATACGAAGCCAT-1,0,0.04659498207885305,False
ATATACGAATTGGC-1,0,0.03437967115097159,False
ATATAGTGGAATGA-1,1,0.025641025641025644,False
ATATGCCTAGATCC-1,1,0.051823416506717866,False
ATATGCCTGGACAG-1,0,0.09523809523809527,False
ATATGCCTTCTCTA-1,0,0.04201680672268908,False
ATATGCCTTGGTAC-1,0,0.028263795423956937,False
ATCAAATGAGCCTA-1,1,0.051823416506717866,False
ATCAAATGGGTAAA-1,4,0.06487695749440714,False
ATCAACCTAAACGA-1,0,0.09523809523809527,False
ATCAACCTGAGGAC-1,0,0.08310991957104558,False
ATCAACCTTCTCTA-1,2,0.07790549169859513,False
ATCAACCTTTGTCT-1,2,0.2830188679245281,True
ATCACACTTTGTCT-1,0,0.02692055154300722,False
ATCACGGATTGCTT-1,1,0.013972055888223553,False
ATCACGGATTTCGT-1,3,0.025641025641025644,False
ATCATCTGACACCA-1,6,0.08310991957104558,False
ATCATGCTAGAGTA-1,2,0.10236220472440943,False
ATCATGCTGAACCT-1,3,0.03797468354430379,False
ATCCAGGACGCTAA-1,4,0.01637612255678817,False
ATCCAGGATGGAAA-1,0,0.0731707317073171,False
ATCCATACTCCTTA-1,1,0.023255813953488372,False
ATCCATACTTCATC-1,4,0.018141836173721827,False
ATCCCGTGCAGTCA-1,2,0.024420788979336257,False
ATCCCGTGCATGCA-1,3,0.012512030798845043,False
ATCCCGTGGCTGAT-1,3,0.023255813953488372,False
ATCCGCACGCATCA-1,3,0.022142429682824656,False
ATCCTAACGACGGA-1,3,0.031161473087818706,False
ATCCTAACGCTACA-1,2,0.06884480746791133,False
ATCGACGAAACTGC-1,1,0.036126056879323604,False
ATCGACGAATGACC-1,0,0.03797468354430379,False
ATCGAGTGGACGTT-1,2,0.06122448979591838,False
ATCGCAGAATCTCT-1,4,0.02005730659025788,False
ATCGCAGAGTGTCA-1,3,0.023255813953488372,False
ATCGCCACTGAGGG-1,2,0.12977099236641218,False
ATCGCCTGGGTCAT-1,0,0.04423243712055507,False
ATCGCCTGTGGCAT-1,3,0.03797468354430379,False
ATCGCGCTCAGAGG-1,1,0.022142429682824656,False
ATCGCGCTGGGATG-1,0,0.039934800325998374,False
ATCGCGCTTTTCGT-1,3,0.014743263853584135,False
ATCGGAACCAGTCA-1,0,0.036126056879323604,False
ATCGGTGAGTCAAC-1,0,0.04201680672268908,False
ATCGGTGATTGCAG-1,0,0.0731707317073171,False
ATCGTTTGCCTACC-1,1,0.03797468354430379,False
ATCGTTTGGGTACT-1,1,0.019079685746352413,False
ATCGTTTGTGCCAA-1,1,0.05785123966942148,False
ATCTACACCCGCTT-1,1,0.025641025641025644,False
ATCTACACCGGGAA-1,0,0.08885754583921016,False
ATCTCAACAGGAGC-1,3,0.012512030798845043,False
ATCTCAACCTCGAA-1,0,0.031161473087818706,False
ATCTCAACCTTGTT-1,1,0.01724137931034483,False
ATCTGGGAAACCAC-1,1,0.014743263853584135,False
ATCTGGGAAGTGTC-1,1,0.05472636815920398,False
ATCTGGGATTCCGC-1,0,0.10236220472440943,False
ATCTGTTGAACGGG-1,0,0.04911955514365154,False
ATCTGTTGACCTCC-1,0,0.04659498207885305,False
ATCTGTTGCCTTCG-1,4,0.023255813953488372,False
ATCTGTTGGTTGCA-1,0,0.10236220472440943,False
ATCTTGACACCAAC-1,0,0.05472636815920398,False
ATCTTGACCTCCCA-1,1,0.07790549169859513,False
ATCTTTCTGCATCA-1,0,0.11036789297658862,False
ATCTTTCTGTTTCT-1,2,0.051823416506717866,False
ATCTTTCTTGTCCC-1,2,0.008130081300813009,False
ATGAAACTCTGTGA-1,0,0.04911955514365154,False
ATGAAACTGAGGCA-1,0,0.11036789297658862,False
ATGAAGGAACAGCT-1,2,0.036126056879323604,False
ATGAAGGACCTGTC-1,3,0.018141836173721827,False
ATGAAGGACCTTAT-1,3,0.012512030798845043,False
ATGAAGGACTAGTG-1,3,0.019079685746352413,False
ATGAAGGACTTGCC-1,2,0.015544041450777207,False
ATGACGTGACGACT-1,3,0.023255813953488372,False
ATGACGTGATCGGT-1,1,0.023255813953488372,False
ATGAGAGAAAGTGA-1,0,0.05472636815920398,False
ATGAGAGAACGCAT-1,0,0.028263795423956937,False
ATGAGAGAAGTAGA-1,3,0.013228809407153359,False
ATGAGCACACAGCT-1,0,0.04911955514365154,False
ATGAGCACATCTTC-1,0,0.07790549169859513,False
ATGATAACTTCACT-1,2,0.05785123966942148,False
ATGATATGAAACAG-1,0,0.15555555555555556,False
ATGATATGACTGGT-1,0,0.05472636815920398,False
ATGATATGAGCACT-1,0,0.04911955514365154,False
ATGATATGGTCATG-1,0,0.03797468354430379,False
ATGATATGGTGCTA-1,2,0.011152416356877323,False
ATGATATGTTGTCT-1,1,0.04911955514365154,False
ATGCACGAATGTCG-1,3,0.013228809407153359,False
ATGCACGACTGTAG-1,0,0.051823416506717866,False
ATGCACGAGAACCT-1,3,0.2830188679245281,True
ATGCACGAGTTCGA-1,0,0.03797468354430379,False
ATGCACGATTGGTG-1,1,0.05785123966942148,False
ATGCAGTGTTACCT-1,3,0.011820330969267141,False
ATGCAGTGTTCTAC-1,0,0.07790549169859513,False
ATGCCAGAACGACT-1,0,0.03797468354430379,False
ATGCCAGACAGTCA-1,1,0.029675638371290544,False
ATGCCGCTTGAACC-1,1,0.029675638371290544,False
ATGCGATGCTATGG-1,1,0.028263795423956937,False
ATGCGATGCTGAGT-1,0,0.04423243712055507,False
ATGCGATGGTTACG-1,3,0.12977099236641218,False
ATGCGCCTTCATTC-1,0,0.039934800325998374,False
ATGCTTTGCGAATC-1,0,0.06122448979591838,False
ATGCTTTGGGCGAA-1,2,0.06122448979591838,False
ATGCTTTGTAGTCG-1,3,0.014743263853584135,False
ATGGACACATCGGT-1,0,0.051823416506717866,False
ATGGACACGCATCA-1,2,0.036126056879323604,False
ATGGGTACAACCTG-1,3,0.011152416356877323,False
ATGGGTACATCGGT-1,2,0.028263795423956937,False
ATGGGTACTATTCC-1,0,0.0731707317073171,False
ATGGGTACTGGGAG-1,0,0.08885754583921016,False
ATGTAAACACCTCC-1,0,0.04659498207885305,False
ATGTAAACCCGCTT-1,0,0.06122448979591838,False
ATGTAAACGGGATG-1,5,0.06884480746791133,False
ATGTAAACTCTCCG-1,0,0.08310991957104558,False
ATGTAAACTTCACT-1,1,0.031161473087818706,False
ATGTACCTCAGTCA-1,0,0.04201680672268908,False
ATGTACCTTAGTCG-1,0,0.04911955514365154,False
ATGTACCTTTATCC-1,1,0.03272727272727273,False
ATGTACCTTTCACT-1,2,0.0731707317073171,False
ATGTCACTAATGCC-1,1,0.022142429682824656,False
ATGTCACTCTGCTC-1,0,0.06122448979591838,False
ATGTCGGAGGTGAG-1,0,0.11942959001782533,False
ATGTTCACAGTCTG-1,1,0.031161473087818706,False
ATGTTCACCGTAGT-1,0,0.11942959001782533,False
ATGTTGCTTTCAGG-1,0,0.031161473087818706,False
ATTAACGATGAGAA-1,2,0.02005730659025788,False
ATTAACGATGCAAC-1,2,0.025641025641025644,False
ATTAAGACTGCAGT-1,0,0.039934800325998374,False
ATTACCTGCCTTAT-1,1,0.04911955514365154,False
ATTACCTGGAGGAC-1,4,0.013972055888223553,False
ATTACCTGGGCATT-1,3,0.011820330969267141,False
ATTAGATGTTTCAC-1,0,0.036126056879323604,False
ATTATGGAATCTCT-1,0,0.0731707317073171,False
ATTCAAGAACGGGA-1,0,0.07790549169859513,False
ATTCAAGACCTTTA-1,0,0.051823416506717866,False
ATTCAGCTCATTGG-1,6,0.08310991957104558,False
ATTCCAACCATTGG-1,1,0.029675638371290544,False
ATTCCAACTTAGGC-1,2,0.04659498207885305,False
ATTCGACTCACTAG-1,0,0.06884480746791133,False
ATTCGACTGAATAG-1,1,0.028263795423956937,False
ATTCGACTTTTGTC-1,4,0.03797468354430379,False
ATTCGGGAAAGGCG-1,1,0.14168377823408632,False
ATTCGGGATTAGGC-1,0,0.04911955514365154,False
ATTCTTCTGATACC-1,0,0.07790549169859513,False
ATTGAATGGACGGA-1,0,0.05785123966942148,False
ATTGATGAAGGTTC-1,0,0.039934800325998374,False
ATTGATGACTGAGT-1,0,0.036126056879323604,False
ATTGATGAGCGAAG-1,0,0.08885754583921016,False
ATTGATGATCTATC-1,0,0.06122448979591838,False
ATTGCACTGACGGA-1,0,0.03437967115097159,False
ATTGCACTGAGAGC-1,4,0.04911955514365154,False
ATTGCACTGGAGCA-1,1,0.022142429682824656,False
ATTGCACTTAGCCA-1,0,0.06487695749440714,False
ATTGCACTTGCTTT-1,4,0.013972055888223553,False
ATTGCTTGTTACTC-1,3,0.023255813953488372,False
ATTGGTCTGACTAC-1,3,0.019079685746352413,False
ATTGGTCTTGTCTT-1,3,0.01724137931034483,False
ATTGTAGATTCCCG-1,5,0.08885754583921016,False
ATTGTAGATTGCAG-1,0,0.051823416506717866,False
ATTGTCTGCGTACA-1,0,0.06122448979591838,False
ATTTAGGAACCATG-1,4,0.012512030798845043,False
ATTTAGGACAGAGG-1,0,0.11036789297658862,False
ATTTCCGAGATGAA-1,0,0.0731707317073171,False
ATTTCCGAGTGCTA-1,0,0.08885754583921016,False
ATTTCGTGTATGGC-1,2,0.11942959001782533,False
ATTTCTCTACTTTC-1,4,0.04201680672268908,False
ATTTCTCTAGCAAA-1,0,0.05785123966942148,False
ATTTCTCTCACTTT-1,4,0.06122448979591838,False
ATTTCTCTTCCCAC-1,0,0.03437967115097159,False
ATTTGCACAAGATG-1,1,0.01637612255678817,False
CAAAGCACAGCTCA-1,0,0.06884480746791133,False
CAAAGCACCGTAAC-1,3,0.01724137931034483,False
CAAAGCACGGTAAA-1,2,0.04201680672268908,False
CAAAGCTGAAAGTG-1,0,0.09523809523809527,False
CAAAGCTGTTGCTT-1,1,0.036126056879323604,False
CAAATATGTGACAC-1,0,0.025641025641025644,False
CAAATTGAGGGCAA-1,0,0.051823416506717866,False
CAAATTGATGGAGG-1,1,0.023255813953488372,False
CAACCAGAAAAGTG-1,0,0.11942959001782533,False
CAACCAGAAGTGCT-1,0,0.03437967115097159,False
CAACCAGAGTTCAG-1,1,0.036126056879323604,False
CAACCAGATAGAAG-1,1,0.028263795423956937,False
CAACCGCTGTTCAG-1,0,0.06122448979591838,False
CAACCGCTTTGAGC-1,0,0.05472636815920398,False
CAACGATGCGCAAT-1,4,0.039934800325998374,False
CAACGTGACTCCAC-1,1,0.03797468354430379,False
CAACGTGAGCCATA-1,2,0.025641025641025644,False
CAACGTGATCAAGC-1,1,0.039934800325998374,False
CAAGAAGACCACAA-1,2,0.015544041450777207,False
CAAGAAGACGTCTC-1,1,0.04659498207885305,False
CAAGAAGATTCTAC-1,0,0.02692055154300722,False
CAAGACTGACCTGA-1,3,0.01724137931034483,False
CAAGACTGAGTAGA-1,3,0.028263795423956937,False
CAAGCTGACCATAG-1,4,0.02005730659025788,False
CAAGCTGATCTATC-1,2,0.06122448979591838,False
CAAGGACTGTTCAG-1,0,0.11942959001782533,False
CAAGGACTTCTTTG-1,2,0.031161473087818706,False
CAAGGTTGCTCCAC-1,0,0.05472636815920398,False
CAAGGTTGTCATTC-1,3,0.018141836173721827,False
CAAGGTTGTCTGGA-1,2,0.02005730659025788,False
CAAGTCGAAACAGA-1,3,0.09523809523809527,False
CAAGTCGATAGCGT-1,1,0.024420788979336257,False
CAATAAACGCCATA-1,1,0.025641025641025644,False
CAATAATGAACTGC-1,1,0.04659498207885305,False
CAATATGACATGGT-1,0,0.06487695749440714,False
CAATATGACCTTCG-1,2,0.04201680672268908,False
CAATATGACGTTAG-1,0,0.051823416506717866,False
CAATATGAGGAGCA-1,0,0.036126056879323604,False
CAATCGGAGAAACA-1,0,0.06487695749440714,False
CAATCTACTGACTG-1,2,0.013972055888223553,False
CAATTCACCCAACA-1,2,0.10236220472440943,False
CAATTCACGATAGA-1,0,0.04911955514365154,False
CAATTCACTTGTGG-1,0,0.028263795423956937,False
CAATTCTGCTTGTT-1,1,0.03272727272727273,False
CAATTCTGGCGTAT-1,1,0.04911955514365154,False
CACAACGATACGAC-1,0,0.05472636815920398,False
CACAATCTTGTTCT-1,0,0.08885754583921016,False
CACAATCTTTCCAT-1,2,0.14168377823408632,False
CACACCTGCTTGAG-1,0,0.08310991957104558,False
CACACCTGTATGGC-1,0,0.06122448979591838,False
CACAGAACCCTTGC-1,3,0.5064935064935057,True
CACAGAACCTGATG-1,0,0.11942959001782533,False
CACAGATGGGATTC-1,0,0.05472636815920398,False
CACAGATGGTTTCT-1,1,0.022142429682824656,False
CACAGCCTGATACC-1,0,0.12977099236641218,False
CACAGCCTTGCCAA-1,4,0.009883198562443848,False
CACAGCCTTGTAGC-1,0,0.08885754583921016,False
CACAGTGATGAAGA-1,1,0.04201680672268908,False
CACATACTACAGCT-1,2,0.11942959001782533,False
CACATGGAACACGT-1,0,0.03797468354430379,False
CACATGGAAGTCGT-1,0,0.0731707317073171,False
CACCACTGCCAACA-1,0,0.04911955514365154,False
CACCACTGGCGAAG-1,2,0.039934800325998374,False
CACCCATGTTCTGT-1,0,0.03437967115097159,False
CACCGGGAATCGAC-1,0,0.08310991957104558,False
CACCGGGACGAGAG-1,2,0.03437967115097159,False
CACCGGGACGTGTA-1,0,0.03437967115097159,False
CACCGGGACTTCTA-1,7,0.06884480746791133,False
CACCGGGACTTGCC-1,2,0.04423243712055507,False
CACCGGGATTCGGA-1,2,0.1914893617021276,False
CACCGTACTAAGGA-1,3,0.051823416506717866,False
CACCGTACTAGCGT-1,0,0.039934800325998374,False
CACCTGACACCCAA-1,2,0.04911955514365154,False
CACCTGACCAGAAA-1,0,0.04659498207885305,False
CACCTGACCTCAAG-1,2,0.023255813953488372,False
CACCTGACGAAAGT-1,3,0.036126056879323604,False
CACCTGACTCGTAG-1,0,0.08310991957104558,False
CACGAAACTTCCGC-1,3,0.024420788979336257,False
CACGACCTCGATAC-1,3,0.03437967115097159,False
CACGCTACAGAAGT-1,0,0.03272727272727273,False
CACGCTACTGTTCT-1,3,0.01724137931034483,False
CACGCTACTTGACG-1,1,0.1914893617021276,False
CACGGGACAGAGTA-1,0,0.05472636815920398,False
CACGGGACATAAGG-1,0,0.08310991957104558,False
CACGGGACGTAGGG-1,0,0.06122448979591838,False
CACGGGTGCTTCGC-1,2,0.039934800325998374,False
CACGGGTGGAGGAC-1,2,0.04911955514365154,False
CACGGGTGTGTTTC-1,0,0.03797468354430379,False
CACTAACTCCTAAG-1,3,0.06487695749440714,False
CACTAACTGAAAGT-1,0,0.04201680672268908,False
CACTAGGATGATGC-1,3,0.03797468354430379,False
CACTATACCCCGTT-1,3,0.10236220472440943,False
CACTATACGTTTGG-1,2,0.04911955514365154,False
CACTGAGACAGTCA-1,1,0.028263795423956937,False
CACTGCACTTCATC-1,0,0.11036789297658862,False
CACTGCTGAGACTC-1,4,0.01724137931034483,False
CACTGCTGGAAAGT-1,0,0.08310991957104558,False
CACTTAACCGAATC-1,0,0.07790549169859513,False
CACTTAACCGTACA-1,3,0.021077283372365346,False
CACTTTGACTCTAT-1,2,0.036126056879323604,False
CACTTTGAGCTGTA-1,2,0.05785123966942148,False
CAGAAGCTCTCAAG-1,0,0.04201680672268908,False
CAGACATGAACGGG-1,0,0.024420788979336257,False
CAGACATGTCGACA-1,0,0.06487695749440714,False
CAGACCCTAAGGTA-1,4,0.11036789297658862,False
CAGACCCTAATGCC-1,0,0.08310991957104558,False
CAGACCCTAGGAGC-1,0,0.05785123966942148,False
CAGACTGAGTATGC-1,0,0.06487695749440714,False
CAGATCGAATGTCG-1,3,0.014743263853584135,False
CAGATCGACCTGAA-1,0,0.06487695749440714,False
CAGATCGATATGGC-1,0,0.04423243712055507,False
CAGATGACATTCTC-1,2,0.028263795423956937,False
CAGCAATGCCTTCG-1,0,0.036126056879323604,False
CAGCAATGGAGGGT-1,2,0.021077283372365346,False
CAGCAATGGTGCTA-1,0,0.05785123966942148,False
CAGCAATGTCTACT-1,1,0.022142429682824656,False
CAGCAATGTGACCA-1,0,0.08310991957104558,False
CAGCAATGTGAGGG-1,1,0.028263795423956937,False
CAGCACCTAAGCCT-1,0,0.08885754583921016,False
CAGCACCTAGGCGA-1,0,0.08310991957104558,False
CAGCACCTGTAGGG-1,1,0.03437967115097159,False
CAGCATGACAACCA-1,1,0.031161473087818706,False
CAGCATGAGACGTT-1,2,0.11036789297658862,False
CAGCCTACCCAACA-1,0,0.06884480746791133,False
CAGCCTTGCTACCC-1,1,0.029675638371290544,False
CAGCCTTGGGGACA-1,0,0.05472636815920398,False
CAGCGGACACCCTC-1,0,0.06487695749440714,False
CAGCGGACCTTTAC-1,2,0.036126056879323604,False
CAGCGTCTAAAGCA-1,0,0.10236220472440943,False
CAGCGTCTTATCGG-1,0,0.06487695749440714,False
CAGCTAGATGTGAC-1,1,0.06487695749440714,False
CAGCTCTGAGGCGA-1,0,0.07790549169859513,False
CAGCTCTGCAAGCT-1,2,0.031161473087818706,False
CAGCTCTGTCGTAG-1,1,0.028263795423956937,False
CAGCTCTGTGTGGT-1,2,0.014743263853584135,False
CAGGAACTAACTGC-1,2,0.022142429682824656,False
CAGGAACTCTCAGA-1,1,0.018141836173721827,False
CAGGCCGAACACCA-1,0,0.05785123966942148,False
CAGGCCGAACACGT-1,0,0.028263795423956937,False
CAGGCCGAACGACT-1,0,0.04201680672268908,False
CAGGCCGAATCTCT-1,4,0.039934800325998374,False
CAGGCCGACTAGCA-1,3,0.018141836173721827,False
CAGGGCACCATACG-1,3,0.009279717189571367,False
CAGGGCACCCAACA-1,0,0.04201680672268908,False
CAGGGCACTCCCGT-1,0,0.022142429682824656,False
CAGGTAACAGACTC-1,1,0.08885754583921016,False
CAGGTATGAGTCGT-1,0,0.07790549169859513,False
CAGGTATGTGCTTT-1,0,0.07790549169859513,False
CAGGTTGAGGATCT-1,3,0.036126056879323604,False
CAGTGATGGACGGA-1,3,0.015544041450777207,False
CAGTGATGGCTAAC-1,2,0.021077283372365346,False
CAGTGATGGGACAG-1,0,0.029675638371290544,False
CAGTGATGTAAGGA-1,3,0.024420788979336257,False
CAGTGATGTACGCA-1,3,0.08885754583921016,False
CAGTGTGAACACGT-1,0,0.24503311258278151,False
CAGTGTGATGTCAG-1,0,0.039934800325998374,False
CAGTTACTAAGGTA-1,3,0.022142429682824656,False
CAGTTACTGATAGA-1,0,0.06122448979591838,False
CAGTTGGAAAGAGT-1,1,0.05785123966942148,False
CAGTTGGACATACG-1,0,0.03797468354430379,False
CAGTTTACACACGT-1,2,0.12977099236641218,False
CAGTTTACCCCAAA-1,0,0.01724137931034483,False
CATAAAACGGAGCA-1,1,0.02005730659025788,False
CATAAATGAACTGC-1,0,0.05785123966942148,False
CATAACCTTCTCCG-1,0,0.051823416506717866,False
CATACTACCTCGAA-1,0,0.028263795423956937,False
CATACTACCTGAAC-1,0,0.025641025641025644,False
CATACTACGTACCA-1,1,0.04201680672268908,False
CATACTTGGGTTAC-1,4,0.5064935064935057,True
CATAGTCTAATCGC-1,0,0.09523809523809527,False
CATAGTCTCACTTT-1,0,0.11942959001782533,False
CATATAGACTAAGC-1,5,0.10236220472440943,False
CATATAGATCAGGT-1,3,0.025641025641025644,False
CATCAACTAGAAGT-1,0,0.06487695749440714,False
CATCAACTCCCTCA-1,0,0.04911955514365154,False
CATCAGGACTTCCG-1,2,0.015544041450777207,False
CATCAGGATAGCCA-1,2,0.018141836173721827,False
CATCAGGATCCTAT-1,4,0.011820330969267141,False
CATCAGGATGCACA-1,1,0.051823416506717866,False
CATCAGGATTTCGT-1,1,0.015544041450777207,False
CATCATACCGCATA-1,1,0.029675638371290544,False
CATCATACGGAGCA-1,3,0.12977099236641218,False
CATCATACTCAAGC-1,0,0.08885754583921016,False
CATCGCTGGGATCT-1,0,0.06487695749440714,False
CATCGCTGTGGCAT-1,3,0.02005730659025788,False
CATCGGCTATGCTG-1,0,0.07790549169859513,False
CATCGGCTTTGGCA-1,0,0.11036789297658862,False
CATCTCCTATGTGC-1,3,0.010507080858839652,False
CATCTCCTCGAACT-1,4,0.06884480746791133,False
CATGAGACACGGGA-1,3,0.018141836173721827,False
CATGAGACGTTGAC-1,2,0.01637612255678817,False
CATGAGACTCGCCT-1,0,0.03272727272727273,False
CATGCCACGGGTGA-1,0,0.08310991957104558,False
CATGCCACTGCCAA-1,0,0.06487695749440714,False
CATGCGCTAGTCAC-1,4,0.051823416506717866,False
CATGCGCTCAGATC-1,1,0.06122448979591838,False
CATGCGCTTTGCAG-1,4,0.02005730659025788,False
CATGGCCTAGGGTG-1,1,0.08310991957104558,False
CATGGCCTGTGCAT-1,0,0.12977099236641218,False
CATGTACTATCGTG-1,2,0.04201680672268908,False
CATGTTACAGTCGT-1,2,0.04423243712055507,False
CATGTTACCTGAGT-1,0,0.05785123966942148,False
CATGTTTGGGGATG-1,1,0.023255813953488372,False
CATTACACACGGAG-1,3,0.11942959001782533,False
CATTACACCAACTG-1,2,0.022142429682824656,False
CATTACACGGAGTG-1,0,0.04423243712055507,False
CATTACACTACTCT-1,0,0.036126056879323604,False
CATTAGCTCCACAA-1,1,0.03797468354430379,False
CATTGACTAGCGGA-1,1,0.02692055154300722,False
CATTGGGACTCGAA-1,0,0.0731707317073171,False
CATTGTACAGCGTT-1,0,0.08885754583921016,False
CATTGTACTCGATG-1,3,0.022142429682824656,False
CATTGTACTTATCC-1,0,0.07790549169859513,False
CATTGTACTTTGCT-1,4,0.05785123966942148,False
CATTGTTGCTAGTG-1,0,0.039934800325998374,False
CATTTCGACTCTAT-1,2,0.03437967115097159,False
CATTTCGAGATACC-1,2,0.04201680672268908,False
CATTTGACCACACA-1,2,0.03437967115097159,False
CATTTGACCCTGAA-1,2,0.14168377823408632,False
CATTTGTGACGACT-1,3,0.029675638371290544,False
CATTTGTGCATTGG-1,0,0.04911955514365154,False
CATTTGTGCGGAGA-1,0,0.04659498207885305,False
CATTTGTGGGATCT-1,3,0.01724137931034483,False
CCAAAGTGCTACGA-1,1,0.025641025641025644,False
CCAAAGTGTGAGAA-1,1,0.036126056879323604,False
CCAACCTGAAGTAG-1,2,0.03272727272727273,False
CCAACCTGACGTAC-1,1,0.02005730659025788,False
CCAACCTGTTCGCC-1,1,0.33333333333333315,True
CCAAGAACCCAATG-1,0,0.11942959001782533,False
CCAAGAACGTAGCT-1,0,0.08885754583921016,False
CCAAGAACGTGTCA-1,0,0.07790549169859513,False
CCAAGAACTACTGG-1,2,0.028263795423956937,False
CCAAGAACTCCTAT-1,3,0.023255813953488372,False
CCAAGATGTCATTC-1,0,0.05785123966942148,False
CCAAGATGTTTCAC-1,0,0.029675638371290544,False
CCAAGTGAGGAACG-1,0,0.010507080858839652,False
CCAAGTGATCAAGC-1,0,0.06122448979591838,False
CCAATGGAACAGCT-1,1,0.031161473087818706,False
CCAATTTGAACGTC-1,1,0.03272727272727273,False
CCACCATGAACGTC-1,0,0.04659498207885305,False
CCACCATGATCGGT-1,0,0.06122448979591838,False
CCACCATGGACGAG-1,4,0.03797468354430379,False
CCACCATGGGGAGT-1,0,0.04201680672268908,False
CCACCATGTCCTGC-1,2,0.039934800325998374,False
CCACTGACCCGCTT-1,1,0.028263795423956937,False
CCACTGTGGGAAGC-1,1,0.01637612255678817,False
CCACTGTGTGTAGC-1,0,0.04911955514365154,False
CCACTTCTCGGGAA-1,1,0.04201680672268908,False
CCAGAAACCCTGTC-1,3,0.01724137931034483,False
CCAGAAACGAACTC-1,0,0.05472636815920398,False
CCAGAAACGGTCTA-1,0,0.04911955514365154,False
CCAGACCTCTGAGT-1,1,0.10236220472440943,False
CCAGACCTTGTGGT-1,0,0.08310991957104558,False
CCAGCACTGCGATT-1,4,0.013228809407153359,False
CCAGCGGAAAGGCG-1,1,0.04911955514365154,False
CCAGCGGACGACTA-1,1,0.02005730659025788,False
CCAGCGGATGGGAG-1,0,0.04659498207885305,False
CCAGCTACACAGTC-1,0,0.04911955514365154,False
CCAGCTACCAGCTA-1,3,0.013972055888223553,False
CCAGGTCTACACCA-1,3,0.010507080858839652,False
CCAGGTCTAGCATC-1,1,0.02692055154300722,False
CCAGGTCTATGGTC-1,0,0.06884480746791133,False
CCAGTCACACTGGT-1,1,0.025641025641025644,False
CCAGTCACACTGTG-1,3,0.011820330969267141,False
CCAGTCACGTTGTG-1,0,0.0731707317073171,False
CCAGTCTGCGGAGA-1,7,0.4031413612565445,True
CCAGTGCTAACCAC-1,0,0.05785123966942148,False
CCAGTGCTCGTAGT-1,0,0.05785123966942148,False
CCATCCGAAAGCAA-1,0,0.06122448979591838,False
CCATCCGAACGACT-1,0,0.05472636815920398,False
CCATCCGAAGGTTC-1,3,0.011820330969267141,False
CCATCCGATTCGCC-1,1,0.023255813953488372,False
CCATCGTGAACGGG-1,0,0.07790549169859513,False
CCATCGTGCTAGAC-1,4,0.039934800325998374,False
CCCAACACCTCGCT-1,3,0.04659498207885305,False
CCCAACACGCATCA-1,0,0.05472636815920398,False
CCCAACACTTTGTC-1,1,0.03272727272727273,False
CCCAACTGCAATCG-1,1,0.036126056879323604,False
CCCAGACTGCCTTC-1,1,0.03437967115097159,False
CCCAGACTGGTTTG-1,3,0.04423243712055507,False
CCCAGACTTTCGCC-1,4,0.024420788979336257,False
CCCAGTTGCAGTTG-1,1,0.04423243712055507,False
CCCAGTTGGGTACT-1,0,0.06884480746791133,False
CCCAGTTGTCTATC-1,3,0.011152416356877323,False
CCCGATTGTGTTTC-1,0,0.11036789297658862,False
CCCGGAGAAGGGTG-1,1,0.028263795423956937,False
CCCTACGAATTGGC-1,1,0.021077283372365346,False
CCCTAGTGCAAAGA-1,0,0.0731707317073171,False
CCCTCAGACACTTT-1,3,0.018141836173721827,False
CCCTCAGACGAGAG-1,0,0.08885754583921016,False
CCCTCAGAGGTCAT-1,0,0.04201680672268908,False
CCCTGAACTAAAGG-1,3,0.021077283372365346,False
CCCTGATGCAACCA-1,0,0.06487695749440714,False
CCCTGATGCAAGCT-1,3,0.01724137931034483,False
CCCTTACTAACCAC-1,1,0.03272727272727273,False
CCCTTACTGCAGTT-1,2,0.05785123966942148,False
CCGAAAACCTTGTT-1,1,0.04201680672268908,False
CCGACACTGGTTTG-1,0,0.10236220472440943,False
CCGACTACCCAGTA-1,1,0.04423243712055507,False
CCGACTACCGTGTA-1,0,0.028263795423956937,False
CCGACTACTGAGGG-1,0,0.036126056879323604,False
CCGATAGACCTAAG-1,0,0.03272727272727273,False
CCGATAGAGTTGGT-1,1,0.051823416506717866,False
CCGCGAGACACACA-1,1,0.025641025641025644,False
CCGCGAGAGGTTCA-1,2,0.03437967115097159,False
CCGCTATGGGACGA-1,3,0.012512030798845043,False
CCGCTATGTGCAAC-1,1,0.025641025641025644,False
CCGCTATGTGCACA-1,1,0.031161473087818706,False
CCGGTACTGTCCTC-1,0,0.11942959001782533,False
CCGTACACAAGCAA-1,0,0.051823416506717866,False
CCGTACACAGCGTT-1,3,0.029675638371290544,False
CCGTACACGTCATG-1,2,0.025641025641025644,False
CCGTACACGTTGGT-1,1,0.03272727272727273,False
CCGTACACTAACGC-1,2,0.04201680672268908,False
CCTAAACTTTCGTT-1,0,0.04911955514365154,False
CCTAAGGACCCAAA-1,0,0.039934800325998374,False
CCTAAGGACTAGCA-1,1,0.028263795423956937,False
CCTAAGGAGGGCAA-1,0,0.03272727272727273,False
CCTAAGGATGATGC-1,0,0.0731707317073171,False
CCTAAGGATGTCAG-1,0,0.04201680672268908,False
CCTACCGACTCTTA-1,0,0.06122448979591838,False
CCTACCGAGGGATG-1,3,0.1914893617021276,False
CCTAGAGAGGTGAG-1,3,0.013972055888223553,False
CCTATAACCAAAGA-1,0,0.04911955514365154,False
CCTATAACGAGACG-1,4,0.011820330969267141,False
CCTATAACTCAGAC-1,0,0.039934800325998374,False
CCTATAACTGCATG-1,4,0.03797468354430379,False
CCTCGAACACTTTC-1,2,0.01724137931034483,False
CCTCGAACCCGTAA-1,1,0.06122448979591838,False
CCTCGAACGTATCG-1,0,0.06122448979591838,False
CCTCGAACTTACTC-1,0,0.06487695749440714,False
CCTCTACTCTTCGC-1,1,0.05472636815920398,False
CCTCTACTGGCATT-1,0,0.036126056879323604,False
CCTGACTGAAGTAG-1,2,0.05472636815920398,False
CCTGACTGGGGAGT-1,0,0.06122448979591838,False
CCTGACTGTGTCTT-1,3,0.013228809407153359,False
CCTGCAACACGTTG-1,1,0.036126056879323604,False
CCTGGACTCGTGAT-1,0,0.08885754583921016,False
CCTTAATGCCCAAA-1,3,0.019079685746352413,False
CCTTAATGTTCTAC-1,4,0.17191283292978196,False
CCTTCACTACGACT-1,0,0.07790549169859513,False
CCTTCACTCAGTCA-1,3,0.04201680672268908,False
CCTTCACTGGAGTG-1,1,0.012512030798845043,False
CCTTTAGATTCATC-1,1,0.029675638371290544,False
CGAACATGCCCTAC-1,1,0.06122448979591838,False
CGAACATGTCAGAC-1,0,0.05785123966942148,False
CGAAGACTGGAACG-1,2,0.09523809523809527,False
CGAAGACTGTTACG-1,0,0.0731707317073171,False
CGAAGGGAAACCTG-1,2,0.06487695749440714,False
CGAAGGGATCCGAA-1,3,0.06487695749440714,False
CGAAGTACCAACTG-1,3,0.031161473087818706,False
CGAATCGAGGAGCA-1,1,0.031161473087818706,False
CGAATCGAGGAGGT-1,0,0.04911955514365154,False
CGACAAACCCATAG-1,0,0.04911955514365154,False
CGACAAACCGACAT-1,3,0.036126056879323604,False
CGACCACTAAAGTG-1,2,0.025641025641025644,False
CGACCACTGCCAAT-1,2,0.021077283372365346,False
CGACCGGAAGGTCT-1,0,0.03797468354430379,False
CGACCGGATGGAAA-1,0,0.07790549169859513,False
CGACCTTGCTAGTG-1,0,0.03272727272727273,False
CGACCTTGGCAAGG-1,0,0.03437967115097159,False
CGACGTCTATCGTG-1,0,0.08310991957104558,False
CGACGTCTCGTGTA-1,0,0.0731707317073171,False
CGACGTCTGAGGCA-1,0,0.031161473087818706,False
CGACTCACGTCGTA-1,0,0.06884480746791133,False
CGACTCACGTTGCA-1,0,0.05785123966942148,False
CGACTCTGTGTGAC-1,0,0.0731707317073171,False
CGACTGCTTCCTCG-1,1,0.03437967115097159,False
CGAGAACTAAGGCG-1,2,0.028263795423956937,False
CGAGAACTACGTTG-1,0,0.05785123966942148,False
CGAGAACTTGTTCT-1,1,0.028263795423956937,False
CGAGATTGGACACT-1,2,0.01637612255678817,False
CGAGATTGGCCATA-1,2,0.023255813953488372,False
CGAGCCGAACACCA-1,0,0.11036789297658862,False
CGAGCCGACGACAT-1,2,0.039934800325998374,False
CGAGCCGAGGCGAA-1,2,0.09523809523809527,False
CGAGCGTGCTCCAC-1,0,0.07790549169859513,False
CGAGCGTGGATACC-1,0,0.07790549169859513,False
CGAGCGTGTATGCG-1,1,0.01637612255678817,False
CGAGGAGACCTCCA-1,3,0.012512030798845043,False
CGAGGAGATGTCGA-1,0,0.04659498207885305,False
CGAGGCACCTATGG-1,2,0.03797468354430379,False
CGAGGCACTATGCG-1,1,0.031161473087818706,False
CGAGGCACTCTTCA-1,0,0.14168377823408632,False
CGAGGCTGACGCTA-1,2,0.022142429682824656,False
CGAGGCTGGCAGTT-1,1,0.039934800325998374,False
CGAGGGCTACGACT-1,3,0.02692055154300722,False
CGAGGGCTCGAATC-1,0,0.09523809523809527,False
CGAGTATGTCACCC-1,4,0.05472636815920398,False
CGATACGAACAGTC-1,1,0.04201680672268908,False
CGATACGACAGGAG-1,7,0.06884480746791133,False
CGATACGATTCACT-1,3,0.014743263853584135,False
CGATAGACCCGTAA-1,1,0.04659498207885305,False
CGATAGACCGTACA-1,0,0.07790549169859513,False
CGATAGACGTAGGG-1,1,0.04659498207885305,False
CGATAGACTGTTCT-1,0,0.07790549169859513,False
CGATCAGAAGAACA-1,2,0.08310991957104558,False
CGATCAGAGAGGGT-1,0,0.0731707317073171,False
CGATCAGAGGTACT-1,0,0.04659498207885305,False
CGATCAGATGTGAC-1,5,0.17191283292978196,False
CGATCCACCGGGAA-1,2,0.04911955514365154,False
CGATCCACTTCCAT-1,3,0.02692055154300722,False
CGCAAATGCTCGAA-1,0,0.04423243712055507,False
CGCAACCTCCTTGC-1,0,0.04659498207885305,False
CGCAACCTGGACGA-1,0,0.06884480746791133,False
CGCACGGAGGACGA-1,3,0.011152416356877323,False
CGCACGGATCTTTG-1,0,0.022142429682824656,False
CGCACTACAGAATG-1,0,0.036126056879323604,False
CGCACTACAGCCAT-1,0,0.06122448979591838,False
CGCACTACATTGGC-1,0,0.0731707317073171,False
CGCACTACTCGCCT-1,3,0.031161473087818706,False
CGCACTACTCGTGA-1,2,0.05785123966942148,False
CGCACTTGTCACGA-1,1,0.024420788979336257,False
CGCAGGACAGATCC-1,2,0.09523809523809527,False
CGCAGGACCTACTT-1,0,0.039934800325998374,False
CGCAGGACTTGTCT-1,4,0.031161473087818706,False
CGCAGGTGCACTGA-1,0,0.11942959001782533,False
CGCAGGTGCCATAG-1,4,0.05785123966942148,False
CGCAGGTGGGAACG-1,0,0.05785123966942148,False
CGCATAGATCACGA-1,1,0.012512030798845043,False
CGCCATACTGCAAC-1,0,0.05785123966942148,False
CGCCATTGAGAGGC-1,0,0.03797468354430379,False
CGCCATTGCTATGG-1,0,0.09523809523809527,False
CGCCATTGGAGACG-1,0,0.06487695749440714,False
CGCCATTGGAGCAG-1,3,0.029675638371290544,False
CGCCATTGTACTGG-1,3,0.025641025641025644,False
CGCCGAGAGCTTAG-1,2,0.06884480746791133,False
CGCCTAACGAATGA-1,5,0.12977099236641218,False
CGCCTAACTGCTCC-1,0,0.07790549169859513,False
CGCGAGACACAGCT-1,0,0.07790549169859513,False
CGCGAGACAGGTCT-1,3,0.11036789297658862,False
CGCGAGACGCTACA-1,0,0.0731707317073171,False
CGCGATCTCAGTCA-1,1,0.08310991957104558,False
CGCGATCTGTTGAC-1,1,0.02005730659025788,False
CGCGATCTTTCTTG-1,3,0.11036789297658862,False
CGCGGATGGCCAAT-1,0,0.036126056879323604,False
CGCTAAGAATGTCG-1,0,0.06122448979591838,False
CGCTAAGACAACTG-1,0,0.04911955514365154,False
CGCTAAGACCCTTG-1,0,0.029675638371290544,False
CGCTACTGAACAGA-1,1,0.028263795423956937,False
CGCTACTGAGAACA-1,0,0.06122448979591838,False
CGCTACTGTGAGCT-1,0,0.04423243712055507,False
CGCTACTGTTCCCG-1,2,0.11942959001782533,False
CGCTCATGCATTTC-1,1,0.03272727272727273,False
CGGAATTGCACTAG-1,0,0.031161473087818706,False
CGGAATTGGTTTGG-1,0,0.12977099236641218,False
CGGAATTGTGGAGG-1,0,0.024420788979336257,False
CGGACCGATGCGTA-1,2,0.04423243712055507,False
CGGACCGATGGGAG-1,0,0.04423243712055507,False
CGGACTCTAAACAG-1,3,0.01724137931034483,False
CGGACTCTCCAATG-1,0,0.03797468354430379,False
CGGACTCTCCTCGT-1,2,0.036126056879323604,False
CGGAGGCTATTCCT-1,0,0.04201680672268908,False
CGGAGGCTTGGATC-1,0,0.039934800325998374,False
CGGATAACAACGAA-1,1,0.025641025641025644,False
CGGATAACAGCTCA-1,0,0.08885754583921016,False
CGGATAACTCAGTG-1,1,0.029675638371290544,False
CGGCACGAACTCAG-1,2,0.06487695749440714,False
CGGCACGAAGGGTG-1,0,0.0731707317073171,False
CGGCACGACTACGA-1,4,0.018141836173721827,False
CGGCATCTTAGAAG-1,2,0.06487695749440714,False
CGGCATCTTCGTAG-1,1,0.03797468354430379,False
CGGCCAGAAAGGTA-1,0,0.07790549169859513,False
CGGCCAGAGAGGCA-1,2,0.05785123966942148,False
CGGCGAACCAGTCA-1,1,0.10236220472440943,False
CGGCGAACGACAAA-1,2,0.036126056879323604,False
CGGCGAACGGTCTA-1,0,0.07790549169859513,False
CGGCGAACTACTTC-1,2,0.018141836173721827,False
CGGGACTGCGTGTA-1,0,0.08885754583921016,False
CGGGACTGGAATAG-1,2,0.04423243712055507,False
CGGGCATGACCCAA-1,2,0.04423243712055507,False
CGGGCATGTCTCTA-1,2,0.04201680672268908,False
CGGGCATGTTGTGG-1,0,0.029675638371290544,False
CGGTAAACTCGCAA-1,0,0.12977099236641218,False
CGGTCACTGTTTGG-1,0,0.17191283292978196,False
CGGTCACTTACTTC-1,0,0.08885754583921016,False
CGTAACGAATCAGC-1,0,0.0731707317073171,False
CGTAACGATCGCCT-1,0,0.051823416506717866,False
CGTACCACACACAC-1,0,0.07790549169859513,False
CGTACCACACGTTG-1,0,0.029675638371290544,False
CGTACCACCTCATT-1,0,0.06884480746791133,False
CGTACCACGCTACA-1,2,0.029675638371290544,False
CGTACCACGGAGCA-1,0,0.08885754583921016,False
CGTACCTGGACGAG-1,4,0.09523809523809527,False
CGTACCTGGCATCA-1,2,0.05472636815920398,False
CGTAGCCTCTCTCG-1,1,0.0731707317073171,False
CGTAGCCTGCGAAG-1,0,0.036126056879323604,False
CGTAGCCTGTATGC-1,4,0.08310991957104558,False
CGTCAAGAAAGGTA-1,1,0.025641025641025644,False
CGTCAAGAACGTGT-1,0,0.0731707317073171,False
CGTCAAGACAGAGG-1,0,0.07790549169859513,False
CGTCAAGACAGGAG-1,2,0.0731707317073171,False
CGTCCATGCTCTTA-1,0,0.08310991957104558,False
CGTCGACTTTCCGC-1,2,0.09523809523809527,False
CGTGATGACGCTAA-1,0,0.04423243712055507,False
CGTGATGAGGTTCA-1,2,0.08885754583921016,False
CGTGCACTTATGGC-1,1,0.05472636815920398,False
CGTGTAGAAAAACG-1,0,0.08885754583921016,False
CGTGTAGACGATAC-1,2,0.06122448979591838,False
CGTGTAGAGTTACG-1,2,0.025641025641025644,False
CGTGTAGAGTTCAG-1,1,0.023255813953488372,False
CGTGTAGATTCGGA-1,2,0.010507080858839652,False
CGTTAGGAAACCAC-1,0,0.08310991957104558,False
CGTTAGGATCATTC-1,1,0.025641025641025644,False
CGTTATACCCTGAA-1,2,0.04423243712055507,False
CGTTTAACTGGTCA-1,0,0.04911955514365154,False
CTAAACCTCTGACA-1,2,0.015544041450777207,False
CTAAACCTGTGCAT-1,3,0.018141836173721827,False
CTAACACTAACGTC-1,0,0.08885754583921016,False
CTAACACTAGTGCT-1,4,0.06122448979591838,False
CTAACGGAACCGAT-1,2,0.031161473087818706,False
CTAACGGATTTCTG-1,0,0.08310991957104558,False
CTAACTACGGCAAG-1,0,0.06487695749440714,False
CTAAGGACACCATG-1,0,0.07790549169859513,False
CTAAGGACCGTTAG-1,0,0.04911955514365154,False
CTAAGGACGCCATA-1,1,0.029675638371290544,False
CTAAGGTGCCTAAG-1,3,0.031161473087818706,False
CTAAGGTGTTGCAG-1,0,0.04423243712055507,False
CTAAGGTGTTTCTG-1,0,0.051823416506717866,False
CTAATAGAGCTATG-1,0,0.018141836173721827,False
CTAATGCTTGTGGT-1,1,0.022142429682824656,False
CTACAACTCCCGTT-1,2,0.051823416506717866,False
CTACCTCTCAACCA-1,0,0.06884480746791133,False
CTACGCACACCTAG-1,4,0.06884480746791133,False
CTACGCACTCTCCG-1,0,0.0731707317073171,False
CTACGCACTGGTCA-1,2,0.06122448979591838,False
CTACGGCTTTCTTG-1,1,0.039934800325998374,False
CTACTATGAACCAC-1,1,0.05472636815920398,False
CTACTATGATGTGC-1,1,0.025641025641025644,False
CTACTATGCTAAGC-1,2,0.03797468354430379,False
CTACTATGTAAAGG-1,3,0.028263795423956937,False
CTACTCCTATGTCG-1,2,0.019079685746352413,False
CTACTCCTGCCATA-1,1,0.04423243712055507,False
CTAGAGACACTTTC-1,0,0.06884480746791133,False
CTAGAGACAGCATC-1,2,0.14168377823408632,False
CTAGAGACTTTGGG-1,1,0.0731707317073171,False
CTAGATCTCTCTAT-1,0,0.039934800325998374,False
CTAGATCTTCGACA-1,0,0.15555555555555556,False
CTAGGATGAGCCTA-1,3,0.17191283292978196,False
CTAGGATGATCGTG-1,3,0.21533923303834804,False
CTAGGCCTCTCAGA-1,0,0.03797468354430379,False
CTAGGTGATGGTTG-1,4,0.02692055154300722,False
CTAGTTACCAGAGG-1,0,0.03797468354430379,False
CTAGTTACCGCATA-1,0,0.06487695749440714,False
CTAGTTACGAAACA-1,2,0.028263795423956937,False
CTAGTTTGAGTACC-1,2,0.06122448979591838,False
CTATAAGATCGTTT-1,3,0.029675638371290544,False
CTATACTGAGGTTC-1,1,0.021077283372365346,False
CTATACTGCCAGTA-1,0,0.05785123966942148,False
CTATACTGCGCTAA-1,1,0.021077283372365346,False
CTATACTGCTACGA-1,2,0.018141836173721827,False
CTATACTGTCTCAT-1,2,0.013972055888223553,False
CTATACTGTTCGTT-1,0,0.11036789297658862,False
CTATAGCTGTCACA-1,0,0.04659498207885305,False
CTATAGCTTCGCTC-1,1,0.031161473087818706,False
CTATAGCTTGCCTC-1,1,0.06884480746791133,False
CTATCAACGAACTC-1,0,0.05785123966942148,False
CTATCAACGCAGAG-1,0,0.10236220472440943,False
CTATCAACTTTGGG-1,0,0.039934800325998374,False
CTATCCCTCCACCT-1,1,0.015544041450777207,False
CTATGTACGAGAGC-1,0,0.07790549169859513,False
CTATGTACGCTTAG-1,0,0.11036789297658862,False
CTATGTACTGTTTC-1,3,0.4031413612565445,True
CTATGTTGAAAGCA-1,0,0.04201680672268908,False
CTATGTTGTCCTCG-1,0,0.036126056879323604,False
CTATGTTGTCTCGC-1,0,0.06884480746791133,False
CTATTGACAAACGA-1,1,0.01724137931034483,False
CTATTGACACTGGT-1,1,0.04659498207885305,False
CTATTGACGGTGAG-1,4,0.03797468354430379,False
CTATTGTGGCAAGG-1,0,0.04659498207885305,False
CTCAATTGGTTCAG-1,0,0.06884480746791133,False
CTCAATTGGTTGCA-1,1,0.028263795423956937,False
CTCAGAGATAGAAG-1,0,0.05472636815920398,False
CTCAGCACTCTAGG-1,0,0.17191283292978196,False
CTCAGCACTGAACC-1,1,0.05472636815920398,False
CTCAGCACTTGCAG-1,0,0.04911955514365154,False
CTCAGCTGAACCTG-1,1,0.2830188679245281,True
CTCAGCTGCAGTTG-1,0,0.24503311258278151,False
CTCAGCTGTTTCTG-1,0,0.025641025641025644,False
CTCAGGCTCGTTGA-1,4,0.023255813953488372,False
CTCAGGCTGCTAAC-1,0,0.05472636815920398,False
CTCATTGACCTTAT-1,0,0.06884480746791133,False
CTCATTGATGCTTT-1,1,0.06487695749440714,False
CTCATTGATTGCTT-1,1,0.06487695749440714,False
CTCCACGAGAGATA-1,5,0.09523809523809527,False
CTCCATCTCTTAGG-1,0,0.0731707317073171,False
CTCCATCTGACGAG-1,0,0.08310991957104558,False
CTCCGAACAAGTGA-1,4,0.011820330969267141,False
CTCCTACTGCCTTC-1,1,0.03272727272727273,False
CTCGAAGATGTGGT-1,0,0.04423243712055507,False
CTCGAAGATTAGGC-1,1,0.025641025641025644,False
CTCGACTGCTCTAT-1,0,0.04423243712055507,False
CTCGACTGGGTGAG-1,0,0.022142429682824656,False
CTCGACTGGTTGAC-1,2,0.018141836173721827,False
CTCGAGCTCTGGAT-1,2,0.039934800325998374,False
CTCGCATGACTTTC-1,0,0.023255813953488372,False
CTCGCATGCTTAGG-1,0,0.10236220472440943,False
CTCTAAACCTCGAA-1,0,0.06884480746791133,False
CTCTAAACGGCGAA-1,0,0.03437967115097159,False
CTCTAATGTCCAAG-1,1,0.028263795423956937,False
CTGAACGACAGTCA-1,0,0.05472636815920398,False
CTGAACGATGAGGG-1,0,0.09523809523809527,False
CTGAAGACCCAACA-1,0,0.11036789297658862,False
CTGAAGACGTGCAT-1,3,0.013972055888223553,False
CTGAAGTGAAGCCT-1,4,0.019079685746352413,False
CTGAAGTGCAGCTA-1,3,0.011820330969267141,False
CTGAAGTGGCTATG-1,0,0.05785123966942148,False
CTGAAGTGTCCAGA-1,0,0.05472636815920398,False
CTGAATCTGAATAG-1,0,0.04911955514365154,False
CTGACAGAATCGTG-1,2,0.012512030798845043,False
CTGACCACAGCAAA-1,0,0.09523809523809527,False
CTGAGAACCGGGAA-1,0,0.06487695749440714,False
CTGAGAACGTAAAG-1,2,0.039934800325998374,False
CTGATACTAGTAGA-1,0,0.06487695749440714,False
CTGATTTGGTGTTG-1,1,0.028263795423956937,False
CTGCAGCTAACCGT-1,0,0.04423243712055507,False
CTGCAGCTGACACT-1,0,0.04201680672268908,False
CTGCAGCTGGATTC-1,1,0.05785123966942148,False
CTGCAGCTTGGCAT-1,2,0.08310991957104558,False
CTGCCAACAGGAGC-1,2,0.03437967115097159,False
CTGCCAACCAGCTA-1,0,0.04911955514365154,False
CTGCCAACTAACCG-1,1,0.023255813953488372,False
CTGCCAACTGCTCC-1,2,0.05785123966942148,False
CTGCCAACTTGCAG-1,0,0.025641025641025644,False
CTGCCAACTTGCTT-1,2,0.12977099236641218,False
CTGCGACTCCACCT-1,2,0.036126056879323604,False
CTGGAAACAAACGA-1,2,0.05785123966942148,False
CTGGAAACATCGAC-1,0,0.05785123966942148,False
CTGGATGACTGGAT-1,2,0.03797468354430379,False
CTGGATGACTTGTT-1,0,0.051823416506717866,False
CTGGATGATGTGAC-1,3,0.039934800325998374,False
CTGGCACTCAAGCT-1,1,0.036126056879323604,False
CTGGCACTGGACAG-1,2,0.018141836173721827,False
CTGTAACTAACCAC-1,0,0.04911955514365154,False
CTGTAACTAGCGTT-1,0,0.051823416506717866,False
CTGTATACGTAAAG-1,0,0.03437967115097159,False
CTGTATACGTACGT-1,1,0.0731707317073171,False
CTGTATACGTTGGT-1,0,0.06122448979591838,False
CTGTGAGACAACCA-1,4,0.019079685746352413,False
CTGTGAGACCTTGC-1,2,0.04911955514365154,False
CTGTGAGACGAACT-1,1,0.025641025641025644,False
CTGTGAGACTGTAG-1,1,0.028263795423956937,False
CTTAAAGAACCTGA-1,0,0.051823416506717866,False
CTTAACACCTGTAG-1,0,0.04423243712055507,False
CTTAACACGAGCTT-1,0,0.05785123966942148,False
CTTAACACTATCGG-1,3,0.02005730659025788,False
CTTAAGCTACCTAG-1,0,0.031161473087818706,False
CTTAAGCTAGTACC-1,0,0.028263795423956937,False
CTTAAGCTCATCAG-1,0,0.06884480746791133,False
CTTAAGCTCCGCTT-1,3,0.01724137931034483,False
CTTAAGCTTCCTCG-1,2,0.024420788979336257,False
CTTACAACTAACGC-1,0,0.10236220472440943,False
CTTACAACTCCCGT-1,1,0.02005730659025788,False
CTTACTGACGTACA-1,0,0.025641025641025644,False
CTTAGACTAAACGA-1,0,0.06122448979591838,False
CTTAGGGACTTGCC-1,0,0.039934800325998374,False
CTTAGGGAGAATCC-1,0,0.036126056879323604,False
CTTATCGACTCATT-1,0,0.0731707317073171,False
CTTCACCTACCTGA-1,4,0.028263795423956937,False
CTTCATGAAGCATC-1,3,0.018141836173721827,False
CTTCATGAAGTACC-1,0,0.07790549169859513,False
CTTCATGACCGAAT-1,2,0.24503311258278151,False
CTTGAACTACGCAT-1,0,0.05785123966942148,False
CTTGATTGAGGTTC-1,2,0.02005730659025788,False
CTTGATTGATCTTC-1,1,0.023255813953488372,False
CTTGATTGCATTCT-1,0,0.06884480746791133,False
CTTGATTGTTTCGT-1,0,0.08885754583921016,False
CTTGTATGACACCA-1,3,0.010507080858839652,False
CTTGTATGCGCAAT-1,3,0.013228809407153359,False
CTTTACGAGCGAAG-1,0,0.039934800325998374,False
CTTTAGACCGTGAT-1,0,0.03797468354430379,False
CTTTAGACGAGACG-1,0,0.051823416506717866,False
CTTTAGACGATACC-1,0,0.06487695749440714,False
CTTTAGACGTTGGT-1,2,0.12977099236641218,False
CTTTAGACTCATTC-1,0,0.12977099236641218,False
CTTTAGTGACGGGA-1,2,0.06487695749440714,False
CTTTAGTGGGTGGA-1,0,0.03437967115097159,False
CTTTCAGAGAAACA-1,0,0.05785123966942148,False
CTTTGATGAGCACT-1,0,0.03272727272727273,False
CTTTGATGTCTAGG-1,2,0.06884480746791133,False
CTTTGATGTGTCCC-1,0,0.08885754583921016,False
CTTTGATGTGTGGT-1,0,0.04911955514365154,False
GAAACAGAACTACG-1,0,0.04423243712055507,False
GAAACAGAATCACG-1,0,0.06884480746791133,False
GAAACAGACATTCT-1,0,0.06122448979591838,False
GAAACCTGATCGTG-1,0,0.03437967115097159,False
GAAACCTGATGCCA-1,0,0.03797468354430379,False
GAAACCTGCTTATC-1,0,0.08885754583921016,False
GAAACCTGGACTAC-1,4,0.024420788979336257,False
GAAACCTGTGCTAG-1,0,0.04659498207885305,False
GAAAGATGATTTCC-1,0,0.036126056879323604,False
GAAAGATGCTGATG-1,4,0.021077283372365346,False
GAAAGATGCTTCGC-1,1,0.10236220472440943,False
GAAAGATGTAAGGA-1,0,0.05472636815920398,False
GAAAGATGTTTGCT-1,2,0.015544041450777207,False
GAAAGCCTACGTTG-1,3,0.018141836173721827,False
GAAAGTGAAAGTGA-1,5,0.10236220472440943,False
GAAAGTGACCACAA-1,1,0.025641025641025644,False
GAAAGTGACTCAAG-1,0,0.08310991957104558,False
GAAATACTACCAAC-1,1,0.08885754583921016,False
GAAATACTCTTAGG-1,3,0.013972055888223553,False
GAAATACTTCCTCG-1,0,0.028263795423956937,False
GAACACACGTGCAT-1,1,0.024420788979336257,False
GAACACACTGCCTC-1,0,0.06884480746791133,False
GAACAGCTAACTGC-1,1,0.05472636815920398,False
GAACAGCTCTCAGA-1,4,0.031161473087818706,False
GAACCAACCACAAC-1,0,0.08885754583921016,False
GAACCAACTTCCGC-1,2,0.013972055888223553,False
GAACCTGAACGTGT-1,0,0.1914893617021276,False
GAACCTGAGAGACG-1,0,0.08310991957104558,False
GAACCTGATGAACC-1,0,0.05472636815920398,False
GAACGGGATACTTC-1,0,0.03272727272727273,False
GAACGTTGACGGAG-1,2,0.018141836173721827,False
GAACTGTGACCTGA-1,4,0.021077283372365346,False
GAACTGTGCCAGTA-1,1,0.011152416356877323,False
GAAGAATGCAATCG-1,0,0.04659498207885305,False
GAAGCGGACCTATT-1,1,0.06487695749440714,False
GAAGCTACGAATGA-1,1,0.022142429682824656,False
GAAGCTACGGTTTG-1,0,0.0731707317073171,False
GAAGGGTGAAAGTG-1,0,0.039934800325998374,False
GAAGGGTGCTTAGG-1,1,0.02692055154300722,False
GAAGGTCTGAAAGT-1,0,0.03272727272727273,False
GAAGGTCTGTTGCA-1,0,0.029675638371290544,False
GAAGGTCTTAAAGG-1,5,0.07790549169859513,False
GAAGTAGACTCCCA-1,2,0.05472636815920398,False
GAAGTAGATCCAAG-1,4,0.05472636815920398,False
GAAGTCACCCTCGT-1,1,0.02692055154300722,False
GAAGTCACCCTGTC-1,3,0.011152416356877323,False
GAAGTCTGTCGCAA-1,3,0.015544041450777207,False
GAAGTCTGTTCTGT-1,0,0.03797468354430379,False
GAAGTGCTAAACGA-1,2,0.014743263853584135,False
GAAGTGCTCCGCTT-1,1,0.02692055154300722,False
GAAGTGCTTAACCG-1,0,0.03437967115097159,False
GAATGCACCCTAAG-1,0,0.09523809523809527,False
GAATGCACCTTCGC-1,2,0.013228809407153359,False
GAATGCTGCGGTAT-1,0,0.028263795423956937,False
GAATGGCTAAGATG-1,0,0.023255813953488372,False
GAATTAACGATAAG-1,0,0.03437967115097159,False
GAATTAACGGTCAT-1,0,0.05472636815920398,False
GAATTAACGTCGTA-1,2,0.022142429682824656,False
GAATTAACTGAAGA-1,3,0.06884480746791133,False
GACAACACAGGCGA-1,0,0.04201680672268908,False
GACAACACATCGTG-1,0,0.05472636815920398,False
GACAACACTCGCCT-1,0,0.06487695749440714,False
GACAACTGAGGTTC-1,0,0.0731707317073171,False
GACAGGGAAGAGTA-1,3,0.018141836173721827,False
GACAGGGAATGCCA-1,0,0.06884480746791133,False
GACAGTACGAGCTT-1,4,0.05785123966942148,False
GACAGTACTTCGGA-1,4,0.02005730659025788,False
GACAGTTGAGTAGA-1,3,0.011820330969267141,False
GACATTCTCCACCT-1,5,0.06884480746791133,False
GACCAAACGACTAC-1,1,0.028263795423956937,False
GACCAAACGTATCG-1,1,0.08310991957104558,False
GACCATGACTCTCG-1,1,0.05472636815920398,False
GACCCTACTAAAGG-1,3,0.015544041450777207,False
GACCTAGACCTCAC-1,0,0.06884480746791133,False
GACCTAGACGAGAG-1,0,0.09523809523809527,False
GACCTCACAAGGTA-1,0,0.04423243712055507,False
GACCTCACGTACGT-1,1,0.03797468354430379,False
GACCTCTGCATCAG-1,0,0.05472636815920398,False
GACGAACTCCCACT-1,0,0.039934800325998374,False
GACGATTGCCAATG-1,3,0.04423243712055507,False
GACGCCGACCTTCG-1,0,0.06487695749440714,False
GACGCTCTCTCTCG-1,6,0.08310991957104558,False
GACGGCACACGGGA-1,2,0.009279717189571367,False
GACGGCACGAGATA-1,1,0.024420788979336257,False
GACGTAACCTATGG-1,0,0.04659498207885305,False
GACGTAACCTGTGA-1,0,0.09523809523809527,False
GACGTAACTATGGC-1,0,0.08310991957104558,False
GACGTATGTTGACG-1,0,0.039934800325998374,False
GACGTATGTTTGCT-1,0,0.021077283372365346,False
GACGTCCTACGGAG-1,0,0.33333333333333315,True
GACGTCCTCTCAAG-1,1,0.05785123966942148,False
GACGTCCTGATAAG-1,3,0.024420788979336257,False
GACTACGATGGTCA-1,3,0.02692055154300722,False
GACTCCTGCTCGCT-1,0,0.08885754583921016,False
GACTCCTGGGTTAC-1,0,0.06122448979591838,False
GACTCCTGTTATCC-1,0,0.0731707317073171,False
GACTCCTGTTGGTG-1,1,0.023255813953488372,False
GACTGAACAACCGT-1,3,0.009883198562443848,False
GACTGAACCAATCG-1,1,0.009883198562443848,False
GACTGATGTGATGC-1,0,0.03437967115097159,False
GACTTTACATGCCA-1,0,0.0731707317073171,False
GACTTTACGACAGG-1,3,0.09523809523809527,False
GAGAAATGTTCTCA-1,3,0.05472636815920398,False
GAGATAGAAAAAGC-1,1,0.02692055154300722,False
GAGATCACGACAAA-1,4,0.014743263853584135,False
GAGATGCTCTGGAT-1,2,0.09523809523809527,False
GAGATGCTGAATGA-1,0,0.04659498207885305,False
GAGCAGGATTCCCG-1,2,0.03272727272727273,False
GAGCATACTTTGCT-1,4,0.5064935064935057,True
GAGCGCACGCGTAT-1,1,0.028263795423956937,False
GAGCGCACGGTGAG-1,2,0.05472636815920398,False
GAGCGCTGAAGATG-1,2,0.010507080858839652,False
GAGCGCTGTCTTAC-1,1,0.03272727272727273,False
GAGCGGCTGGGAGT-1,3,0.018141836173721827,False
GAGGACGACTCAGA-1,0,0.11036789297658862,False
GAGGATCTGAAAGT-1,3,0.01724137931034483,False
GAGGCAGACTTGCC-1,2,0.015544041450777207,False
GAGGGAACACCAGT-1,0,0.06122448979591838,False
GAGGGAACGAGGGT-1,0,0.11942959001782533,False
GAGGGATGGGAAAT-1,0,0.06884480746791133,False
GAGGGCCTTCACCC-1,0,0.08885754583921016,False
GAGGGTGAAGAGTA-1,0,0.028263795423956937,False
GAGGTACTACGGTT-1,0,0.06122448979591838,False
GAGGTACTACTCAG-1,1,0.024420788979336257,False
GAGGTACTGACACT-1,2,0.2830188679245281,True
GAGGTACTGGGAGT-1,0,0.05472636815920398,False
GAGGTACTTAGCGT-1,1,0.04201680672268908,False
GAGGTGGAGTACGT-1,0,0.04911955514365154,False
GAGGTGGATCCTCG-1,2,0.022142429682824656,False
GAGGTTACTCGTTT-1,1,0.11942959001782533,False
GAGGTTTGTAAGCC-1,1,0.02005730659025788,False
GAGTCAACCATTCT-1,0,0.039934800325998374,False
GAGTCAACGGGAGT-1,0,0.03272727272727273,False
GAGTCTGATCGTGA-1,0,0.08885754583921016,False
GAGTCTGATTTGGG-1,3,0.013228809407153359,False
GAGTGACTCAGCTA-1,0,0.04423243712055507,False
GAGTGACTCGGTAT-1,2,0.028263795423956937,False
GAGTGACTCTTGCC-1,3,0.014743263853584135,False
GAGTGACTGACTAC-1,3,0.03272727272727273,False
GAGTGACTGTCTAG-1,0,0.10236220472440943,False
GAGTGGGAGTCTTT-1,3,0.04201680672268908,False
GAGTGGGATGCCCT-1,0,0.022142429682824656,False
GAGTGGGATGCTGA-1,3,0.021077283372365346,False
GAGTGTTGCTGTAG-1,0,0.08885754583921016,False
GAGTGTTGTGGTCA-1,0,0.036126056879323604,False
GAGTTGTGCATGGT-1,1,0.011820330969267141,False
GAGTTGTGCTGAGT-1,2,0.04659498207885305,False
GAGTTGTGGCGAGA-1,1,0.21533923303834804,False
GAGTTGTGGTAGCT-1,6,0.07790549169859513,False
GAGTTGTGTATGCG-1,4,0.019079685746352413,False
GATAAGGAGAAACA-1,1,0.01637612255678817,False
GATAAGGATTCACT-1,1,0.05472636815920398,False
GATACTCTATCGGT-1,0,0.06122448979591838,False
GATACTCTTACTTC-1,0,0.0731707317073171,False
GATACTCTTGACTG-1,1,0.025641025641025644,False
GATAGAGAAGGGTG-1,2,0.09523809523809527,False
GATAGAGACTGTGA-1,0,0.06487695749440714,False
GATAGAGATCACGA-1,5,0.039934800325998374,False
GATAGCACCCATAG-1,0,0.08310991957104558,False
GATAGCACGAAGGC-1,1,0.024420788979336257,False
GATAGCACTTGTCT-1,0,0.036126056879323604,False
GATATAACAAGGTA-1,0,0.031161473087818706,False
GATATAACACGCAT-1,0,0.07790549169859513,False
GATATATGCTGGAT-1,0,0.06487695749440714,False
GATATATGTCCGTC-1,2,0.021077283372365346,False
GATATATGTGGAGG-1,1,0.5064935064935057,True
GATATCCTAGAAGT-1,0,0.028263795423956937,False
GATATCCTCCCGTT-1,1,0.03272727272727273,False
GATATTGACAGGAG-1,2,0.03797468354430379,False
GATATTGACGAGTT-1,4,0.012512030798845043,False
GATATTGAGCCAAT-1,0,0.028263795423956937,False
GATCCCTGACCTTT-1,2,0.011152416356877323,False
GATCCCTGTGTAGC-1,2,0.03272727272727273,False
GATCCGCTGGTCAT-1,1,0.03437967115097159,False
GATCGAACCGAGAG-1,0,0.05785123966942148,False
GATCGATGACTAGC-1,3,0.06122448979591838,False
GATCGATGGTAAAG-1,3,0.02692055154300722,False
GATCGATGTAAGGA-1,1,0.031161473087818706,False
GATCGTGACACTAG-1,0,0.05785123966942148,False
GATCGTGATTCACT-1,0,0.07790549169859513,False
GATCTACTGGTGAG-1,2,0.06884480746791133,False
GATCTACTTTGCAG-1,3,0.014743263853584135,False
GATCTTACACCCAA-1,4,0.023255813953488372,False
GATCTTACCCTACC-1,0,0.039934800325998374,False
GATCTTACGAATAG-1,1,0.04201680672268908,False
GATCTTACGAGATA-1,1,0.022142429682824656,False
GATGCAACTCCAGA-1,0,0.09523809523809527,False
GATGCCCTACGTAC-1,0,0.15555555555555556,False
GATGCCCTCTCATT-1,0,0.04423243712055507,False
GATGCCCTGGCAAG-1,1,0.023255813953488372,False
GATGCCCTTTTGCT-1,0,0.031161473087818706,False
GATTACCTTGTTCT-1,0,0.03797468354430379,False
GATTCGGAACGACT-1,0,0.04659498207885305,False
GATTCGGACAGGAG-1,1,0.03797468354430379,False
GATTCGGAGAAGGC-1,4,0.012512030798845043,False
GATTCTTGATTCGG-1,1,0.028263795423956937,False
GATTCTTGCCGATA-1,0,0.07790549169859513,False
GATTCTTGCGAGTT-1,3,0.039934800325998374,False
GATTGGACCCGTTC-1,3,0.33333333333333315,True
GATTGGACGGTGTT-1,3,0.014743263853584135,False
GATTGGACTTTCGT-1,3,0.018141836173721827,False
GATTGGTGTGTCAG-1,0,0.05472636815920398,False
GATTTAGACACTCC-1,4,0.03797468354430379,False
GATTTAGACTAAGC-1,3,0.014743263853584135,False
GATTTAGATTCGTT-1,1,0.02692055154300722,False
GATTTGCTAACGAA-1,0,0.025641025641025644,False
GATTTGCTAACGGG-1,1,0.021077283372365346,False
GCAACCCTCCTCGT-1,1,0.15555555555555556,False
GCAACTGATTGCGA-1,0,0.06884480746791133,False
GCAAGACTACTGGT-1,0,0.03797468354430379,False
GCAAGACTAGGTCT-1,0,0.09523809523809527,False
GCAAGACTCCCTTG-1,0,0.06884480746791133,False
GCAATCGACTGCAA-1,2,0.06884480746791133,False
GCAATCGAGACGTT-1,1,0.04423243712055507,False
GCAATCGATCCTTA-1,1,0.04423243712055507,False
GCAATTCTCGTGTA-1,0,0.08310991957104558,False
GCAATTCTTCTCCG-1,0,0.0731707317073171,False
GCACAAACAATGCC-1,0,0.031161473087818706,False
GCACAAACGGTACT-1,0,0.06487695749440714,False
GCACAATGGTGCAT-1,5,0.0731707317073171,False
GCACACCTGTGCTA-1,2,0.02005730659025788,False
GCACCACTCATGAC-1,1,0.17191283292978196,False
GCACCACTGTTTGG-1,1,0.022142429682824656,False
GCACCACTTCCTTA-1,2,0.022142429682824656,False
GCACCACTTTCGGA-1,1,0.029675638371290544,False
GCACCTACGCGATT-1,0,0.06122448979591838,False
GCACCTTGGCTGTA-1,0,0.08310991957104558,False
GCACCTTGGGGAGT-1,1,0.051823416506717866,False
GCACGGACCAGCTA-1,0,0.06884480746791133,False
GCACGGTGACCTCC-1,0,0.07790549169859513,False
GCACGGTGCTATGG-1,1,0.028263795423956937,False
GCACTAGAACGGGA-1,0,0.09523809523809527,False
GCACTAGAAGATGA-1,3,0.014743263853584135,False
GCACTAGACCTTTA-1,4,0.11942959001782533,False
GCACTAGACGTAAC-1,3,0.018141836173721827,False
GCACTAGAGTCGTA-1,2,0.031161473087818706,False
GCACTAGATGCAAC-1,0,0.08310991957104558,False
GCACTGCTGAGGCA-1,2,0.11036789297658862,False
GCAGATACAGCGTT-1,2,0.08885754583921016,False
GCAGATACGACGGA-1,0,0.11036789297658862,False
GCAGATACGCAGAG-1,0,0.0731707317073171,False
GCAGCCGACAGTCA-1,0,0.051823416506717866,False
GCAGCGTGCACTCC-1,0,0.06884480746791133,False
GCAGCTCTCAATCG-1,0,0.06487695749440714,False
GCAGCTCTGTTTCT-1,0,0.06122448979591838,False
GCAGGGCTAAGAAC-1,0,0.06122448979591838,False
GCAGGGCTAAGGGC-1,0,0.06884480746791133,False
GCAGGGCTATCGAC-1,2,0.01637612255678817,False
GCAGGGCTTGGGAG-1,2,0.06122448979591838,False
GCAGTCCTAACTGC-1,0,0.06487695749440714,False
GCAGTCCTCTCTTA-1,0,0.051823416506717866,False
GCATCAGATGCGTA-1,2,0.11942959001782533,False
GCATGTGACAAGCT-1,0,0.04659498207885305,False
GCATTGGAGAAGGC-1,0,0.04911955514365154,False
GCCAAAACGAGGCA-1,2,0.06884480746791133,False
GCCAAATGATCGAC-1,0,0.15555555555555556,False
GCCAACCTACGGTT-1,0,0.06884480746791133,False
GCCAACCTCGCCTT-1,0,0.03272727272727273,False
GCCACGGAGGCGAA-1,1,0.022142429682824656,False
GCCACGGATACTGG-1,0,0.05472636815920398,False
GCCACTACCTACTT-1,3,0.023255813953488372,False
GCCACTACGTCTTT-1,0,0.08885754583921016,False
GCCCAACTACCGAT-1,0,0.039934800325998374,False
GCCCAACTATGGTC-1,2,0.03797468354430379,False
GCCCATACAGCGTT-1,0,0.07790549169859513,False
GCCGACGAACTCTT-1,1,0.03437967115097159,False
GCCGAGTGCGTTGA-1,2,0.14168377823408632,False
GCCGGAACGAACTC-1,2,0.023255813953488372,False
GCCGGAACGTTCTT-1,2,0.011820330969267141,False
GCCGGAACTGCACA-1,2,0.02005730659025788,False
GCCGGAACTTACTC-1,0,0.031161473087818706,False
GCCGTACTACCTGA-1,0,0.02005730659025788,False
GCCGTACTGGCAAG-1,1,0.031161473087818706,False
GCCTACACAGTTCG-1,2,0.03272727272727273,False
GCCTACACCACTGA-1,4,0.04659498207885305,False
GCCTACACCTTGAG-1,0,0.05472636815920398,False
GCCTAGCTACGGAG-1,3,0.02692055154300722,False
GCCTAGCTCTATTC-1,0,0.11036789297658862,False
GCCTAGCTTCTCAT-1,0,0.06122448979591838,False
GCCTAGCTTCTCTA-1,4,0.02005730659025788,False
GCCTCAACCATGGT-1,0,0.05785123966942148,False
GCCTCAACTCTTTG-1,7,0.0731707317073171,False
GCCTCATGTCTTAC-1,2,0.10236220472440943,False
GCCTGACTCTCAAG-1,1,0.028263795423956937,False
GCGAAGGAACTCTT-1,0,0.05472636815920398,False
GCGAAGGAGAGCTT-1,7,0.05472636815920398,False
GCGAAGGATGCCAA-1,0,0.04911955514365154,False
GCGAGAGAGGGACA-1,0,0.03797468354430379,False
GCGAGCACTGTCGA-1,3,0.05785123966942148,False
GCGAGCACTTGACG-1,0,0.06884480746791133,False
GCGAGCACTTGCTT-1,1,0.11036789297658862,False
GCGATATGGTACGT-1,0,0.028263795423956937,False
GCGATATGGTGTTG-1,0,0.051823416506717866,False
GCGCACGAAGTCGT-1,0,0.06122448979591838,False
GCGCACGACTTTAC-1,1,0.01637612255678817,False
GCGCATCTAGGTCT-1,0,0.031161473087818706,False
GCGCATCTGGTTAC-1,6,0.08885754583921016,False
GCGCATCTTCGATG-1,0,0.03797468354430379,False
GCGCATCTTGCTCC-1,2,0.031161473087818706,False
GCGCATCTTTCTAC-1,0,0.0731707317073171,False
GCGCGAACGTTCTT-1,3,0.025641025641025644,False
GCGCGATGAACGGG-1,0,0.028263795423956937,False
GCGCGATGGTGCAT-1,2,0.08310991957104558,False
GCGGAGCTCCTGAA-1,0,0.03437967115097159,False
GCGGCAACCCGATA-1,0,0.05472636815920398,False
GCGGCAACGGAGGT-1,3,0.036126056879323604,False
GCGGCAACTGTCGA-1,1,0.018141836173721827,False
GCGTAAACACGGTT-1,5,0.08885754583921016,False
GCGTAATGCACCAA-1,4,0.051823416506717866,False
GCGTATGAACACCA-1,0,0.07790549169859513,False
GCGTATGATGAGAA-1,1,0.04423243712055507,False
GCTACAGAAAGGTA-1,0,0.09523809523809527,False
GCTACAGAATCTTC-1,3,0.02692055154300722,False
GCTACAGATCTTAC-1,0,0.04423243712055507,False
GCTACCTGAGAAGT-1,1,0.036126056879323604,False
GCTACCTGATCACG-1,0,0.11942959001782533,False
GCTACGCTAGAATG-1,0,0.06487695749440714,False
GCTACGCTAGCTAC-1,0,0.11942959001782533,False
GCTACGCTCCCTAC-1,0,0.07790549169859513,False
GCTAGAACAGAGGC-1,3,0.02005730659025788,False
GCTAGAACGGATCT-1,0,0.039934800325998374,False
GCTAGAACTCCCGT-1,0,0.039934800325998374,False
GCTAGATGAGCTCA-1,1,0.051823416506717866,False
GCTAGATGGCGATT-1,2,0.03272727272727273,False
GCTATACTAAGGCG-1,0,0.14168377823408632,False
GCTATACTAGCGTT-1,2,0.023255813953488372,False
GCTATACTCTCTTA-1,0,0.04659498207885305,False
GCTATACTGGACGA-1,0,0.039934800325998374,False
GCTCAAGAACCATG-1,4,0.17191283292978196,False
GCTCAAGAAGTCAC-1,1,0.07790549169859513,False
GCTCAGCTGTCTAG-1,0,0.039934800325998374,False
GCTCCATGAGAAGT-1,2,0.09523809523809527,False
GCTCCATGCCGAAT-1,0,0.06487695749440714,False
GCTCGACTCTAGTG-1,1,0.011820330969267141,False
GCTGATGAGGTATC-1,1,0.15555555555555556,False
GCTTAACTACAGTC-1,1,0.024420788979336257,False
GCTTAACTACTGGT-1,2,0.018141836173721827,False
GCTTAACTGCTGAT-1,0,0.06487695749440714,False
GCTTAACTTAGACC-1,1,0.02692055154300722,False
GCTTAACTTCAGTG-1,0,0.05472636815920398,False
GGAACACTCACTTT-1,1,0.03272727272727273,False
GGAACACTTCAGAC-1,6,0.08885754583921016,False
GGAACTACTACTTC-1,0,0.06487695749440714,False
GGAACTTGAAGGTA-1,1,0.029675638371290544,False
GGAACTTGAGAATG-1,0,0.08885754583921016,False
GGAACTTGCTCCAC-1,1,0.036126056879323604,False
GGAACTTGGGTAGG-1,3,0.03437967115097159,False
GGAAGGACATCGGT-1,1,0.02692055154300722,False
GGAAGGACCACTAG-1,0,0.09523809523809527,False
GGAAGGACGAGGGT-1,0,0.10236220472440943,False
GGAAGGACGCGAAG-1,0,0.09523809523809527,False
GGAAGGTGGCGAGA-1,2,0.00705101617586064,False
GGAATCTGAAGGGC-1,0,0.14168377823408632,False
GGAATCTGAGGAGC-1,0,0.04911955514365154,False
GGAATCTGCTTAGG-1,3,0.029675638371290544,False
GGAATCTGCTTGTT-1,1,0.03272727272727273,False
GGAATCTGGGAGGT-1,0,0.051823416506717866,False
GGAATGCTTTCTAC-1,0,0.05785123966942148,False
GGACAGGAAAGGGC-1,2,0.21533923303834804,False
GGACAGGAGTGCTA-1,3,0.02005730659025788,False
GGACAGGATCTCGC-1,0,0.06884480746791133,False
GGACCCGAAGCTAC-1,1,0.025641025641025644,False
GGACCGTGCTTACT-1,1,0.029675638371290544,False
GGACCGTGGGAACG-1,5,0.07790549169859513,False
GGACCGTGTAACGC-1,0,0.11036789297658862,False
GGACCTCTGTAAGA-1,1,0.028263795423956937,False
GGACCTCTTTTCTG-1,2,0.04911955514365154,False
GGACGAGAGTGTCA-1,1,0.029675638371290544,False
GGACGCTGACGCAT-1,2,0.07790549169859513,False
GGACGCTGCTAGCA-1,0,0.04659498207885305,False
GGACGCTGTCCTCG-1,2,0.011820330969267141,False
GGAGAGACGTGAGG-1,0,0.5064935064935057,True
GGAGCAGATTCAGG-1,3,0.06487695749440714,False
GGAGCCACCTTCTA-1,3,0.24503311258278151,False
GGAGCGCTACGCAT-1,1,0.03437967115097159,False
GGAGCGCTCCGAAT-1,0,0.08885754583921016,False
GGAGGATGCCACCT-1,0,0.025641025641025644,False
GGAGGATGGTTGAC-1,1,0.036126056879323604,False
GGAGGATGTCAGTG-1,1,0.028263795423956937,False
GGAGGCCTCGTTGA-1,2,0.03272727272727273,False
GGAGGCCTTTCTTG-1,0,0.036126056879323604,False
GGAGGTGATACGCA-1,0,0.06487695749440714,False
GGAGGTGATCGCTC-1,0,0.06487695749440714,False
GGATACTGCAGCTA-1,0,0.11942959001782533,False
GGATACTGTCTAGG-1,0,0.06884480746791133,False
GGATAGCTCGTCTC-1,0,0.07790549169859513,False
GGATAGCTCTGAAC-1,2,0.17191283292978196,False
GGATGTACCAAAGA-1,3,0.022142429682824656,False
GGATGTACGCGAAG-1,0,0.03437967115097159,False
GGATGTACGTCTTT-1,1,0.03272727272727273,False
GGATGTACGTGTCA-1,2,0.029675638371290544,False
GGATTTCTAGGTTC-1,0,0.05472636815920398,False
GGATTTCTTTGTCT-1,1,0.04911955514365154,False
GGCAAGGAAAAAGC-1,2,0.013972055888223553,False
GGCAAGGAAGAAGT-1,0,0.039934800325998374,False
GGCAAGGACTTGGA-1,1,0.04659498207885305,False
GGCAAGGAGGACTT-1,0,0.05472636815920398,False
GGCAATACGCTAAC-1,3,0.011152416356877323,False
GGCAATACGGCATT-1,2,0.029675638371290544,False
GGCAATACGTTTCT-1,3,0.013228809407153359,False
GGCACGTGGCTTAG-1,4,0.024420788979336257,False
GGCACGTGTGAGAA-1,7,0.11036789297658862,False
GGCACTCTTTTGTC-1,0,0.05785123966942148,False
GGCATATGCTTATC-1,2,0.06487695749440714,False
GGCATATGGGGAGT-1,6,0.06884480746791133,False
GGCATATGTGTGAC-1,0,0.06884480746791133,False
GGCCACGACAGAGG-1,0,0.039934800325998374,False
GGCCAGACTGGTTG-1,0,0.09523809523809527,False
GGCCCAGAAAGTAG-1,1,0.024420788979336257,False
GGCCGAACAACGAA-1,0,0.051823416506717866,False
GGCCGAACGCAGAG-1,0,0.051823416506717866,False
GGCCGAACGTAGGG-1,0,0.07790549169859513,False
GGCCGAACTCTAGG-1,2,0.01637612255678817,False
GGCCGATGCAGGAG-1,0,0.06122448979591838,False
GGCCGATGCCGAAT-1,0,0.04659498207885305,False
GGCCGATGTACTCT-1,2,0.11036789297658862,False
GGCGACACTGCCCT-1,2,0.2830188679245281,True
GGCGACTGCGTAAC-1,0,0.07790549169859513,False
GGCGCATGCCTAAG-1,4,0.022142429682824656,False
GGCGCATGCTCCAC-1,0,0.08310991957104558,False
GGCGCATGTGGAAA-1,0,0.04201680672268908,False
GGCGGACTAGAGGC-1,0,0.09523809523809527,False
GGCGGACTAGGAGC-1,2,0.12977099236641218,False
GGCGGACTCTGACA-1,0,0.06122448979591838,False
GGCGGACTCTTGGA-1,2,0.021077283372365346,False
GGCGGACTTACTGG-1,0,0.05785123966942148,False
GGCGGACTTGAACC-1,0,0.0731707317073171,False
GGCTAAACACCTGA-1,2,0.03437967115097159,False
GGCTAAACTCTTAC-1,0,0.051823416506717866,False
GGCTAATGAGCACT-1,2,0.06122448979591838,False
GGCTAATGGTCTAG-1,0,0.03437967115097159,False
GGCTCACTACTCAG-1,1,0.024420788979336257,False
GGGAACGAAGCTCA-1,4,0.014743263853584135,False
GGGAACGACACAAC-1,3,0.03437967115097159,False
GGGAACGAGTGTCA-1,1,0.031161473087818706,False
GGGAAGTGTTGAGC-1,1,0.031161473087818706,False
GGGACCACACGTTG-1,2,0.031161473087818706,False
GGGACCACAGAACA-1,0,0.039934800325998374,False
GGGACCACGAATAG-1,0,0.06487695749440714,False
GGGACCACGTCATG-1,0,0.031161473087818706,False
GGGACCACTCAAGC-1,0,0.04423243712055507,False
GGGACCACTCGTGA-1,0,0.17191283292978196,False
GGGACCACTGCATG-1,0,0.07790549169859513,False
GGGACCTGACCCTC-1,1,0.025641025641025644,False
GGGACCTGCTTGCC-1,0,0.06884480746791133,False
GGGACCTGTGGAGG-1,3,0.01724137931034483,False
GGGATGGACGACAT-1,3,0.039934800325998374,False
GGGATGGATACTTC-1,0,0.06487695749440714,False
GGGATGGATGGTTG-1,1,0.03437967115097159,False
GGGATTACGTCTAG-1,0,0.051823416506717866,False
GGGCAAGATGCATG-1,1,0.023255813953488372,False
GGGCACACGGTGAG-1,4,0.2830188679245281,True
GGGCACACGTTGCA-1,0,0.08310991957104558,False
GGGCAGCTTGGGAG-1,2,0.21533923303834804,False
GGGCAGCTTTTCTG-1,0,0.036126056879323604,False
GGGCCAACCTTGGA-1,5,0.05785123966942148,False
GGGCCAACGCGTTA-1,3,0.04423243712055507,False
GGGCCAACTACGCA-1,1,0.04423243712055507,False
GGGCCAACTCCAAG-1,3,0.031161473087818706,False
GGGCCATGATGGTC-1,2,0.11036789297658862,False
GGGCCATGTTGACG-1,0,0.05472636815920398,False
GGGTAACTCAGCTA-1,0,0.06122448979591838,False
GGGTAACTCTAGTG-1,3,0.014743263853584135,False
GGGTAACTCTGGAT-1,0,0.08310991957104558,False
GGGTTAACGTGCAT-1,2,0.022142429682824656,False
GGTAAAGAGCTAAC-1,2,0.02005730659025788,False
GGTACAACTGCAAC-1,0,0.05472636815920398,False
GGTACATGAAAGCA-1,3,0.021077283372365346,False
GGTACATGAGCTCA-1,0,0.07790549169859513,False
GGTACATGCGGTAT-1,0,0.04423243712055507,False
GGTACATGGTTACG-1,0,0.06884480746791133,False
GGTACATGTGGGAG-1,0,0.07790549169859513,False
GGTACTGAACTCTT-1,1,0.01724137931034483,False
GGTAGTACACCACA-1,2,0.14168377823408632,False
GGTAGTACACTAGC-1,1,0.02692055154300722,False
GGTAGTACCCTGTC-1,0,0.031161473087818706,False
GGTAGTACGCCATA-1,1,0.021077283372365346,False
GGTAGTACTGTCTT-1,0,0.15555555555555556,False
GGTATCGAGACAAA-1,1,0.1914893617021276,False
GGTATCGATGAACC-1,3,0.018141836173721827,False
GGTCAAACCAAAGA-1,0,0.0731707317073171,False
GGTCTAGAGAAACA-1,1,0.018141836173721827,False
GGTCTAGATAGCGT-1,1,0.04201680672268908,False
GGTGATACCGACTA-1,3,0.01637612255678817,False
GGTGATACGACTAC-1,1,0.02005730659025788,False
GGTGATACTGTTTC-1,0,0.029675638371290544,False
GGTGGAGAAACGGG-1,2,0.04659498207885305,False
GGTGGAGAAGTAGA-1,0,0.051823416506717866,False
GGTGGAGACAGATC-1,2,0.03437967115097159,False
GGTGGAGATCGATG-1,0,0.051823416506717866,False
GGTGGAGATCTCTA-1,1,0.013228809407153359,False
GGTGGAGATTACTC-1,2,0.04911955514365154,False
GGTTTACTACGCAT-1,2,0.04201680672268908,False
GTAACGTGACCTCC-1,1,0.04423243712055507,False
GTAACGTGATCGGT-1,3,0.01724137931034483,False
GTAACGTGCAGCTA-1,3,0.015544041450777207,False
GTAACGTGGTTGAC-1,3,0.08310991957104558,False
GTAAGCACAACGGG-1,0,0.03797468354430379,False
GTAAGCACTCATTC-1,3,0.02005730659025788,False
GTAAGCTGGTACCA-1,1,0.025641025641025644,False
GTAATAACCTTCTA-1,1,0.021077283372365346,False
GTAATAACGTTGTG-1,0,0.039934800325998374,False
GTACCCTGACAGTC-1,4,0.013972055888223553,False
GTACCCTGGAGCTT-1,0,0.022142429682824656,False
GTACCCTGTCCTTA-1,2,0.03437967115097159,False
GTACCCTGTGAACC-1,0,0.04659498207885305,False
GTACGTGAACGTTG-1,2,0.028263795423956937,False
GTACTTTGTCGACA-1,2,0.11036789297658862,False
GTAGACTGAGATGA-1,1,0.02692055154300722,False
GTAGACTGTATTCC-1,0,0.04201680672268908,False
GTAGCAACAGTCGT-1,1,0.02005730659025788,False
GTAGCAACCATTTC-1,3,0.023255813953488372,False
GTAGCAACGGTAGG-1,1,0.02692055154300722,False
GTAGCATGCACTCC-1,3,0.036126056879323604,False
GTAGCATGTAAGCC-1,1,0.011152416356877323,False
GTAGCCCTGACGTT-1,0,0.08885754583921016,False
GTAGCTGAAGCTAC-1,4,0.028263795423956937,False
GTAGCTGAATTCGG-1,0,0.05785123966942148,False
GTAGGTACACGGGA-1,1,0.028263795423956937,False
GTAGTGACCTCATT-1,0,0.06487695749440714,False
GTAGTGTGAGCGGA-1,2,0.03797468354430379,False
GTAGTGTGAGGCGA-1,1,0.023255813953488372,False
GTAGTGTGTGGTTG-1,0,0.04659498207885305,False
GTATCACTGGTAGG-1,1,0.03797468354430379,False
GTATCTACAGAAGT-1,2,0.031161473087818706,False
GTATCTACGACGAG-1,2,0.02692055154300722,False
GTATCTACGTTACG-1,0,0.09523809523809527,False
GTATTAGAAACAGA-1,0,0.06122448979591838,False
GTATTAGAGGTCTA-1,0,0.05472636815920398,False
GTATTCACACAGCT-1,0,0.051823416506717866,False
GTATTCACGGGTGA-1,2,0.03797468354430379,False
GTCAACGACACTGA-1,0,0.08885754583921016,False
GTCAACGAGTGTAC-1,1,0.02692055154300722,False
GTCAACGATCAGGT-1,2,0.05785123966942148,False
GTCAATCTACACCA-1,2,0.051823416506717866,False
GTCAATCTGTAGCT-1,2,0.07790549169859513,False
GTCAATCTTGTGGT-1,0,0.06884480746791133,False
GTCACCTGCCTCCA-1,0,0.0731707317073171,False
GTCACCTGTCCCGT-1,0,0.10236220472440943,False
GTCATACTAATCGC-1,3,0.17191283292978196,False
GTCATACTGCGATT-1,2,0.031161473087818706,False
GTCATACTTCGCCT-1,6,0.07790549169859513,False
GTCATACTTTACCT-1,2,0.03272727272727273,False
GTCATACTTTGACG-1,0,0.03797468354430379,False
GTCCAAGAAAAACG-1,0,0.06884480746791133,False
GTCCACTGACCTCC-1,0,0.05472636815920398,False
GTCCACTGGGTACT-1,4,0.051823416506717866,False
GTCCAGCTACGGGA-1,0,0.02692055154300722,False
GTCCCATGTGGTGT-1,1,0.036126056879323604,False
GTCGAATGAAGGCG-1,1,0.02005730659025788,False
GTCGACCTGAATGA-1,2,0.011820330969267141,False
GTCGACCTGTTCAG-1,0,0.025641025641025644,False
GTCGCACTTGAGAA-1,3,0.028263795423956937,False
GTCTAACTGGTCTA-1,4,0.011152416356877323,False
GTCTAGGAGCTTCC-1,1,0.03272727272727273,False
GTGAACACACTCTT-1,0,0.03797468354430379,False
GTGAACACAGATCC-1,2,0.021077283372365346,False
GTGAACACTCAGGT-1,0,0.029675638371290544,False
GTGACCCTTAAGCC-1,0,0.11036789297658862,False
GTGATGACAAGTGA-1,0,0.14168377823408632,False
GTGATGACCTGAGT-1,3,0.014743263853584135,False
GTGATGACGGTTTG-1,2,0.07790549169859513,False
GTGATTCTCATTTC-1,0,0.05785123966942148,False
GTGATTCTCTCTCG-1,1,0.014743263853584135,False
GTGATTCTGGTTCA-1,2,0.036126056879323604,False
GTGATTCTGTCGAT-1,0,0.14168377823408632,False
GTGATTCTTAGCGT-1,3,0.014743263853584135,False
GTGCCACTCAGGAG-1,0,0.036126056879323604,False
GTGGATTGCACTAG-1,4,0.02005730659025788,False
GTGGATTGCGGAGA-1,0,0.08885754583921016,False
GTGGATTGTAACGC-1,0,0.05785123966942148,False
GTGTACGATCAGTG-1,0,0.03797468354430379,False
GTGTAGTGGGTACT-1,0,0.051823416506717866,False
GTGTATCTAGCCTA-1,3,0.013972055888223553,False
GTGTATCTAGTAGA-1,2,0.12977099236641218,False
GTGTATCTGTTACG-1,3,0.01637612255678817,False
GTGTCAGAAGCGTT-1,2,0.08310991957104558,False
GTGTCAGAATGCTG-1,0,0.04911955514365154,False
GTTAAAACCGAGAG-1,2,0.01724137931034483,False
GTTAAAACTTCGCC-1,0,0.06487695749440714,False
GTTAAATGCTCGAA-1,0,0.036126056879323604,False
GTTAAATGTCGACA-1,3,0.014743263853584135,False
GTTAACCTAGCTAC-1,0,0.06884480746791133,False
GTTAACCTTGCTTT-1,5,0.08885754583921016,False
GTTAGGTGCACTCC-1,0,0.06487695749440714,False
GTTAGGTGCCAGTA-1,1,0.025641025641025644,False
GTTAGGTGCCCAAA-1,4,0.021077283372365346,False
GTTAGGTGGAACTC-1,3,0.04659498207885305,False
GTTAGTCTAAGAAC-1,2,0.07790549169859513,False
GTTATAGAGGACAG-1,0,0.10236220472440943,False
GTTATGCTTTCATC-1,0,0.04423243712055507,False
GTTCAACTGGGACA-1,2,0.012512030798845043,False
GTTCAACTTATGCG-1,0,0.036126056879323604,False
GTTGACGAGCCCTT-1,2,0.04201680672268908,False
GTTGACGATATCGG-1,2,0.011152416356877323,False
GTTGAGTGGTCTTT-1,1,0.039934800325998374,False
GTTGAGTGTGCTTT-1,0,0.06884480746791133,False
GTTGATCTGGGACA-1,0,0.039934800325998374,False
GTTGATCTTTTCAC-1,2,0.02692055154300722,False
GTTGGATGTTTACC-1,4,0.029675638371290544,False
GTTGTACTATTCCT-1,1,0.024420788979336257,False
GTTGTACTTTTGGG-1,0,0.09523809523809527,False
GTTTAAGACCATGA-1,1,0.03272727272727273,False
GTTTAAGACTGTCC-1,2,0.04659498207885305,False
TAAACAACCAACCA-1,0,0.04659498207885305,False
TAAACAACGAATCC-1,3,0.02692055154300722,False
TAAAGACTCAGGAG-1,0,0.051823416506717866,False
TAAATCGATGAGGG-1,0,0.051823416506717866,False
TAACAATGTGCCCT-1,3,0.011820330969267141,False
TAACACCTTCGCTC-1,1,0.03272727272727273,False
TAACACCTTCGTAG-1,1,0.039934800325998374,False
TAACACCTTGTTTC-1,6,0.09523809523809527,False
TAACATGACACTAG-1,3,0.33333333333333315,True
TAACCGGACTTACT-1,0,0.0731707317073171,False
TAACGTCTCAACCA-1,1,0.023255813953488372,False
TAACGTCTCATTGG-1,0,0.051823416506717866,False
TAACTAGAATTTCC-1,0,0.15555555555555556,False
TAACTAGACTTAGG-1,0,0.06122448979591838,False
TAACTAGATCTGGA-1,0,0.023255813953488372,False
TAACTCACGAGGAC-1,1,0.019079685746352413,False
TAACTCACGTACAC-1,3,0.02005730659025788,False
TAACTCACGTATCG-1,1,0.03797468354430379,False
TAACTCACTCTACT-1,2,0.03272727272727273,False
TAAGAACTGTGTCA-1,1,0.05472636815920398,False
TAAGAGGACTAAGC-1,3,0.09523809523809527,False
TAAGAGGACTTGTT-1,2,0.051823416506717866,False
TAAGATACCCACAA-1,0,0.05785123966942148,False
TAAGATACGGTTCA-1,1,0.03437967115097159,False
TAAGATTGCGTAGT-1,0,0.06487695749440714,False
TAAGATTGTTGCTT-1,0,0.06122448979591838,False
TAAGCGTGAGGTTC-1,1,0.024420788979336257,False
TAAGCGTGGACAAA-1,1,0.07790549169859513,False
TAAGCGTGGGAAAT-1,0,0.051823416506717866,False
TAAGCGTGTGCTCC-1,4,0.04423243712055507,False
TAAGGCTGCCATGA-1,0,0.11036789297658862,False
TAAGGCTGCTGCTC-1,0,0.03437967115097159,False
TAAGGCTGTCTCGC-1,1,0.03272727272727273,False
TAAGGGCTGCTGTA-1,0,0.07790549169859513,False
TAAGGGCTTTACTC-1,0,0.031161473087818706,False
TAAGTAACCGAGAG-1,3,0.014743263853584135,False
TAAGTAACCTCCAC-1,3,0.031161473087818706,False
TAAGTAACCTGTAG-1,0,0.12977099236641218,False
TAAGTAACTTGTCT-1,0,0.051823416506717866,False
TAATGATGAGCGGA-1,0,0.051823416506717866,False
TAATGCCTCATGAC-1,0,0.06122448979591838,False
TAATGCCTCGTCTC-1,2,0.022142429682824656,False
TAATGTGAAGATGA-1,0,0.05785123966942148,False
TAATGTGACTGCAA-1,1,0.039934800325998374,False
TAATGTGATTACTC-1,2,0.12977099236641218,False
TACAAATGGGTACT-1,0,0.08885754583921016,False
TACAATGAAAACAG-1,1,0.021077283372365346,False
TACAATGACTTAGG-1,0,0.06487695749440714,False
TACAATGATGCTAG-1,2,0.03437967115097159,False
TACACACTCACACA-1,0,0.06884480746791133,False
TACACACTCTTACT-1,0,0.08885754583921016,False
TACATAGAACGCAT-1,2,0.031161473087818706,False
TACATCACACGGGA-1,0,0.0731707317073171,False
TACATCACCTGTTT-1,4,0.051823416506717866,False
TACATCACGCTAAC-1,3,0.018141836173721827,False
TACATCACTGAACC-1,4,0.01724137931034483,False
TACCATTGAGGTTC-1,0,0.12977099236641218,False
TACCATTGCGGGAA-1,1,0.04911955514365154,False
TACCATTGGGGATG-1,1,0.10236220472440943,False
TACCATTGTGAGGG-1,1,0.33333333333333315,True
TACCGGCTGTTGGT-1,0,0.0731707317073171,False
TACGAGTGATCTCT-1,0,0.06122448979591838,False
TACGAGTGATGCTG-1,1,0.09523809523809527,False
TACGAGTGCGGAGA-1,0,0.05785123966942148,False
TACGAGTGGTTGGT-1,0,0.07790549169859513,False
TACGATCTAGTGTC-1,0,0.039934800325998374,False
TACGATCTCACTGA-1,1,0.04423243712055507,False
TACGATCTTACGAC-1,2,0.14168377823408632,False
TACGCAGACGTCTC-1,3,0.02005730659025788,False
TACGCAGAGAATCC-1,2,0.04201680672268908,False
TACGCCACATTCCT-1,0,0.028263795423956937,False
TACGCCACTCCCAC-1,4,0.06884480746791133,False
TACGCCACTCCGAA-1,3,0.031161473087818706,False
TACGCGCTCTTCTA-1,2,0.03797468354430379,False
TACGGAACGCGTTA-1,3,0.014743263853584135,False
TACGGCCTGGGACA-1,2,0.022142429682824656,False
TACGGCCTGTCCTC-1,0,0.04201680672268908,False
TACGTACTACGGAG-1,0,0.08310991957104558,False
TACGTACTCAGTTG-1,0,0.08310991957104558,False
TACGTACTCCCGTT-1,3,0.01637612255678817,False
TACGTTACAGAAGT-1,0,0.04659498207885305,False
TACGTTACCAAGCT-1,1,0.014743263853584135,False
TACTAAGAAAGGTA-1,3,0.011152416356877323,False
TACTAAGAATCACG-1,0,0.04201680672268908,False
TACTAAGATGATGC-1,1,0.015544041450777207,False
TACTAAGATTGCGA-1,0,0.06122448979591838,False
TACTACACGAGAGC-1,0,0.06884480746791133,False
TACTACACTTACCT-1,0,0.1914893617021276,False
TACTACTGAACCTG-1,1,0.03272727272727273,False
TACTACTGATGTCG-1,2,0.025641025641025644,False
TACTACTGATTCTC-1,0,0.029675638371290544,False
TACTACTGTATGGC-1,0,0.06122448979591838,False
TACTCAACGGTCTA-1,1,0.02005730659025788,False
TACTCAACTGCTAG-1,3,0.011820330969267141,False
TACTCCCTCAGTTG-1,0,0.0731707317073171,False
TACTCTGAATCGAC-1,2,0.051823416506717866,False
TACTCTGACGAGTT-1,0,0.05785123966942148,False
TACTCTGATTGACG-1,3,0.01637612255678817,False
TACTGGGATCGATG-1,0,0.036126056879323604,False
TACTGTTGAAAGCA-1,0,0.05785123966942148,False
TACTGTTGAGGCGA-1,2,0.014743263853584135,False
TACTGTTGCTGAAC-1,3,0.06884480746791133,False
TACTTGACTCCTCG-1,2,0.02005730659025788,False
TACTTGACTGGTGT-1,3,0.018141836173721827,False
TACTTTCTTTTGGG-1,2,0.11942959001782533,False
TAGAAACTAATCGC-1,0,0.024420788979336257,False
TAGAAACTGCTTCC-1,1,0.05785123966942148,False
TAGAAACTGGGATG-1,2,0.024420788979336257,False
TAGAATTGCGACAT-1,0,0.05785123966942148,False
TAGAATTGTATCGG-1,0,0.05472636815920398,False
TAGACGTGCTTGAG-1,0,0.0731707317073171,False
TAGACGTGTCGCTC-1,0,0.08885754583921016,False
TAGAGCACCTTACT-1,3,0.010507080858839652,False
TAGATTGACTTGTT-1,3,0.013972055888223553,False
TAGATTGAGGCATT-1,2,0.04911955514365154,False
TAGCATCTCAGCTA-1,2,0.015544041450777207,False
TAGCATCTCCCTCA-1,0,0.08885754583921016,False
TAGCATCTGCTGTA-1,4,0.025641025641025644,False
TAGCATCTGGGACA-1,0,0.02692055154300722,False
TAGCATCTTGTCGA-1,0,0.06122448979591838,False
TAGCCCACAAAAGC-1,0,0.0731707317073171,False
TAGCCCACAGCCAT-1,2,0.09523809523809527,False
TAGCCCACAGCTAC-1,2,0.06122448979591838,False
TAGCCCACCCACAA-1,0,0.04201680672268908,False
TAGCCCTGCGGAGA-1,2,0.03272727272727273,False
TAGCCGCTTACGAC-1,0,0.04201680672268908,False
TAGCCGCTTACTTC-1,2,0.029675638371290544,False
TAGCCGCTTTCCAT-1,1,0.05472636815920398,False
TAGCTACTGAATAG-1,3,0.018141836173721827,False
TAGCTACTGTAGCT-1,0,0.08885754583921016,False
TAGCTACTTTTGCT-1,2,0.08885754583921016,False
TAGGACTGTGCTGA-1,0,0.05785123966942148,False
TAGGAGCTAAGGCG-1,3,0.024420788979336257,False
TAGGAGCTGAGGGT-1,0,0.06884480746791133,False
TAGGAGCTTGCATG-1,3,0.013972055888223553,False
TAGGCAACCGTCTC-1,3,0.013228809407153359,False
TAGGCATGCTCTCG-1,5,0.09523809523809527,False
TAGGCATGGCGAGA-1,2,0.06122448979591838,False
TAGGCTGATGCCTC-1,1,0.02692055154300722,False
TAGGGACTGAACTC-1,2,0.04911955514365154,False
TAGGTCGACACTGA-1,0,0.04423243712055507,False
TAGGTCGAGGATCT-1,3,0.018141836173721827,False
TAGGTGACACACTG-1,0,0.06122448979591838,False
TAGGTGACACGTTG-1,3,0.022142429682824656,False
TAGGTGTGTTCTGT-1,0,0.05785123966942148,False
TAGGTTCTGAAGGC-1,0,0.07790549169859513,False
TAGGTTCTTCTTAC-1,4,0.023255813953488372,False
TAGGTTCTTGCTGA-1,1,0.031161473087818706,False
TAGTAAACCTCGCT-1,0,0.039934800325998374,False
TAGTAAACGTCACA-1,0,0.0731707317073171,False
TAGTAATGAGATCC-1,0,0.06884480746791133,False
TAGTACCTAAGAAC-1,1,0.028263795423956937,False
TAGTATGATCTTAC-1,3,0.06884480746791133,False
TAGTATGATTCTCA-1,0,0.07790549169859513,False
TAGTCTTGGCTGTA-1,0,0.025641025641025644,False
TAGTCTTGGGACTT-1,0,0.06122448979591838,False
TAGTCTTGTGGAAA-1,2,0.04201680672268908,False
TAGTGGTGAAGTGA-1,2,0.018141836173721827,False
TAGTTAGAACCACA-1,2,0.014743263853584135,False
TAGTTAGATGAACC-1,0,0.04911955514365154,False
TATAAGACAACAGA-1,2,0.09523809523809527,False
TATAAGACAGCTCA-1,4,0.018141836173721827,False
TATAAGTGACACCA-1,4,0.06884480746791133,False
TATAAGTGTATCGG-1,1,0.024420788979336257,False
TATAAGTGTGGTGT-1,4,0.018141836173721827,False
TATACAGAACCCTC-1,2,0.023255813953488372,False
TATACAGAAGAACA-1,0,0.06487695749440714,False
TATACAGATCCAGA-1,0,0.024420788979336257,False
TATACCACCTGATG-1,3,0.05472636815920398,False
TATACGCTACCAAC-1,0,0.11036789297658862,False
TATAGATGGACGGA-1,0,0.039934800325998374,False
TATAGATGTTCCGC-1,4,0.03797468354430379,False
TATCACTGACTGTG-1,1,0.013972055888223553,False
TATCCAACCAGCTA-1,1,0.018141836173721827,False
TATCCAACTCTCTA-1,2,0.05785123966942148,False
TATCGACTACTAGC-1,2,0.06884480746791133,False
TATCGACTCGATAC-1,4,0.05785123966942148,False
TATCGTACAGATGA-1,2,0.07790549169859513,False
TATCGTACATTCCT-1,1,0.03797468354430379,False
TATCTCGAGAGATA-1,0,0.04911955514365154,False
TATCTGACAGGTTC-1,2,0.028263795423956937,False
TATCTGACTGTTTC-1,2,0.1914893617021276,False
TATCTTCTAAACAG-1,0,0.09523809523809527,False
TATGAATGGAGGAC-1,2,0.01637612255678817,False
TATGAATGTTTGCT-1,4,0.01637612255678817,False
TATGCGGATAACCG-1,0,0.06487695749440714,False
TATGGGTGCATCAG-1,2,0.08310991957104558,False
TATGGGTGCTAGCA-1,3,0.04201680672268908,False
TATGGTCTCTACCC-1,0,0.04659498207885305,False
TATGTCACGGAACG-1,3,0.04201680672268908,False
TATGTCACTAACCG-1,1,0.07790549169859513,False
TATGTCACTTCTCA-1,3,0.023255813953488372,False
TATGTGCTCCGATA-1,1,0.025641025641025644,False
TATGTGCTGGATTC-1,0,0.03797468354430379,False
TATTGCTGAAGAAC-1,1,0.03272727272727273,False
TATTGCTGCCGTTC-1,0,0.33333333333333315,True
TATTGCTGTCTGGA-1,0,0.025641025641025644,False
TATTGCTGTGCACA-1,2,0.04911955514365154,False
TATTTCCTATTGGC-1,1,0.04659498207885305,False
TATTTCCTGGAGGT-1,2,0.031161473087818706,False
TATTTCCTGGTGTT-1,0,0.05785123966942148,False
TCAACACTGTTTGG-1,2,0.013228809407153359,False
TCAAGGACAGCGTT-1,0,0.04201680672268908,False
TCAAGGACATTCTC-1,2,0.08310991957104558,False
TCAAGGACGGTGTT-1,1,0.025641025641025644,False
TCAATCACACTCTT-1,2,0.021077283372365346,False
TCAATCACAGTCGT-1,4,0.021077283372365346,False
TCACAACTATGTGC-1,0,0.04659498207885305,False
TCACAACTTTGCTT-1,1,0.025641025641025644,False
TCACATACACTTTC-1,0,0.1914893617021276,False
TCACATACAGGGTG-1,0,0.036126056879323604,False
TCACCCGAGACGGA-1,1,0.051823416506717866,False
TCACCGTGCTCGCT-1,4,0.03797468354430379,False
TCACCTCTACGACT-1,2,0.12977099236641218,False
TCACCTCTTCCAAG-1,4,0.01724137931034483,False
TCACGAGAGGAGGT-1,3,0.039934800325998374,False
TCACTATGGGGCAA-1,2,0.019079685746352413,False
TCACTATGGTTGTG-1,3,0.21533923303834804,False
TCAGACGACGCTAA-1,0,0.05785123966942148,False
TCAGACGACGTTAG-1,2,0.04423243712055507,False
TCAGAGACTCCAGA-1,0,0.03437967115097159,False
TCAGCAGACTCCAC-1,0,0.039934800325998374,False
TCAGCGCTCTAGTG-1,2,0.051823416506717866,False
TCAGCGCTGGATCT-1,3,0.013972055888223553,False
TCAGCGCTGGTATC-1,2,0.03797468354430379,False
TCAGGATGAAGTAG-1,0,0.021077283372365346,False
TCAGGATGCCTTTA-1,4,0.028263795423956937,False
TCAGTGGAAGATCC-1,2,0.14168377823408632,False
TCAGTTACCTACGA-1,1,0.022142429682824656,False
TCAGTTACTAGAAG-1,0,0.04423243712055507,False
TCATCAACCCGATA-1,0,0.05472636815920398,False
TCATCAACTGTTCT-1,1,0.04659498207885305,False
TCATCATGCAGTTG-1,0,0.0731707317073171,False
TCATCCCTTACTGG-1,0,0.11036789297658862,False
TCATTCGATACAGC-1,4,0.02692055154300722,False
TCCACGTGGAAACA-1,0,0.04201680672268908,False
TCCACTCTACACTG-1,0,0.04423243712055507,False
TCCACTCTGAGCTT-1,1,0.036126056879323604,False
TCCACTCTTACTTC-1,3,0.011820330969267141,False
TCCATAACAAAGTG-1,0,0.04201680672268908,False
TCCATAACCGTAGT-1,3,0.031161473087818706,False
TCCATAACGATGAA-1,0,0.07790549169859513,False
TCCATAACTACGCA-1,0,0.051823416506717866,False
TCCATCCTCCCTAC-1,2,0.03437967115097159,False
TCCCACGATCATTC-1,0,0.06487695749440714,False
TCCCATCTCAAAGA-1,1,0.021077283372365346,False
TCCCGAACACAGTC-1,2,0.022142429682824656,False
TCCCGAACTTCGCC-1,4,0.021077283372365346,False
TCCCGATGAGATCC-1,0,0.03797468354430379,False
TCCCGATGCCTGAA-1,1,0.012512030798845043,False
TCCCGATGCTGTGA-1,2,0.08885754583921016,False
TCCCTACTCAACTG-1,3,0.022142429682824656,False
TCCGAAGACAATCG-1,1,0.018141836173721827,False
TCCGAAGACGTTAG-1,0,0.08310991957104558,False
TCCGGACTGAGGTG-1,0,0.04201680672268908,False
TCCGGACTGTACGT-1,2,0.04911955514365154,False
TCCTAAACATCGAC-1,0,0.06122448979591838,False
TCCTAAACCGAGAG-1,0,0.0731707317073171,False
TCCTAAACCGCATA-1,2,0.021077283372365346,False
TCCTAATGGTTTGG-1,2,0.03272727272727273,False
TCCTACCTGTCGTA-1,0,0.04911955514365154,False
TCCTATGAAAAGCA-1,2,0.06487695749440714,False
TCGAATCTCTGGTA-1,2,0.06487695749440714,False
TCGACCTGCCGATA-1,4,0.028263795423956937,False
TCGACGCTTCTATC-1,1,0.04201680672268908,False
TCGACGCTTTGACG-1,0,0.05472636815920398,False
TCGAGAACGACAGG-1,0,0.051823416506717866,False
TCGAGAACGTTAGC-1,0,0.11036789297658862,False
TCGAGCCTATCAGC-1,3,0.013228809407153359,False
TCGAGCCTGCGAGA-1,2,0.08310991957104558,False
TCGAGCCTTGTGAC-1,0,0.039934800325998374,False
TCGATACTATTCCT-1,0,0.06884480746791133,False
TCGATACTTGCACA-1,0,0.05472636815920398,False
TCGATTTGATGCCA-1,1,0.03437967115097159,False
TCGATTTGCACTCC-1,0,0.036126056879323604,False
TCGATTTGCAGCTA-1,2,0.010507080858839652,False
TCGATTTGCCTACC-1,1,0.036126056879323604,False
TCGATTTGTCGTGA-1,3,0.029675638371290544,False
TCGCACACCATCAG-1,1,0.013228809407153359,False
TCGCAGCTAGATCC-1,2,0.11036789297658862,False
TCGCCATGAGACTC-1,0,0.03797468354430379,False
TCGCCATGTGGTCA-1,3,0.013972055888223553,False
TCGGACCTAACAGA-1,0,0.08310991957104558,False
TCGGACCTATAAGG-1,3,0.018141836173721827,False
TCGGACCTGTACAC-1,0,0.08885754583921016,False
TCGGTAGAGTAGGG-1,0,0.04659498207885305,False
TCGGTAGATCCCAC-1,3,0.04911955514365154,False
TCGTAGGATCGACA-1,0,0.07790549169859513,False
TCGTGAGAACTGTG-1,3,0.039934800325998374,False
TCGTTATGGACAAA-1,0,0.07790549169859513,False
TCTAACACCAGTTG-1,2,0.04911955514365154,False
TCTAACACGAGCAG-1,5,0.06487695749440714,False
TCTAACTGAACCAC-1,0,0.06122448979591838,False
TCTAAGCTAATGCC-1,0,0.028263795423956937,False
TCTAAGCTTAGTCG-1,2,0.0731707317073171,False
TCTAAGCTTCTAGG-1,4,0.013972055888223553,False
TCTAAGCTTGTTCT-1,1,0.03437967115097159,False
TCTAAGCTTTCGCC-1,3,0.012512030798845043,False
TCTACAACGACTAC-1,1,0.025641025641025644,False
TCTAGACTTAGAAG-1,1,0.023255813953488372,False
TCTAGTTGCACCAA-1,4,0.05472636815920398,False
TCTATGTGAAGAGT-1,1,0.05785123966942148,False
TCTATGTGAGTCTG-1,2,0.02692055154300722,False
TCTCAAACCTAAGC-1,3,0.06487695749440714,False
TCTCTAGAATTTCC-1,0,0.05472636815920398,False
TCTGATACACGTGT-1,0,0.07790549169859513,False
TCTGATACTCGCCT-1,0,0.06122448979591838,False
TCTTACGAACCTGA-1,1,0.03272727272727273,False
TCTTCAGAGCTACA-1,1,0.03437967115097159,False
TCTTGATGCGGAGA-1,2,0.04201680672268908,False
TGAAATTGGTGAGG-1,1,0.05785123966942148,False
TGAACCGAAAACGA-1,0,0.06122448979591838,False
TGAACCGACTACTT-1,4,0.05785123966942148,False
TGAACCGATTCGGA-1,4,0.015544041450777207,False
TGAAGCACTCACGA-1,2,0.10236220472440943,False
TGAAGCTGAACGAA-1,0,0.04659498207885305,False
TGAAGCTGAGACTC-1,0,0.021077283372365346,False
TGAAGCTGCATGGT-1,3,0.013972055888223553,False
TGAAGCTGCGTAAC-1,0,0.0731707317073171,False
TGAATAACCACTTT-1,0,0.04659498207885305,False
TGAATAACTCCCAC-1,2,0.019079685746352413,False
TGACACGACCTTAT-1,3,0.018141836173721827,False
TGACCAGACAACCA-1,0,0.11036789297658862,False
TGACCAGAGGATTC-1,0,0.04423243712055507,False
TGACCGCTAAAAGC-1,0,0.0731707317073171,False
TGACCGCTCTGCAA-1,0,0.02005730659025788,False
TGACGATGCAAAGA-1,1,0.029675638371290544,False
TGACGCCTGTACCA-1,0,0.09523809523809527,False
TGACGCCTTTACTC-1,0,0.06122448979591838,False
TGACTGGAAGAGAT-1,1,0.013228809407153359,False
TGACTGGACCGTAA-1,0,0.06884480746791133,False
TGACTGGACGCAAT-1,0,0.05785123966942148,False
TGACTGGAGGACAG-1,3,0.022142429682824656,False
TGACTGGATTCTCA-1,0,0.04911955514365154,False
TGACTTACACACCA-1,0,0.06487695749440714,False
TGACTTACAGTCTG-1,1,0.029675638371290544,False
TGACTTTGCGCATA-1,0,0.025641025641025644,False
TGACTTTGTTTGTC-1,0,0.08885754583921016,False
TGAGACACAAGGTA-1,0,0.0731707317073171,False
TGAGACACTCAAGC-1,2,0.051823416506717866,False
TGAGACACTGTGCA-1,0,0.05785123966942148,False
TGAGCTGAATGCTG-1,4,0.024420788979336257,False
TGAGCTGACTGGAT-1,1,0.01724137931034483,False
TGAGCTGAGCGAGA-1,0,0.031161473087818706,False
TGAGCTGATGCTAG-1,1,0.06884480746791133,False
TGAGGACTCTCATT-1,1,0.039934800325998374,False
TGAGGACTTCATTC-1,0,0.07790549169859513,False
TGAGGTACGAACCT-1,4,0.05472636815920398,False
TGAGTCGAGTTACG-1,3,0.018141836173721827,False
TGAGTGACTGAGCT-1,0,0.05472636815920398,False
TGATAAACGAATCC-1,0,0.08310991957104558,False
TGATAAACTCCGTC-1,2,0.022142429682824656,False
TGATAAACTTTCAC-1,0,0.06487695749440714,False
TGATACCTCACTAG-1,1,0.01724137931034483,False
TGATACCTGTTGGT-1,0,0.05785123966942148,False
TGATACCTTATGCG-1,0,0.09523809523809527,False
TGATACCTTGAAGA-1,0,0.11036789297658862,False
TGATATGAACCTTT-1,0,0.07790549169859513,False
TGATCACTAGCATC-1,2,0.12977099236641218,False
TGATCACTCTCGCT-1,0,0.04659498207885305,False
TGATCACTTCTACT-1,3,0.08310991957104558,False
TGATCGGACTGACA-1,4,0.031161473087818706,False
TGATCGGAGGAGCA-1,3,0.013972055888223553,False
TGATCGGATATGCG-1,4,0.036126056879323604,False
TGATTAGACATTGG-1,0,0.04423243712055507,False
TGATTAGATGACTG-1,3,0.01724137931034483,False
TGATTAGATGCTAG-1,0,0.08310991957104558,False
TGATTCACTATGCG-1,0,0.02692055154300722,False
TGATTCACTGTCAG-1,3,0.025641025641025644,False
TGATTCTGCCGAAT-1,0,0.11036789297658862,False
TGATTCTGCTCTTA-1,0,0.07790549169859513,False
TGCAAGTGAGAACA-1,0,0.07790549169859513,False
TGCAAGTGGGTAGG-1,1,0.08885754583921016,False
TGCAATCTTCAGGT-1,5,0.17191283292978196,False
TGCACAGACGACAT-1,2,0.03272727272727273,False
TGCCAAGAGCAGTT-1,4,0.12977099236641218,False
TGCCAAGATCTCTA-1,0,0.06487695749440714,False
TGCCACTGAACGTC-1,0,0.036126056879323604,False
TGCCACTGCGATAC-1,2,0.03437967115097159,False
TGCCAGCTTGGCAT-1,0,0.0731707317073171,False
TGCCCAACAGCAAA-1,0,0.04423243712055507,False
TGCCCAACCGCATA-1,4,0.05785123966942148,False
TGCCGACTCTCCCA-1,3,0.011820330969267141,False
TGCGAAACAGTCAC-1,3,0.025641025641025644,False
TGCGAAACGTTGCA-1,3,0.01637612255678817,False
TGCGATGAACGGTT-1,0,0.08310991957104558,False
TGCGATGACCTCGT-1,0,0.05785123966942148,False
TGCGATGACTAGTG-1,3,0.11942959001782533,False
TGCGATGACTGCTC-1,3,0.01637612255678817,False
TGCGATGACTTGCC-1,3,0.04423243712055507,False
TGCGATGAGTGCTA-1,1,0.04911955514365154,False
TGCGCACTCTTGAG-1,1,0.028263795423956937,False
TGCGTAGAATAAGG-1,1,0.01637612255678817,False
TGCGTAGACGGGAA-1,3,0.05472636815920398,False
TGCGTAGATGGTCA-1,4,0.014743263853584135,False
TGCTAGGAAACCGT-1,2,0.06122448979591838,False
TGCTAGGATAGTCG-1,0,0.07790549169859513,False
TGCTATACGGTTCA-1,1,0.33333333333333315,True
TGCTATACTGCTGA-1,2,0.036126056879323604,False
TGCTGAGAGAGCAG-1,2,0.018141836173721827,False
TGCTGAGATTATCC-1,0,0.0731707317073171,False
TGGAAAGACTCTCG-1,3,0.06487695749440714,False
TGGAAAGAGCGATT-1,0,0.028263795423956937,False
TGGAAAGAGGTCAT-1,4,0.031161473087818706,False
TGGAAAGATATGGC-1,0,0.04911955514365154,False
TGGAACACAAACAG-1,2,0.03272727272727273,False
TGGAACACGCTAAC-1,2,0.04201680672268908,False
TGGAAGCTCAGATC-1,0,0.06122448979591838,False
TGGACCCTACACTG-1,1,0.019079685746352413,False
TGGACCCTCATGGT-1,2,0.12977099236641218,False
TGGACCCTGGTACT-1,1,0.051823416506717866,False
TGGACTGAGTATGC-1,0,0.051823416506717866,False
TGGAGACTATCAGC-1,1,0.039934800325998374,False
TGGAGACTGAAACA-1,0,0.028263795423956937,False
TGGAGACTTCAAGC-1,0,0.031161473087818706,False
TGGAGACTTGACCA-1,2,0.04911955514365154,False
TGGAGGGACGGAGA-1,1,0.03437967115097159,False
TGGAGGGAGCTATG-1,0,0.03797468354430379,False
TGGATCGATAAAGG-1,0,0.051823416506717866,False
TGGATGTGACCTAG-1,3,0.022142429682824656,False
TGGATGTGATGTCG-1,2,0.013972055888223553,False
TGGATGTGTGAAGA-1,3,0.031161473087818706,False
TGGATTCTCATACG-1,2,0.12977099236641218,False
TGGCAATGCTTGTT-1,3,0.018141836173721827,False
TGGCAATGGAGGGT-1,2,0.04911955514365154,False
TGGCACCTTCACGA-1,0,0.04911955514365154,False
TGGCACCTTCAGTG-1,1,0.025641025641025644,False
TGGGTATGAAGAGT-1,0,0.09523809523809527,False
TGGGTATGCACAAC-1,0,0.07790549169859513,False
TGGGTATGGTACGT-1,3,0.1914893617021276,False
TGGGTATGTTTGGG-1,1,0.04423243712055507,False
TGGTAGACATGCCA-1,0,0.04423243712055507,False
TGGTAGACCCTCAC-1,2,0.039934800325998374,False
TGGTAGACCTGATG-1,0,0.06487695749440714,False
TGGTAGTGCACTGA-1,1,0.023255813953488372,False
TGGTATCTAAACAG-1,0,0.04201680672268908,False
TGGTATCTCTTCCG-1,0,0.028263795423956937,False
TGGTCAGACCCAAA-1,0,0.013972055888223553,False
TGGTCAGACCGTTC-1,2,0.03272727272727273,False
TGGTTACTGACGTT-1,1,0.029675638371290544,False
TGGTTACTGTTCTT-1,0,0.0731707317073171,False
TGTAACCTAGAGGC-1,0,0.08310991957104558,False
TGTAACCTTGCCTC-1,1,0.03272727272727273,False
TGTAATGACACAAC-1,2,0.023255813953488372,False
TGTAATGAGGTAAA-1,2,0.24503311258278151,False
TGTACTTGCTCTAT-1,4,0.012512030798845043,False
TGTAGGTGCGAGAG-1,3,0.024420788979336257,False
TGTAGGTGCTATGG-1,0,0.06122448979591838,False
TGTAGGTGCTCTAT-1,5,0.09523809523809527,False
TGTAGGTGTGCTGA-1,0,0.04201680672268908,False
TGTAGTCTTCCAGA-1,0,0.06122448979591838,False
TGTAGTCTTGCACA-1,2,0.03797468354430379,False
TGTATCTGTTAGGC-1,0,0.05785123966942148,False
TGTATGCTCATGGT-1,3,0.013972055888223553,False
TGTATGCTGTAGGG-1,0,0.15555555555555556,False
TGTATGCTTTCATC-1,0,0.06487695749440714,False
TGTCAGGAATACCG-1,0,0.03437967115097159,False
TGTCAGGAGATGAA-1,4,0.039934800325998374,False
TGTCTAACCCCTTG-1,0,0.04423243712055507,False
TGTGACGATTCTCA-1,2,0.14168377823408632,False
TGTGAGACTGTCAG-1,4,0.028263795423956937,False
TGTGAGACTTGAGC-1,0,0.04659498207885305,False
TGTGAGTGACCACA-1,0,0.05472636815920398,False
TGTGAGTGAGTGCT-1,4,0.039934800325998374,False
TGTGAGTGGAGATA-1,2,0.022142429682824656,False
TGTGATCTCTCTAT-1,3,0.06884480746791133,False
TGTGATCTGACACT-1,2,0.09523809523809527,False
TGTGGATGGCCAAT-1,3,0.02005730659025788,False
TGTTAAGACAAAGA-1,1,0.02005730659025788,False
TGTTAAGATAAGGA-1,1,0.039934800325998374,False
TGTTAAGATTGGCA-1,1,0.011820330969267141,False
TGTTACACCGCATA-1,4,0.031161473087818706,False
TGTTACACGACTAC-1,4,0.03797468354430379,False
TGTTACTGGCTACA-1,2,0.06487695749440714,False
TGTTACTGTAGTCG-1,2,0.03272727272727273,False
TTAACCACCGTAAC-1,0,0.08310991957104558,False
TTAACCACTAAGGA-1,2,0.06487695749440714,False
TTAACCACTCAGAC-1,2,0.021077283372365346,False
TTACACACGTGTTG-1,0,0.09523809523809527,False
TTACACACTCCTAT-1,0,0.025641025641025644,False
TTACCATGAATCGC-1,1,0.021077283372365346,False
TTACCATGGTTGAC-1,0,0.09523809523809527,False
TTACCATGTGTCTT-1,0,0.08885754583921016,False
TTACCATGTTGTGG-1,3,0.01637612255678817,False
TTACGACTGAGAGC-1,0,0.10236220472440943,False
TTACGACTTGACAC-1,1,0.018141836173721827,False
TTACGTACGTTCAG-1,6,0.0731707317073171,False
TTACTCGAACGTTG-1,7,0.14168377823408632,False
TTACTCGAAGAATG-1,1,0.03272727272727273,False
TTACTCGACGCAAT-1,5,0.08885754583921016,False
TTACTCGAGGGTGA-1,0,0.0731707317073171,False
TTACTCGATCTACT-1,2,0.012512030798845043,False
TTAGAATGTGGTGT-1,0,0.04423243712055507,False
TTAGAATGTGTAGC-1,0,0.04659498207885305,False
TTAGACCTCCTACC-1,0,0.03437967115097159,False
TTAGACCTCCTTTA-1,1,0.04659498207885305,False
TTAGCTACAACCGT-1,0,0.11942959001782533,False
TTAGCTACTGTCCC-1,1,0.01637612255678817,False
TTAGCTACTTTCGT-1,0,0.10236220472440943,False
TTAGGGACGCGAAG-1,2,0.03272727272727273,False
TTAGGGTGCTGGAT-1,3,0.028263795423956937,False
TTAGGGTGTCCTGC-1,1,0.04911955514365154,False
TTAGGTCTACTTTC-1,1,0.02692055154300722,False
TTAGTCACCAGTTG-1,0,0.06884480746791133,False
TTAGTCTGAAAGCA-1,3,0.05785123966942148,False
TTAGTCTGCCAACA-1,2,0.013228809407153359,False
TTAGTCTGTGCACA-1,0,0.09523809523809527,False
TTATCCGACTAGTG-1,3,0.03437967115097159,False
TTATCCGAGAAAGT-1,1,0.0731707317073171,False
TTATGAGAGATAAG-1,0,0.09523809523809527,False
TTATGCACGTCACA-1,3,0.012512030798845043,False
TTATGGCTTATGGC-1,5,0.08885754583921016,False
TTATTCCTATGCTG-1,1,0.04423243712055507,False
TTATTCCTGGACAG-1,3,0.21533923303834804,False
TTATTCCTGGTACT-1,3,0.031161473087818706,False
TTATTCCTTCGTGA-1,0,0.09523809523809527,False
TTCAAAGATAAAGG-1,2,0.14168377823408632,False
TTCAACACAACAGA-1,0,0.031161473087818706,False
TTCAACACCCCAAA-1,1,0.051823416506717866,False
TTCAACACGGACGA-1,4,0.024420788979336257,False
TTCAAGCTAAGAAC-1,1,0.04201680672268908,False
TTCAAGCTAGATGA-1,0,0.08310991957104558,False
TTCAAGCTGTTGAC-1,0,0.07790549169859513,False
TTCAAGCTTCCAAG-1,0,0.036126056879323604,False
TTCAAGCTTGATGC-1,0,0.039934800325998374,False
TTCAAGCTTTCGCC-1,0,0.06122448979591838,False
TTCACAACCCGTTC-1,1,0.04659498207885305,False
TTCACAACGTCTGA-1,4,0.01637612255678817,False
TTCAGACTACCCAA-1,0,0.03437967115097159,False
TTCAGACTCTCGAA-1,0,0.06487695749440714,False
TTCAGTACCGACTA-1,0,0.03797468354430379,False
TTCAGTACTCAAGC-1,0,0.08310991957104558,False
TTCAGTACTCCTAT-1,1,0.01637612255678817,False
TTCAGTTGCCAAGT-1,0,0.03272727272727273,False
TTCAGTTGTCCTTA-1,5,0.11942959001782533,False
TTCAGTTGTCTAGG-1,0,0.21533923303834804,False
TTCAGTTGTCTCGC-1,3,0.5064935064935057,True
TTCATCGAGGTGGA-1,1,0.031161473087818706,False
TTCATGTGTGGTGT-1,0,0.04423243712055507,False
TTCATTCTATGTCG-1,1,0.05472636815920398,False
TTCATTCTTCTCTA-1,0,0.06487695749440714,False
TTCCAAACCTATGG-1,1,0.08885754583921016,False
TTCCAAACCTCCCA-1,3,0.04911955514365154,False
TTCCAAACTCCCAC-1,2,0.014743263853584135,False
TTCCAAACTTGACG-1,2,0.03437967115097159,False
TTCCATGACGAGAG-1,1,0.029675638371290544,False
TTCCATGACTGTCC-1,0,0.15555555555555556,False
TTCCCACTTGAGGG-1,2,0.029675638371290544,False
TTCCCACTTGTCTT-1,1,0.07790549169859513,False
TTCCTAGAAAGTGA-1,0,0.03797468354430379,False
TTCCTAGACTAGTG-1,4,0.029675638371290544,False
TTCGAGGACTCTAT-1,0,0.08310991957104558,False
TTCGAGGAGGGCAA-1,0,0.05472636815920398,False
TTCGAGGATAGAAG-1,4,0.2830188679245281,True
TTCGATTGAGCATC-1,0,0.04659498207885305,False
TTCGGAGAATGCCA-1,1,0.019079685746352413,False
TTCGGAGATGTGCA-1,0,0.07790549169859513,False
TTCGTATGAAAAGC-1,2,0.023255813953488372,False
TTCGTATGGATAGA-1,2,0.028263795423956937,False
TTCGTATGGTCTGA-1,0,0.06487695749440714,False
TTCGTATGTCCTTA-1,1,0.04201680672268908,False
TTCTACGAACGTAC-1,0,0.07790549169859513,False
TTCTACGAGTTGGT-1,0,0.03797468354430379,False
TTCTAGTGACACGT-1,0,0.08885754583921016,False
TTCTAGTGCATGAC-1,1,0.029675638371290544,False
TTCTAGTGGAGAGC-1,2,0.0731707317073171,False
TTCTAGTGGTCACA-1,4,0.05785123966942148,False
TTCTCAGAAGAGAT-1,0,0.06487695749440714,False
TTCTCAGAAGCATC-1,3,0.011820330969267141,False
TTCTCAGATGGAGG-1,0,0.028263795423956937,False
TTCTGATGGAGACG-1,2,0.011820330969267141,False
TTCTTACTCTGGAT-1,4,0.01637612255678817,False
TTGAACCTCCTTGC-1,3,0.011820330969267141,False
TTGAATGAACTACG-1,4,0.08310991957104558,False
TTGAATGACTTACT-1,0,0.04423243712055507,False
TTGAATGATCTCAT-1,3,0.03797468354430379,False
TTGACACTCTGTAG-1,0,0.031161473087818706,False
TTGACACTGATAAG-1,3,0.021077283372365346,False
TTGAGGACAGAACA-1,1,0.039934800325998374,False
TTGAGGACTACGCA-1,5,0.0731707317073171,False
TTGAGGTGGACGGA-1,0,0.09523809523809527,False
TTGCATTGAGCTAC-1,2,0.025641025641025644,False
TTGCATTGCTAAGC-1,1,0.03797468354430379,False
TTGCATTGTGACTG-1,0,0.04911955514365154,False
TTGCTAACACCAAC-1,2,0.06487695749440714,False
TTGCTAACACGCTA-1,4,0.039934800325998374,False
TTGCTAACCACTCC-1,0,0.039934800325998374,False
TTGCTATGGTACGT-1,1,0.024420788979336257,False
TTGCTATGGTAGGG-1,4,0.06122448979591838,False
TTGGAGACCAATCG-1,0,0.12977099236641218,False
TTGGAGACGCTATG-1,1,0.019079685746352413,False
TTGGAGACTATGGC-1,3,0.04659498207885305,False
TTGGGAACTGAACC-1,0,0.06122448979591838,False
TTGGTACTACTGGT-1,1,0.11036789297658862,False
TTGGTACTCTTAGG-1,0,0.022142429682824656,False
TTGGTACTGAATCC-1,3,0.018141836173721827,False
TTGGTACTGGATTC-1,3,0.013228809407153359,False
TTGTACACGTTGTG-1,3,0.01637612255678817,False
TTGTACACTTGCAG-1,0,0.08310991957104558,False
TTGTAGCTAGCTCA-1,0,0.09523809523809527,False
TTGTAGCTCTCTTA-1,3,0.2830188679245281,True
TTGTCATGGACGGA-1,2,0.014743263853584135,False
TTTAGAGATCCTCG-1,3,0.03437967115097159,False
TTTAGCTGATACCG-1,0,0.05472636815920398,False
TTTAGCTGGATACC-1,1,0.028263795423956937,False
TTTAGCTGTACTCT-1,5,0.2830188679245281,True
TTTAGGCTCCTTTA-1,1,0.018141836173721827,False
TTTATCCTGTTGTG-1,4,0.028263795423956937,False
TTTCACGAGGTTCA-1,0,0.051823416506717866,False
TTTCAGTGGAAGGC-1,2,0.09523809523809527,False
TTTCAGTGTCACGA-1,3,0.01724137931034483,False
TTTCAGTGTCTATC-1,1,0.025641025641025644,False
TTTCAGTGTGCAGT-1,3,0.015544041450777207,False
TTTCCAGAGGTGAG-1,0,0.06487695749440714,False
TTTCGAACACCTGA-1,5,0.24503311258278151,False
TTTCGAACTCTCAT-1,1,0.04659498207885305,False
TTTCTACTGAGGCA-1,3,0.09523809523809527,False
TTTCTACTTCCTCG-1,3,0.011152416356877323,False
TTTGCATGAGAGGC-1,3,0.013972055888223553,False
TTTGCATGCCTCAC-1,0,0.051823416506717866,False
